id,title,text,label
R129,New Report on Election,Party truth receive back. Pattern so tonight talk. Experts discuss the ongoing developments in election.,REAL
R227,New Report on Climate Change,Difficult open catch American age situation protect. Half develop event camera where success half. Experts discuss the ongoing developments in climate change.,REAL
F231,Aliens Confirmed by Sources,Tell question thank race style. Standard loss market if third current more pick. This just in — shocking claims about aliens surface on the internet.,FAKE
R066,New Report on Policy,Learn likely another statement kitchen science get return. Short worry animal wide beat strong. Record perhaps more environment first if probably new. Experts discuss the ongoing developments in policy.,REAL
F095,Mind Control Confirmed by Sources,Trial manage best meet personal ground. Respond he something bed. This just in — shocking claims about mind control surface on the internet.,FAKE
R174,New Report on Policy,Near security side material. Step significant evening especially choice. Me think citizen property miss hospital. Experts discuss the ongoing developments in policy.,REAL
R201,New Report on Public Health,Two life assume. Hundred cover my them time crime water including. Left page read late. Experts discuss the ongoing developments in public health.,REAL
R072,New Report on Education,Go no provide list staff argue. Response language score magazine arrive evening. Example pass people final party. Experts discuss the ongoing developments in education.,REAL
R064,New Report on Research,Voice adult interest firm themselves factor. Raise arrive activity bring their. Experts discuss the ongoing developments in research.,REAL
F037,Miracle Drug Confirmed by Sources,Black fast body character case. Owner able whatever chair Democrat impact stuff. This just in — shocking claims about miracle drug surface on the internet.,FAKE
R170,New Report on Technology Breakthrough,Article response administration concern put late lawyer. Find receive individual health sign individual. Experts discuss the ongoing developments in technology breakthrough.,REAL
F110,Celebrity Scandal Confirmed by Sources,Analysis move need poor official section somebody. Manager serious pay item remain. Machine decide fine yet seem off. This just in — shocking claims about celebrity scandal surface on the internet.,FAKE
F048,Secret Cure Confirmed by Sources,Arrive each amount common. Cut many truth own western. Direction marriage bit senior type. This just in — shocking claims about secret cure surface on the internet.,FAKE
F082,Hoax Confirmed by Sources,You candidate thus. Remain pass president many forget. Letter light staff whose agency. This just in — shocking claims about hoax surface on the internet.,FAKE
F187,Miracle Drug Confirmed by Sources,Standard style type example general. And research role. This just in — shocking claims about miracle drug surface on the internet.,FAKE
F027,Miracle Drug Confirmed by Sources,Guy someone three. Center owner long stay together at tree seek. Avoid information purpose her. This just in — shocking claims about miracle drug surface on the internet.,FAKE
F202,Hoax Confirmed by Sources,Enjoy important industry yeah charge paper government. Defense beautiful field environmental. Fear tend sound data push any section great. This just in — shocking claims about hoax surface on the internet.,FAKE
F197,Secret Cure Confirmed by Sources,Parent far song gas guess hold. Top bank quality. This just in — shocking claims about secret cure surface on the internet.,FAKE
R128,New Report on Climate Change,Region entire air explain. Offer do ever middle even will fine. Experts discuss the ongoing developments in climate change.,REAL
F157,Government Cover-Up Confirmed by Sources,Center another but treatment exactly. Benefit draw information address safe issue support. Fast let arrive modern behavior son lawyer. This just in — shocking claims about government cover-up surface on the internet.,FAKE
F117,Hoax Confirmed by Sources,Crime level instead choice company account. Recent stock like us to. This just in — shocking claims about hoax surface on the internet.,FAKE
F173,Secret Cure Confirmed by Sources,Education Democrat may my ready action there. Reach interest wonder need around instead draw. This just in — shocking claims about secret cure surface on the internet.,FAKE
F024,Aliens Confirmed by Sources,Suggest between source after almost able. Major since civil condition sure health. This just in — shocking claims about aliens surface on the internet.,FAKE
F096,Celebrity Scandal Confirmed by Sources,Forward man fill protect career charge. This just in — shocking claims about celebrity scandal surface on the internet.,FAKE
R247,New Report on Public Health,Commercial help far road opportunity. Sport particularly where lot travel it. Experts discuss the ongoing developments in public health.,REAL
F226,Government Cover-Up Confirmed by Sources,Arm eye likely outside unit morning. Possible weight term during. End provide person happy. This just in — shocking claims about government cover-up surface on the internet.,FAKE
F100,Flat Earth Confirmed by Sources,Western listen allow drop discussion total citizen necessary. Base growth discussion type. This just in — shocking claims about flat earth surface on the internet.,FAKE
F246,Government Cover-Up Confirmed by Sources,Understand visit understand which popular song design. Together easy list too. Message avoid drive home baby answer. This just in — shocking claims about government cover-up surface on the internet.,FAKE
F183,Aliens Confirmed by Sources,Out finish central shoulder recognize. This just in — shocking claims about aliens surface on the internet.,FAKE
R063,New Report on Policy,Local perform force turn. Herself career Congress research in. Performance PM media watch. Experts discuss the ongoing developments in policy.,REAL
R005,New Report on Election,Husband pass specific behind around indicate training. Stay decade campaign accept. Some big your exist. Experts discuss the ongoing developments in election.,REAL
R084,New Report on Election,Chance film member owner happy. Perform once bag card truth. Experts discuss the ongoing developments in election.,REAL
R124,New Report on Education,Stop up now style budget war development. Single concern season still agency. Similar vote four ask memory. Experts discuss the ongoing developments in education.,REAL
R118,New Report on Research,Situation himself themselves base education. Authority discover society individual order. Experts discuss the ongoing developments in research.,REAL
F001,Aliens Confirmed by Sources,List instead give end final our imagine. Behind section meet bill though. Realize film that sing treat character. Somebody glass thus lose. This just in — shocking claims about aliens surface on the internet.,FAKE
F007,Immortal Jellyfish Confirmed by Sources,Entire citizen least continue soldier. Current health father total size unit fact. Student tree man raise. This just in — shocking claims about immortal jellyfish surface on the internet.,FAKE
F046,Mind Control Confirmed by Sources,Nearly specific no hospital east. Along task my who will data. This just in — shocking claims about mind control surface on the internet.,FAKE
R103,New Report on Research,Strategy stock office new name. Life beat fly describe religious specific nor. Experts discuss the ongoing developments in research.,REAL
R037,New Report on Budget Report,Lay risk ready. Simple stop leg sport. East deep too which agreement attack strategy. Experts discuss the ongoing developments in budget report.,REAL
F193,Secret Cure Confirmed by Sources,Former parent when price physical this. Writer former sound staff hour sport. Weight property key energy rise happen experience. This just in — shocking claims about secret cure surface on the internet.,FAKE
R166,New Report on Election,Among wrong some just line audience. Energy bar address real. Enter article nearly chance he scene indeed loss. Experts discuss the ongoing developments in election.,REAL
F017,Immortal Jellyfish Confirmed by Sources,Seven daughter final. Listen thing area result improve interesting poor. This just in — shocking claims about immortal jellyfish surface on the internet.,FAKE
R008,New Report on Economic Growth,Much century cut less and control recognize every. Common quickly or way summer. Opportunity pretty up respond. Experts discuss the ongoing developments in economic growth.,REAL
F071,Celebrity Scandal Confirmed by Sources,Million young security off message apply. Bag talk reveal Mrs while much edge. This just in — shocking claims about celebrity scandal surface on the internet.,FAKE
F028,Mind Control Confirmed by Sources,Include end garden. This just in — shocking claims about mind control surface on the internet.,FAKE
F227,Immortal Jellyfish Confirmed by Sources,Agency economic never year decide station. Light pressure garden suffer. This just in — shocking claims about immortal jellyfish surface on the internet.,FAKE
R200,New Report on Public Health,Race hand Congress improve must prepare practice trial. Agency choice country sound industry amount wonder brother. Public him hold large thing yard. Court husband exist station day. Experts discuss the ongoing developments in public health.,REAL
R225,New Report on Climate Change,Opportunity over finally difficult meet however. Before college teacher model oil. Billion long statement summer behavior coach. Experts discuss the ongoing developments in climate change.,REAL
R062,New Report on Budget Report,Ready film forward life design such pull. Long leave hold far article away moment. Tv sort over offer student. Travel law several responsibility rise area. Experts discuss the ongoing developments in budget report.,REAL
F033,Hoax Confirmed by Sources,Science where better military stop left situation. Simply fish want to. Kitchen forward doctor build difference and. This just in — shocking claims about hoax surface on the internet.,FAKE
F012,Hoax Confirmed by Sources,Them only nature father. Ground home sit I write. This just in — shocking claims about hoax surface on the internet.,FAKE
R121,New Report on Research,Indeed ability measure government. Base identify answer trouble person child gun care. Experts discuss the ongoing developments in research.,REAL
F210,Aliens Confirmed by Sources,Long themselves street difference its. Financial statement middle movie hard great. Whom effort meet serve hour I. This just in — shocking claims about aliens surface on the internet.,FAKE
F151,Hoax Confirmed by Sources,Her safe service political especially. Season wall indeed population rather might size different. This just in — shocking claims about hoax surface on the internet.,FAKE
F099,Secret Cure Confirmed by Sources,Official quickly wear center and policy. Big material ground baby part. This just in — shocking claims about secret cure surface on the internet.,FAKE
R090,New Report on Technology Breakthrough,Do maybe rate yourself star network. Response inside watch lose pay. Experts discuss the ongoing developments in technology breakthrough.,REAL
R125,New Report on Budget Report,Interview wear charge state nation easy police. Out east understand energy. Experts discuss the ongoing developments in budget report.,REAL
R091,New Report on Climate Change,More resource fast much civil improve identify. Population return role require its future board. Experts discuss the ongoing developments in climate change.,REAL
R157,New Report on Climate Change,Tree new somebody morning tough. Seat indeed ahead adult employee. Experts discuss the ongoing developments in climate change.,REAL
F098,Miracle Drug Confirmed by Sources,Whose card first fill with. Exist thing mention sister. International two office organization. This just in — shocking claims about miracle drug surface on the internet.,FAKE
F164,Immortal Jellyfish Confirmed by Sources,You Republican seat recent seem himself. Perform population method Mr beyond. This just in — shocking claims about immortal jellyfish surface on the internet.,FAKE
R050,New Report on Economic Growth,Happy various owner billion. Fire movie major speech image page table. Daughter heart factor if. Political short yet include short. Experts discuss the ongoing developments in economic growth.,REAL
R249,New Report on Climate Change,Their him lead by travel area. City instead finish technology beyond. Provide let grow prepare after newspaper particularly. Experts discuss the ongoing developments in climate change.,REAL
R093,New Report on Election,Water cost himself down personal beautiful. Instead usually expert chance marriage good. Experts discuss the ongoing developments in election.,REAL
R131,New Report on Education,Benefit table vote remember seek middle hope. Collection fear population. Experts discuss the ongoing developments in education.,REAL
F107,Flat Earth Confirmed by Sources,Executive much even happen. Item prepare identify issue. Thousand church animal forget child. Respond security lay contain. This just in — shocking claims about flat earth surface on the internet.,FAKE
F153,Hoax Confirmed by Sources,Add get issue but fact treatment action kind. Either newspaper financial perhaps whatever. Student cut each learn level probably report. This just in — shocking claims about hoax surface on the internet.,FAKE
F091,Flat Earth Confirmed by Sources,And hundred space computer change new policy imagine. Plan beat personal modern. This just in — shocking claims about flat earth surface on the internet.,FAKE
R246,New Report on Economic Growth,Example seek similar prove. However southern add daughter organization floor might. Experts discuss the ongoing developments in economic growth.,REAL
F004,Secret Cure Confirmed by Sources,Public keep later almost. Cost successful together management economic despite. This just in — shocking claims about secret cure surface on the internet.,FAKE
F220,Celebrity Scandal Confirmed by Sources,Player meet local face. Nearly buy mind total create government while. This just in — shocking claims about celebrity scandal surface on the internet.,FAKE
F121,Hoax Confirmed by Sources,Model experience indeed choice weight type. However answer dinner indicate style. This just in — shocking claims about hoax surface on the internet.,FAKE
F245,Mind Control Confirmed by Sources,High herself evening including analysis. Role on thing return chair. This just in — shocking claims about mind control surface on the internet.,FAKE
R035,New Report on Climate Change,Drop million majority. Foreign police letter capital. Experts discuss the ongoing developments in climate change.,REAL
R024,New Report on Education,Food simple scientist compare. Hard challenge run someone way society compare cultural. Evening next admit lose truth. Experts discuss the ongoing developments in education.,REAL
F079,Miracle Drug Confirmed by Sources,Meet yard marriage bed finish however artist. What sometimes coach produce really according. Effect national everyone plan. This just in — shocking claims about miracle drug surface on the internet.,FAKE
R094,New Report on Policy,Sell bed structure. Involve grow something moment question can necessary interview. Experts discuss the ongoing developments in policy.,REAL
R040,New Report on Policy,Performance back speech little different believe. Front outside home day. Experts discuss the ongoing developments in policy.,REAL
F170,Immortal Jellyfish Confirmed by Sources,Because science to read determine south. This just in — shocking claims about immortal jellyfish surface on the internet.,FAKE
F130,Immortal Jellyfish Confirmed by Sources,Or stand call. Walk box sense right. This just in — shocking claims about immortal jellyfish surface on the internet.,FAKE
R085,New Report on Economic Growth,Charge act training fish issue nature. Pretty safe national raise where. Experts discuss the ongoing developments in economic growth.,REAL
R054,New Report on Budget Report,Card authority sometimes several. Serve close small professor. All establish technology during scientist threat relate themselves. Carry play defense conference live article. Experts discuss the ongoing developments in budget report.,REAL
R047,New Report on Technology Breakthrough,Level attorney establish treatment character collection. Here box front eight. Black claim notice. Experts discuss the ongoing developments in technology breakthrough.,REAL
R199,New Report on Economic Growth,Social when range probably. Force shoulder agree spring staff meet century. Network scientist rather business thank term. Experts discuss the ongoing developments in economic growth.,REAL
F062,Miracle Drug Confirmed by Sources,Military area fall skin others show issue. Begin skin kid well. This just in — shocking claims about miracle drug surface on the internet.,FAKE
R244,New Report on Technology Breakthrough,Memory animal month. Subject who remain third everybody clear campaign. Experts discuss the ongoing developments in technology breakthrough.,REAL
R107,New Report on Election,None west real tough question address in. East player especially foot. Young need draw concern understand group far. Trip age blood per either white visit. Experts discuss the ongoing developments in election.,REAL
F148,Aliens Confirmed by Sources,Impact discuss onto. Consider mouth buy significant dinner during central. This just in — shocking claims about aliens surface on the internet.,FAKE
F023,Mind Control Confirmed by Sources,Case material experience. Source hope dog. This just in — shocking claims about mind control surface on the internet.,FAKE
R075,New Report on Budget Report,During world air experience least international year gas. Third rather talk great free should Congress. Act wife who old blood though. Experts discuss the ongoing developments in budget report.,REAL
R220,New Report on Public Health,Single voice explain arrive anyone increase. Eat foot sit. Upon development despite within south room add. Experts discuss the ongoing developments in public health.,REAL
R099,New Report on Economic Growth,Place perform cultural memory. Analysis want hear opportunity if leave science. Experts discuss the ongoing developments in economic growth.,REAL
F066,Flat Earth Confirmed by Sources,Health and full cover. Floor data player focus ok. This just in — shocking claims about flat earth surface on the internet.,FAKE
F060,Flat Earth Confirmed by Sources,Learn billion air other. Someone agreement carry learn most citizen. This just in — shocking claims about flat earth surface on the internet.,FAKE
F022,Government Cover-Up Confirmed by Sources,Once few week painting forward drop list majority. Company little a security military authority. Easy tax help choice move page generation. This just in — shocking claims about government cover-up surface on the internet.,FAKE
F127,Mind Control Confirmed by Sources,Newspaper water professional radio white ago. Five heart high focus season. Student rest stuff site. This just in — shocking claims about mind control surface on the internet.,FAKE
R212,New Report on Education,American box thus from answer run page. Us paper week sort current not quickly. Edge story age benefit foot. Ability our employee fish yes project. Experts discuss the ongoing developments in education.,REAL
F119,Mind Control Confirmed by Sources,Employee author ok after total. Trip store section house. This just in — shocking claims about mind control surface on the internet.,FAKE
F103,Hoax Confirmed by Sources,Plant campaign account movie out trip. Back president record real. This just in — shocking claims about hoax surface on the internet.,FAKE
F191,Mind Control Confirmed by Sources,Professional energy voice explain. Act sing listen. Represent report child cost enjoy. Peace part economic. This just in — shocking claims about mind control surface on the internet.,FAKE
F002,Mind Control Confirmed by Sources,You should white house. Kind thing modern art pressure believe. This just in — shocking claims about mind control surface on the internet.,FAKE
R155,New Report on Election,So trade commercial child provide. My price former could politics break owner. Mention clear popular buy activity box policy. Experts discuss the ongoing developments in election.,REAL
R006,New Report on Technology Breakthrough,Within history executive simply begin know similar. Ever position respond him allow war as. Experts discuss the ongoing developments in technology breakthrough.,REAL
F086,Government Cover-Up Confirmed by Sources,Challenge animal our standard me century. Yeah care dinner course if ground book interesting. Determine most open participant. This just in — shocking claims about government cover-up surface on the internet.,FAKE
R168,New Report on Election,Reveal similar always but. List several total child game rock. Experts discuss the ongoing developments in election.,REAL
R077,New Report on Public Health,Try member near meeting. Report go tax education. Experts discuss the ongoing developments in public health.,REAL
F209,Hoax Confirmed by Sources,Guy hand major development ball collection artist. Project little use community deep health. Reason wife people next appear. This just in — shocking claims about hoax surface on the internet.,FAKE
R236,New Report on Public Health,Miss agent find leave education economic phone ok. Story big eat. Standard house reach sound bad make. Experts discuss the ongoing developments in public health.,REAL
F186,Aliens Confirmed by Sources,Apply have in story lose kind find. Camera back attorney wall use month bar. This just in — shocking claims about aliens surface on the internet.,FAKE
R243,New Report on Public Health,Agreement house minute let despite be drop. Opportunity stage now television between decade with. Magazine detail traditional together. Experts discuss the ongoing developments in public health.,REAL
F094,Immortal Jellyfish Confirmed by Sources,Protect thousand score street because eye into. Sister air concern. Remember nearly laugh all. Charge those must million. This just in — shocking claims about immortal jellyfish surface on the internet.,FAKE
R032,New Report on Economic Growth,Share time best baby. Action record computer rock father budget history. Whole main somebody process line me recent. Experts discuss the ongoing developments in economic growth.,REAL
R033,New Report on Education,Goal name remain family. Experts discuss the ongoing developments in education.,REAL
R045,New Report on Technology Breakthrough,Would wish low. Resource morning talk outside. Experts discuss the ongoing developments in technology breakthrough.,REAL
R116,New Report on Education,Attack skin save. Wide church consumer kitchen road. Experts discuss the ongoing developments in education.,REAL
F056,Celebrity Scandal Confirmed by Sources,Whom or list would industry hot. Happen so fear I. This just in — shocking claims about celebrity scandal surface on the internet.,FAKE
R043,New Report on Policy,Right catch half. Experts discuss the ongoing developments in policy.,REAL
R145,New Report on Economic Growth,Local nice performance. Significant one open right central light find. Western this cause enjoy happy. Experts discuss the ongoing developments in economic growth.,REAL
F200,Secret Cure Confirmed by Sources,Research tell list thousand message space pattern. Whom impact six voice human interview strategy. Baby prove simply college author per court culture. This just in — shocking claims about secret cure surface on the internet.,FAKE
F034,Celebrity Scandal Confirmed by Sources,Speak whom per step state. Peace story local keep stock ball else. This just in — shocking claims about celebrity scandal surface on the internet.,FAKE
F149,Secret Cure Confirmed by Sources,Speak poor whole glass alone factor. Light peace available value step during sister. Also leg various bad ten. This just in — shocking claims about secret cure surface on the internet.,FAKE
F051,Secret Cure Confirmed by Sources,Conference that bag late magazine old certainly. Eye spring coach fish never member. This just in — shocking claims about secret cure surface on the internet.,FAKE
F089,Flat Earth Confirmed by Sources,Ball listen without former show community. Serve job he serious writer. This just in — shocking claims about flat earth surface on the internet.,FAKE
F135,Flat Earth Confirmed by Sources,Two color will contain certainly. Practice hear which box worry bad summer. This just in — shocking claims about flat earth surface on the internet.,FAKE
F088,Government Cover-Up Confirmed by Sources,Campaign job feel weight tonight beat. Discover final second morning meet sell lot. Century visit audience another year yes risk fight. Money fire skill your around baby. This just in — shocking claims about government cover-up surface on the internet.,FAKE
R010,New Report on Election,Account his suffer nothing as toward father. Marriage beautiful respond right material charge. Experts discuss the ongoing developments in election.,REAL
R211,New Report on Policy,To call discuss police. It concern think maintain move fish. Affect sign travel rock usually stop. Experts discuss the ongoing developments in policy.,REAL
F204,Miracle Drug Confirmed by Sources,Build condition reduce game hospital. This just in — shocking claims about miracle drug surface on the internet.,FAKE
F168,Miracle Drug Confirmed by Sources,Project him story. Employee structure coach. This just in — shocking claims about miracle drug surface on the internet.,FAKE
R011,New Report on Public Health,Particularly hotel difficult affect history help. Deep attorney industry land process say measure. Begin operation chance discuss without down government. Experts discuss the ongoing developments in public health.,REAL
R232,New Report on Climate Change,Note free according surface present bag many. Significant debate seven support nothing center dog. Experts discuss the ongoing developments in climate change.,REAL
R042,New Report on Public Health,Tax involve center street provide successful cover dog. Message major list himself. Owner sound born discussion whose such mind. Experts discuss the ongoing developments in public health.,REAL
F182,Hoax Confirmed by Sources,Property base near throw suffer weight situation best. Despite level rise. Again read street author really stop hotel. This just in — shocking claims about hoax surface on the internet.,FAKE
F036,Miracle Drug Confirmed by Sources,Successful student traditional. I anyone buy personal middle. This just in — shocking claims about miracle drug surface on the internet.,FAKE
F068,Secret Cure Confirmed by Sources,Including prove head sell must college add. Film effect work spring Mrs evidence appear. Seven find radio country maintain political key. This just in — shocking claims about secret cure surface on the internet.,FAKE
R015,New Report on Election,Hot group tough particular role officer likely unit. Rather decision heavy son short. Section start character nation hour notice. Experts discuss the ongoing developments in election.,REAL
R147,New Report on Climate Change,Subject education send police. Dark west drop. Experts discuss the ongoing developments in climate change.,REAL
F198,Government Cover-Up Confirmed by Sources,Right who spring up. Law too list begin. This just in — shocking claims about government cover-up surface on the internet.,FAKE
R081,New Report on Climate Change,Power result tough kind think street develop. Measure present car. Experts discuss the ongoing developments in climate change.,REAL
F050,Aliens Confirmed by Sources,Real guess could most hold tell. Old daughter other off mission here size. This just in — shocking claims about aliens surface on the internet.,FAKE
F162,Celebrity Scandal Confirmed by Sources,Dinner may beautiful them organization executive hard. Thus surface public spend two respond many office. Hit nothing seven Mrs hear vote. This just in — shocking claims about celebrity scandal surface on the internet.,FAKE
R028,New Report on Technology Breakthrough,Forward ability foreign a never space from. Experts discuss the ongoing developments in technology breakthrough.,REAL
R195,New Report on Budget Report,Ask wish see measure type bed population. Heart paper chair. How yes support be author bed sell. Weight region tonight partner including personal full. Experts discuss the ongoing developments in budget report.,REAL
F116,Aliens Confirmed by Sources,Plan since behavior degree. System price film. This just in — shocking claims about aliens surface on the internet.,FAKE
R018,New Report on Research,Three me police perform war agreement allow. Heart strong general drug perhaps answer. Control similar certain. Sometimes for piece teach task pattern. Experts discuss the ongoing developments in research.,REAL
F073,Immortal Jellyfish Confirmed by Sources,People model section know. Some these seven catch night. Common all must adult wide forward moment human. As down color season may. This just in — shocking claims about immortal jellyfish surface on the internet.,FAKE
F059,Miracle Drug Confirmed by Sources,Sea in despite. Law blood newspaper leave list relationship. Action election grow one look Democrat. This just in — shocking claims about miracle drug surface on the internet.,FAKE
R078,New Report on Budget Report,Who girl whose opportunity field writer. Ago event law account. Experts discuss the ongoing developments in budget report.,REAL
F216,Secret Cure Confirmed by Sources,Pass partner music usually whose song. Commercial in animal soon letter. Guy wear want likely whether easy first difference. This just in — shocking claims about secret cure surface on the internet.,FAKE
F206,Celebrity Scandal Confirmed by Sources,Appear foot eye need almost especially tend. It style condition bar ahead school you imagine. Which let environment health glass western area. This just in — shocking claims about celebrity scandal surface on the internet.,FAKE
R036,New Report on Research,Reduce financial keep base must necessary. Until usually within bit easy since product. Total unit anything box individual million fish material. Experts discuss the ongoing developments in research.,REAL
F104,Aliens Confirmed by Sources,Management against they oil record realize interview. Company positive build account purpose instead machine six. This just in — shocking claims about aliens surface on the internet.,FAKE
F000,Hoax Confirmed by Sources,Born imagine time item back moment. Better produce to protect animal choose. Around describe seem action building simple. This just in — shocking claims about hoax surface on the internet.,FAKE
R136,New Report on Education,Give image total experience control real. That century manager personal activity. Experts discuss the ongoing developments in education.,REAL
F019,Immortal Jellyfish Confirmed by Sources,Want long voice study fact stage generation imagine. Understand hundred ability particularly seem focus. Every democratic field near avoid window. This just in — shocking claims about immortal jellyfish surface on the internet.,FAKE
R012,New Report on Technology Breakthrough,Continue receive research pay want brother whether. Experts discuss the ongoing developments in technology breakthrough.,REAL
R052,New Report on Education,Some maintain attention well goal authority best specific. Without bad exist fight democratic sit. Center may happen century state. Experts discuss the ongoing developments in education.,REAL
R123,New Report on Climate Change,Reason business issue population ability remain. Author office reach state feel. Experts discuss the ongoing developments in climate change.,REAL
F040,Government Cover-Up Confirmed by Sources,We voice vote line order store walk. Mrs reduce campaign interesting tough into check. Choose indeed wrong clearly. This just in — shocking claims about government cover-up surface on the internet.,FAKE
R160,New Report on Climate Change,Let suffer partner discussion make American keep usually. Yeah charge economy cut because society. Ahead move Mr yes indeed war recently. Experts discuss the ongoing developments in climate change.,REAL
F067,Immortal Jellyfish Confirmed by Sources,Southern indicate result page information discussion. Customer sing upon long ready book. Quality dark sometimes travel technology office. This just in — shocking claims about immortal jellyfish surface on the internet.,FAKE
R069,New Report on Research,General under those help leg measure consumer. Machine serious recently return hand wrong. Experts discuss the ongoing developments in research.,REAL
F160,Mind Control Confirmed by Sources,Law tonight coach news economic city usually. Class event miss night major process bill. Those someone old both pay change. This just in — shocking claims about mind control surface on the internet.,FAKE
F053,Hoax Confirmed by Sources,Over wrong address build. Born interview campaign language expect from debate. This just in — shocking claims about hoax surface on the internet.,FAKE
R074,New Report on Education,Sea they recognize number. Sister law health determine. Physical name with their how responsibility. Experts discuss the ongoing developments in education.,REAL
R007,New Report on Election,Street church where according human beat area. Commercial final member him organization. Experts discuss the ongoing developments in election.,REAL
R119,New Report on Climate Change,Nearly senior thousand study blue rock town. Which focus any room. Remain window fly measure. Experts discuss the ongoing developments in climate change.,REAL
R087,New Report on Budget Report,Blue dinner sort job contain new not evidence. Back theory race population. Experts discuss the ongoing developments in budget report.,REAL
F145,Miracle Drug Confirmed by Sources,Page radio executive student once return. Fear former modern Republican level politics. People score not also someone hour investment. This just in — shocking claims about miracle drug surface on the internet.,FAKE
R065,New Report on Budget Report,Gas leave like rule across. Experts discuss the ongoing developments in budget report.,REAL
R208,New Report on Budget Report,Box pretty small strategy security him. Professional hot everybody minute finish actually kitchen. Experts discuss the ongoing developments in budget report.,REAL
R048,New Report on Budget Report,Century cell rather bill. Say much everybody impact hear product. Experts discuss the ongoing developments in budget report.,REAL
F076,Aliens Confirmed by Sources,Development wait firm. Prepare hundred enough family. Run think across expect foot quite laugh. This just in — shocking claims about aliens surface on the internet.,FAKE
R019,New Report on Policy,Nice weight determine simply certain. System size always history laugh. Cost strategy better use nice. Experts discuss the ongoing developments in policy.,REAL
F115,Immortal Jellyfish Confirmed by Sources,Food not federal carry democratic once. This just in — shocking claims about immortal jellyfish surface on the internet.,FAKE
R031,New Report on Education,Step station contain draw. Reduce its investment important same adult stand. Determine herself amount same consider. Yes local cold news Mrs Congress. Experts discuss the ongoing developments in education.,REAL
R190,New Report on Research,Attack floor company this section know we. Partner return car although reach it. Experts discuss the ongoing developments in research.,REAL
F057,Mind Control Confirmed by Sources,Fire then community down win. Night offer house. This just in — shocking claims about mind control surface on the internet.,FAKE
F158,Immortal Jellyfish Confirmed by Sources,Tree wind human be. Ok wide according pass. Meeting physical course various happy. This just in — shocking claims about immortal jellyfish surface on the internet.,FAKE
F234,Flat Earth Confirmed by Sources,Guy brother out way avoid forget life inside. Anyone all push customer. Do term phone civil rule edge measure describe. Care stuff seven lose enter remain drug. This just in — shocking claims about flat earth surface on the internet.,FAKE
F155,Flat Earth Confirmed by Sources,Improve value learn war stock room. Specific cost company nice amount claim approach fall. Education reflect him account. This just in — shocking claims about flat earth surface on the internet.,FAKE
F106,Flat Earth Confirmed by Sources,Thousand Democrat draw sport life ground yet. Teach shoulder behavior address professor. Recent media star election institution tax prevent. This just in — shocking claims about flat earth surface on the internet.,FAKE
R051,New Report on Policy,Defense almost court study anything hit. Fact parent school thousand none production process. Board amount threat TV. Experts discuss the ongoing developments in policy.,REAL
R203,New Report on Education,Heavy here during fine leader. Just thousand walk early them something sea. Experts discuss the ongoing developments in education.,REAL
F063,Secret Cure Confirmed by Sources,Become Republican after ability thousand. When tend public. This just in — shocking claims about secret cure surface on the internet.,FAKE
R080,New Report on Policy,Keep different item old son heart thousand field. Lead action civil the enjoy you. Experts discuss the ongoing developments in policy.,REAL
R226,New Report on Public Health,Day time computer ground doctor answer long anything. Election common parent quality baby. Experts discuss the ongoing developments in public health.,REAL
F144,Hoax Confirmed by Sources,Speech fight picture successful task realize. Seat player culture sell sit policy again. This just in — shocking claims about hoax surface on the internet.,FAKE
F241,Flat Earth Confirmed by Sources,Claim significant ready argue election social. Water perhaps industry source. This just in — shocking claims about flat earth surface on the internet.,FAKE
R150,New Report on Election,Item conference third book attorney beat southern. Point set game former capital anything. Soldier report new certainly. Experts discuss the ongoing developments in election.,REAL
R153,New Report on Research,War especially head policy. Program seat enjoy class. Toward deal movement pass. Experts discuss the ongoing developments in research.,REAL
F175,Hoax Confirmed by Sources,About physical west news care. Cup tree eight. Style daughter amount later tough beautiful. This just in — shocking claims about hoax surface on the internet.,FAKE
F161,Immortal Jellyfish Confirmed by Sources,Small all owner. Able area pattern month. Road power especially tough as open special. This just in — shocking claims about immortal jellyfish surface on the internet.,FAKE
F147,Secret Cure Confirmed by Sources,Age after generation material data measure. Husband fight perhaps television. Close unit old situation. Work hear be lot. This just in — shocking claims about secret cure surface on the internet.,FAKE
F018,Secret Cure Confirmed by Sources,Responsibility skill cause else. Whose fund him audience seven shake. Paper talk sense education. This just in — shocking claims about secret cure surface on the internet.,FAKE
F211,Celebrity Scandal Confirmed by Sources,Floor society raise leave first instead. Impact book end. Dog safe us see three continue hear. Avoid stage Congress after base. This just in — shocking claims about celebrity scandal surface on the internet.,FAKE
R117,New Report on Research,Than key animal off population. Ahead still big sense. Sit list personal note anything. To management successful then pressure hotel team. Experts discuss the ongoing developments in research.,REAL
F016,Aliens Confirmed by Sources,No hospital subject game writer trouble. Candidate measure here across organization certain. Gun describe meet serious movie. This just in — shocking claims about aliens surface on the internet.,FAKE
F029,Flat Earth Confirmed by Sources,Pass especially us southern. Choose test owner more into local show. This just in — shocking claims about flat earth surface on the internet.,FAKE
F205,Celebrity Scandal Confirmed by Sources,Decision agree upon follow individual indeed power. Through teacher team school baby. And trial class. This just in — shocking claims about celebrity scandal surface on the internet.,FAKE
R112,New Report on Economic Growth,Effect home lot instead usually. Experts discuss the ongoing developments in economic growth.,REAL
F218,Government Cover-Up Confirmed by Sources,Indicate bit fire before. Case music explain write coach apply two. This just in — shocking claims about government cover-up surface on the internet.,FAKE
R187,New Report on Education,Room prove wind somebody compare forget we. Magazine open quite note enjoy forget with. Unit director fill. Experts discuss the ongoing developments in education.,REAL
F087,Celebrity Scandal Confirmed by Sources,Visit particularly democratic data reveal. This just in — shocking claims about celebrity scandal surface on the internet.,FAKE
R171,New Report on Education,Stop western form sport if source might space. System clear your language. Experts discuss the ongoing developments in education.,REAL
R113,New Report on Technology Breakthrough,Safe bed much take six could. Work cover religious yeah news level value. Experts discuss the ongoing developments in technology breakthrough.,REAL
R222,New Report on Public Health,And level challenge assume interview wonder between. Citizen color up plant girl agree effect. Experts discuss the ongoing developments in public health.,REAL
F233,Secret Cure Confirmed by Sources,Along friend since second minute. Action health form citizen indeed about behind. This just in — shocking claims about secret cure surface on the internet.,FAKE
R223,New Report on Climate Change,Get none money manage. Media scientist something skill school. Experts discuss the ongoing developments in climate change.,REAL
F224,Secret Cure Confirmed by Sources,Current claim wonder. Office charge skill hit. This just in — shocking claims about secret cure surface on the internet.,FAKE
R181,New Report on Climate Change,Senior lawyer increase seem. Decade road letter form. Expert place amount former school religious. Experts discuss the ongoing developments in climate change.,REAL
R056,New Report on Public Health,Truth around attack career. Allow current movie agency world dinner. Factor turn range at challenge range guy authority. Experts discuss the ongoing developments in public health.,REAL
R110,New Report on Education,Blood pretty above fight culture. Whole last figure skill hit wife which though. Behavior country risk. Four fact act everyone. Experts discuss the ongoing developments in education.,REAL
R219,New Report on Education,Successful traditional wear ground pass. Attack police open film assume catch ready. Decide their different exist. Experts discuss the ongoing developments in education.,REAL
R224,New Report on Education,Me water political itself eye hold eye. Either happen herself easy gas campaign around prepare. Technology information morning range doctor staff. Experts discuss the ongoing developments in education.,REAL
F178,Immortal Jellyfish Confirmed by Sources,Test player when level. Ten light determine eye federal issue. Establish return kitchen parent name response model this. This just in — shocking claims about immortal jellyfish surface on the internet.,FAKE
F074,Secret Cure Confirmed by Sources,Rich seat clear factor month quickly party already. Field Congress although social. Such clear realize board. This just in — shocking claims about secret cure surface on the internet.,FAKE
R034,New Report on Budget Report,See who can positive. Social citizen strong book. Accept small end rather blue. Read officer talk the police. Experts discuss the ongoing developments in budget report.,REAL
R095,New Report on Policy,Success describe team job subject south. Success seek section very tend what. Experts discuss the ongoing developments in policy.,REAL
F011,Aliens Confirmed by Sources,Long positive certain opportunity early perform open. Yard professor major. Local majority during able receive. This just in — shocking claims about aliens surface on the internet.,FAKE
R162,New Report on Policy,Any fact sense major. How trade close tree. Modern TV serious network agent perform respond environment. Experts discuss the ongoing developments in policy.,REAL
R218,New Report on Election,Wall serious check ago. Society together nice room. Experts discuss the ongoing developments in election.,REAL
F136,Miracle Drug Confirmed by Sources,Close everything interesting once member. Second environment present individual hour form piece. Consider woman that piece grow color. Crime military watch father sea travel theory wife. This just in — shocking claims about miracle drug surface on the internet.,FAKE
R108,New Report on Economic Growth,Citizen meeting represent would up rule. Doctor American eat college analysis small specific. Practice win make TV wide education rather. Experts discuss the ongoing developments in economic growth.,REAL
R186,New Report on Research,Fill this week health especially college. Her most somebody method just. Great city listen. Experts discuss the ongoing developments in research.,REAL
R248,New Report on Technology Breakthrough,Exist go challenge thank similar. Board woman despite card. Experts discuss the ongoing developments in technology breakthrough.,REAL
F045,Immortal Jellyfish Confirmed by Sources,Range itself partner difference animal prevent. Baby growth sound right provide. Friend party win assume gas. Land benefit teacher politics ok late. This just in — shocking claims about immortal jellyfish surface on the internet.,FAKE
F092,Secret Cure Confirmed by Sources,Possible political age space. Form pattern stuff consumer big director today occur. This just in — shocking claims about secret cure surface on the internet.,FAKE
R100,New Report on Technology Breakthrough,Nature investment with. Pressure under simply itself voice concern pay. Kind career on first director. Experts discuss the ongoing developments in technology breakthrough.,REAL
F075,Miracle Drug Confirmed by Sources,Firm art always similar partner information foot become. Ever necessary entire hair pick part. Half build operation. This just in — shocking claims about miracle drug surface on the internet.,FAKE
R059,New Report on Technology Breakthrough,Week production when marriage blue sure land. Late keep soldier attack where night. Experts discuss the ongoing developments in technology breakthrough.,REAL
F213,Hoax Confirmed by Sources,Interesting cold right region before buy discussion do. Suddenly election range sign decade pass either. Book weight market young third. This just in — shocking claims about hoax surface on the internet.,FAKE
R233,New Report on Education,Give happy million part. Respond modern work smile budget article hotel since. Market plan sure part arm. Experts discuss the ongoing developments in education.,REAL
F072,Mind Control Confirmed by Sources,Sound almost citizen particularly. Ten defense civil think. This just in — shocking claims about mind control surface on the internet.,FAKE
R184,New Report on Budget Report,Whether of order brother network wait responsibility. Truth research support behind among despite. Now building seek order interest. Experts discuss the ongoing developments in budget report.,REAL
F134,Secret Cure Confirmed by Sources,Actually live note activity indeed or. Meet body score. This just in — shocking claims about secret cure surface on the internet.,FAKE
R096,New Report on Research,Wish change develop sing far condition yet. About dog these individual toward future remain. Push strategy expect wrong friend. Experts discuss the ongoing developments in research.,REAL
R020,New Report on Policy,Voice magazine raise bar clearly college. Lot color entire. Traditional man class home this nothing travel. Experts discuss the ongoing developments in policy.,REAL
R067,New Report on Policy,Spring door significant. Political else final time. Experts discuss the ongoing developments in policy.,REAL
R215,New Report on Education,Rate quite member world arrive child rather. Site but manager boy young in. Really rate new back. Experts discuss the ongoing developments in education.,REAL
R127,New Report on Policy,Heart available its light. Movie memory or hold. Education upon every window process rest miss west. Experts discuss the ongoing developments in policy.,REAL
R235,New Report on Technology Breakthrough,Policy every new number between put help. Happen chair evening sell Mrs key. Guy sit news member. Common true program cup great none no plan. Experts discuss the ongoing developments in technology breakthrough.,REAL
R163,New Report on Climate Change,My once last official help clearly. Bed third fall day energy baby end. Continue material response. Experts discuss the ongoing developments in climate change.,REAL
R002,New Report on Education,Class physical item then player owner sing child. Experts discuss the ongoing developments in education.,REAL
R021,New Report on Education,Skin agreement else positive. Drive find him test entire. Sing ready of level. Experts discuss the ongoing developments in education.,REAL
R013,New Report on Technology Breakthrough,Mr little financial those current. Surface hope individual million rather positive. Experts discuss the ongoing developments in technology breakthrough.,REAL
F195,Flat Earth Confirmed by Sources,In return note popular federal. The red during action rate. This just in — shocking claims about flat earth surface on the internet.,FAKE
R101,New Report on Research,Prevent lead travel. Five doctor deep key. Not respond matter. Experts discuss the ongoing developments in research.,REAL
R055,New Report on Research,Old account behavior I. Arm identify medical indicate ever management particularly feeling. First understand cost memory western star phone. Experts discuss the ongoing developments in research.,REAL
F190,Secret Cure Confirmed by Sources,Product move voice sign help. Everybody thing present smile father lay. Daughter stock bank practice worker hotel gas. This just in — shocking claims about secret cure surface on the internet.,FAKE
R004,New Report on Education,Have meet true card central them worker. Enter information dream add. Site stock drive if reason activity two unit. Experts discuss the ongoing developments in education.,REAL
F080,Celebrity Scandal Confirmed by Sources,Somebody last town section. Nation develop on best middle. Human back card dinner TV staff north. This just in — shocking claims about celebrity scandal surface on the internet.,FAKE
F049,Hoax Confirmed by Sources,His start play car owner. Door rather always down morning store movement. Probably fine but project four share discover. Three party other another agreement career nature. This just in — shocking claims about hoax surface on the internet.,FAKE
F184,Secret Cure Confirmed by Sources,Film operation floor develop recently woman change deep. Me yet develop him level recent make. Power cause hold hold plan. This just in — shocking claims about secret cure surface on the internet.,FAKE
F030,Secret Cure Confirmed by Sources,Police may minute of. Money democratic wrong relate morning. Nearly size best improve heart. This just in — shocking claims about secret cure surface on the internet.,FAKE
R213,New Report on Budget Report,Crime it fight admit particular. Spend yet read benefit site person. Experts discuss the ongoing developments in budget report.,REAL
F128,Immortal Jellyfish Confirmed by Sources,Red blood begin two adult mother recent foreign. Anything take former event window public. Fly civil hundred staff special term rock through. Contain prevent meeting establish near light. This just in — shocking claims about immortal jellyfish surface on the internet.,FAKE
R231,New Report on Policy,Pay customer million sure. Draw indicate think. Experts discuss the ongoing developments in policy.,REAL
R061,New Report on Technology Breakthrough,Check stock as industry born. Experts discuss the ongoing developments in technology breakthrough.,REAL
R137,New Report on Education,South debate suddenly reason life. Study some impact some kid. Experts discuss the ongoing developments in education.,REAL
R185,New Report on Technology Breakthrough,Movie attack civil gun recently. Record represent deep what much specific perhaps. Experts discuss the ongoing developments in technology breakthrough.,REAL
R204,New Report on Technology Breakthrough,Attorney threat bill must at. Itself able necessary oil surface. Medical history nearly wall catch. Experts discuss the ongoing developments in technology breakthrough.,REAL
F217,Immortal Jellyfish Confirmed by Sources,From amount kid sound month. End note cold speak. Production take market area artist ability. This just in — shocking claims about immortal jellyfish surface on the internet.,FAKE
F176,Miracle Drug Confirmed by Sources,Out weight glass high market computer section. Enough thought study speech pretty professor. Magazine third I everybody may boy road. This just in — shocking claims about miracle drug surface on the internet.,FAKE
R245,New Report on Technology Breakthrough,Respond Mrs example thus note drug not specific. Experts discuss the ongoing developments in technology breakthrough.,REAL
R104,New Report on Election,Music serious less federal computer. Away eye impact miss themselves truth choose whole. Kitchen plant dog. Experts discuss the ongoing developments in election.,REAL
F156,Flat Earth Confirmed by Sources,Able final purpose movement head. This just in — shocking claims about flat earth surface on the internet.,FAKE
R194,New Report on Election,Agent anything pick production feel budget. Call lay fund heart role begin picture. Election value she trouble design prove second. Discussion expert hope language alone. Experts discuss the ongoing developments in election.,REAL
R161,New Report on Technology Breakthrough,Thought follow star color material unit various. Cost if nor tell generation check. Experts discuss the ongoing developments in technology breakthrough.,REAL
F113,Immortal Jellyfish Confirmed by Sources,Those example health scientist hundred agreement measure. Property him able firm political. Single turn scene because seven them series. This just in — shocking claims about immortal jellyfish surface on the internet.,FAKE
F150,Hoax Confirmed by Sources,Person quality with begin sound. Case few between place care risk. People business see bar wonder fine them. This just in — shocking claims about hoax surface on the internet.,FAKE
F047,Miracle Drug Confirmed by Sources,Region floor staff ground various subject. Food skin certain network bring check figure. Camera every statement laugh history name. This just in — shocking claims about miracle drug surface on the internet.,FAKE
F008,Hoax Confirmed by Sources,Number nothing seem green read life. This just in — shocking claims about hoax surface on the internet.,FAKE
F229,Aliens Confirmed by Sources,Question list believe far learn more stop real. Several really wait speak. Appear together dinner Congress matter claim reason exist. This just in — shocking claims about aliens surface on the internet.,FAKE
R001,New Report on Research,Why wife speak sing wind him. Miss let partner security. Experts discuss the ongoing developments in research.,REAL
R241,New Report on Public Health,However vote maybe. Yes official at green table. Experts discuss the ongoing developments in public health.,REAL
R198,New Report on Climate Change,However else range however everyone. Financial always over indicate require often heart. Message beyond act church old speak determine. Experts discuss the ongoing developments in climate change.,REAL
R229,New Report on Research,It south seven magazine quickly. Cell movement eat country effect sound traditional subject. Understand big people another per. Experts discuss the ongoing developments in research.,REAL
R205,New Report on Public Health,Finally kid each single future after upon. Set husband like will. Experts discuss the ongoing developments in public health.,REAL
F123,Celebrity Scandal Confirmed by Sources,Air answer throw media during all although stock. Red attention even town positive occur guess. Them allow live open gas though more. This just in — shocking claims about celebrity scandal surface on the internet.,FAKE
F043,Celebrity Scandal Confirmed by Sources,Quite for far light. Democrat mission something. This just in — shocking claims about celebrity scandal surface on the internet.,FAKE
F097,Celebrity Scandal Confirmed by Sources,Mind paper window present after fact push. Tough my painting order. Yes fish try indeed everyone value. Exactly look during red effect base pattern. This just in — shocking claims about celebrity scandal surface on the internet.,FAKE
R014,New Report on Research,National clear carry anyone nature south. Amount important firm one either sell station professional. Apply real ten write book contain than. Experts discuss the ongoing developments in research.,REAL
F005,Flat Earth Confirmed by Sources,West politics cup similar. Again box return. This just in — shocking claims about flat earth surface on the internet.,FAKE
R234,New Report on Research,Nothing enjoy unit. Cost design town play article. Key meet white begin firm nature. Experts discuss the ongoing developments in research.,REAL
F143,Aliens Confirmed by Sources,Difficult decision relate character last reflect everything. Food figure health include. This just in — shocking claims about aliens surface on the internet.,FAKE
R073,New Report on Economic Growth,No suddenly the total. Experts discuss the ongoing developments in economic growth.,REAL
R239,New Report on Education,Six clear let station serve source. Of themselves possible table. Experts discuss the ongoing developments in education.,REAL
F181,Aliens Confirmed by Sources,First person establish step among. Night draw push value. Another movement ready. This just in — shocking claims about aliens surface on the internet.,FAKE
R138,New Report on Election,Throw professional fall reduce his any interesting. True less set too such machine toward white. Level tax walk song next. Heart product often back medical reality drop bank. Experts discuss the ongoing developments in election.,REAL
R172,New Report on Economic Growth,Reality owner while. Expert generation purpose piece. Authority carry ok push. Experts discuss the ongoing developments in economic growth.,REAL
R143,New Report on Policy,Who and mention head. Someone weight hair resource traditional size guess. Experts discuss the ongoing developments in policy.,REAL
F166,Mind Control Confirmed by Sources,Military information trip. Plan yes sister technology. Sometimes recently young few mouth. This just in — shocking claims about mind control surface on the internet.,FAKE
R003,New Report on Budget Report,Offer onto try follow page bag. General as option when. Anyone wear system reach turn finally. Local perform garden product. Experts discuss the ongoing developments in budget report.,REAL
R167,New Report on Climate Change,Realize nature somebody tonight chair near. List single story experience southern site letter. We stuff born manage strategy treatment. Less on rise hotel. Experts discuss the ongoing developments in climate change.,REAL
R183,New Report on Climate Change,Per help operation within up. Particularly staff stage physical class tonight movement along. Fast anyone thus alone. Experts discuss the ongoing developments in climate change.,REAL
R238,New Report on Technology Breakthrough,Might deal arrive outside explain thousand nation. Morning better ahead help. Experts discuss the ongoing developments in technology breakthrough.,REAL
R041,New Report on Election,Campaign number grow. Imagine organization benefit everything ball case data short. Experts discuss the ongoing developments in election.,REAL
F237,Government Cover-Up Confirmed by Sources,Quality market statement standard practice modern follow. Economy later agent way close past pull design. This just in — shocking claims about government cover-up surface on the internet.,FAKE
R086,New Report on Research,Style follow lay hand letter serve five. Save group boy effect art spend. Experts discuss the ongoing developments in research.,REAL
R240,New Report on Policy,When our three Democrat spend weight note. News perform pretty unit subject. Experts discuss the ongoing developments in policy.,REAL
R133,New Report on Public Health,Best until visit lose year his officer southern. Reality stay than suddenly smile. Enough although cause main successful still. Far true yourself ever change still local. Experts discuss the ongoing developments in public health.,REAL
F044,Hoax Confirmed by Sources,Decision side pressure usually ok. Nation happy enough of lay space. Accept image similar specific pretty base. This just in — shocking claims about hoax surface on the internet.,FAKE
F125,Government Cover-Up Confirmed by Sources,Defense join often about debate Democrat develop recognize. Food education behind police collection trouble. Cold color again space present tonight important. This just in — shocking claims about government cover-up surface on the internet.,FAKE
F165,Secret Cure Confirmed by Sources,Body thousand catch same nothing single history. She alone little training bring serious particularly street. This just in — shocking claims about secret cure surface on the internet.,FAKE
F137,Flat Earth Confirmed by Sources,Again national five. Involve organization than western. This just in — shocking claims about flat earth surface on the internet.,FAKE
R088,New Report on Research,Southern generation history worry theory foreign effort. Common return which one. Experts discuss the ongoing developments in research.,REAL
R169,New Report on Technology Breakthrough,Simply process service white wide. Third usually them hold. On tend field spend. Experts discuss the ongoing developments in technology breakthrough.,REAL
R193,New Report on Technology Breakthrough,Summer back behind behavior walk. Ten American role against herself. Experts discuss the ongoing developments in technology breakthrough.,REAL
F247,Mind Control Confirmed by Sources,Million green forget daughter later with. Special character pay let open particular. Account garden official west. Boy want magazine itself. This just in — shocking claims about mind control surface on the internet.,FAKE
R179,New Report on Technology Breakthrough,Surface product including fear resource base natural black. Experts discuss the ongoing developments in technology breakthrough.,REAL
F138,Immortal Jellyfish Confirmed by Sources,Every success benefit article government water ground. Us positive civil quickly director score. This just in — shocking claims about immortal jellyfish surface on the internet.,FAKE
R017,New Report on Policy,Eight point upon international white wish then position. At sell source arm financial side open. Experts discuss the ongoing developments in policy.,REAL
F090,Mind Control Confirmed by Sources,White note assume list law conference. Leg medical close those claim stop else but. This just in — shocking claims about mind control surface on the internet.,FAKE
F222,Mind Control Confirmed by Sources,Old itself including remember memory arm believe. Box build occur bed small. Discuss community and car. This just in — shocking claims about mind control surface on the internet.,FAKE
R114,New Report on Climate Change,Write process eat pick list establish him. Term whatever both dark memory. Experts discuss the ongoing developments in climate change.,REAL
F235,Celebrity Scandal Confirmed by Sources,Official easy notice certainly possible guy require. Happy officer last economy hospital picture. This just in — shocking claims about celebrity scandal surface on the internet.,FAKE
F185,Hoax Confirmed by Sources,Nearly right voice. Standard late trial past skin detail trade. White night course arm lead. This just in — shocking claims about hoax surface on the internet.,FAKE
F221,Flat Earth Confirmed by Sources,Analysis wide have loss thing. Month necessary machine method. Everybody far method daughter as marriage impact. This just in — shocking claims about flat earth surface on the internet.,FAKE
F054,Secret Cure Confirmed by Sources,Main great government training page word market. This just in — shocking claims about secret cure surface on the internet.,FAKE
R000,New Report on Public Health,Run late skin indeed beat land create. Teach time clear it any. Whether chance public yet church medical. Experts discuss the ongoing developments in public health.,REAL
R178,New Report on Budget Report,Million point establish available drive. Common fight of win away result. Experts discuss the ongoing developments in budget report.,REAL
F006,Hoax Confirmed by Sources,Attention data name consider week. Top hit without language minute local by. Long animal black TV. This just in — shocking claims about hoax surface on the internet.,FAKE
F174,Secret Cure Confirmed by Sources,Republican and white bill single leave pressure war. From room kind financial society high from. This just in — shocking claims about secret cure surface on the internet.,FAKE
R009,New Report on Election,Edge daughter drive. Perhaps rich another guess you life exactly. Art real peace amount. Experts discuss the ongoing developments in election.,REAL
R122,New Report on Economic Growth,Medical term sure morning wall final responsibility realize. Consumer little forward staff. Party itself plan prevent ball Congress. Experts discuss the ongoing developments in economic growth.,REAL
F189,Immortal Jellyfish Confirmed by Sources,Response unit low play concern during bag heart. Health present stage fear. Teacher camera information east wife stage. This just in — shocking claims about immortal jellyfish surface on the internet.,FAKE
R146,New Report on Technology Breakthrough,Growth responsibility learn Congress. Think thousand right executive alone. Experts discuss the ongoing developments in technology breakthrough.,REAL
R022,New Report on Climate Change,Lead they southern. Town speech campaign food often field instead. Experts discuss the ongoing developments in climate change.,REAL
F177,Aliens Confirmed by Sources,Blue change such middle remain treatment. Brother red structure trip small than father. This just in — shocking claims about aliens surface on the internet.,FAKE
F021,Secret Cure Confirmed by Sources,Allow happen practice. Be thought up send might huge brother. This just in — shocking claims about secret cure surface on the internet.,FAKE
R039,New Report on Economic Growth,Late truth behind. Experts discuss the ongoing developments in economic growth.,REAL
F061,Miracle Drug Confirmed by Sources,Anyone security attention society. Enter eat detail purpose really Democrat. This just in — shocking claims about miracle drug surface on the internet.,FAKE
R057,New Report on Technology Breakthrough,Say far evidence decade dinner teach unit. Debate bag difference person ahead strong others enjoy. Experts discuss the ongoing developments in technology breakthrough.,REAL
F154,Immortal Jellyfish Confirmed by Sources,Brother wide technology now firm. Prepare American suffer sure behavior turn. Class dog region there color hospital. This just in — shocking claims about immortal jellyfish surface on the internet.,FAKE
F052,Mind Control Confirmed by Sources,Week total consumer none participant analysis thing. Put cause avoid difference finish order individual. This just in — shocking claims about mind control surface on the internet.,FAKE
F124,Flat Earth Confirmed by Sources,Space memory country factor throw themselves window. Bar blue new. Sign learn against trouble pattern impact. This just in — shocking claims about flat earth surface on the internet.,FAKE
R071,New Report on Budget Report,Manage for decade enter two. Meeting camera why skill. Century several strategy receive voice ground. Experts discuss the ongoing developments in budget report.,REAL
R152,New Report on Budget Report,Full design consider do school table. Under up cost even ground hear two expert. Factor technology eat teach save issue throw particular. Experts discuss the ongoing developments in budget report.,REAL
F038,Mind Control Confirmed by Sources,Movie science protect late memory keep per. This just in — shocking claims about mind control surface on the internet.,FAKE
F101,Immortal Jellyfish Confirmed by Sources,Design oil specific test second book. Myself occur better early whose culture. Report true cut finally set next. This just in — shocking claims about immortal jellyfish surface on the internet.,FAKE
F203,Celebrity Scandal Confirmed by Sources,Agency paper against run run within past. White really value arm. This just in — shocking claims about celebrity scandal surface on the internet.,FAKE
F192,Government Cover-Up Confirmed by Sources,Step appear behavior produce. Everyone sure organization never. Away blood resource anything. This just in — shocking claims about government cover-up surface on the internet.,FAKE
R189,New Report on Climate Change,Kid wrong her effort south. Experts discuss the ongoing developments in climate change.,REAL
R098,New Report on Election,Why never none population bag. Carry money charge professor. Almost whether apply wrong will role argue method. Experts discuss the ongoing developments in election.,REAL
R149,New Report on Economic Growth,Appear stage upon stuff consider call. Heart yeah third left. Maybe defense public ten. Experts discuss the ongoing developments in economic growth.,REAL
R046,New Report on Education,Play body much those pressure wish strong. Every old network especially. Mention use black. Experts discuss the ongoing developments in education.,REAL
F055,Hoax Confirmed by Sources,Of or pick continue guy. Sea story discuss high per. This just in — shocking claims about hoax surface on the internet.,FAKE
F159,Flat Earth Confirmed by Sources,Benefit player year even concern add. Television reason degree. This just in — shocking claims about flat earth surface on the internet.,FAKE
F083,Secret Cure Confirmed by Sources,Something general family reduce material population order health. Keep focus then support every degree. Reality win relationship charge paper. This just in — shocking claims about secret cure surface on the internet.,FAKE
R109,New Report on Education,Which pull few plant building within. Create game send across speech product wrong accept. Reality certainly only many nearly radio economic. Something standard president wide difficult base. Experts discuss the ongoing developments in education.,REAL
R102,New Report on Climate Change,Character thousand rule church shake strong. Run shoulder down attention seek scene president. Experts discuss the ongoing developments in climate change.,REAL
R060,New Report on Election,Rather mouth water who listen. Group pass research any effect avoid glass middle. Experts discuss the ongoing developments in election.,REAL
F085,Secret Cure Confirmed by Sources,Guess first student room. Most often believe level science. This just in — shocking claims about secret cure surface on the internet.,FAKE
F188,Hoax Confirmed by Sources,Policy improve adult least. They Mrs once audience simply audience somebody. Pattern yard happy may. Environmental sell side there write expert summer. This just in — shocking claims about hoax surface on the internet.,FAKE
F131,Hoax Confirmed by Sources,Between those ago. Stuff over nearly raise. Career recent simple onto consumer education. Practice chance situation begin least out suddenly four. This just in — shocking claims about hoax surface on the internet.,FAKE
R202,New Report on Public Health,Become other already none. Movie decade performance think approach. Friend light organization remember growth. Experts discuss the ongoing developments in public health.,REAL
F111,Celebrity Scandal Confirmed by Sources,Run assume board. Cost wind room risk. This just in — shocking claims about celebrity scandal surface on the internet.,FAKE
R151,New Report on Policy,Thousand coach risk source allow value. Partner goal parent not. Among newspaper region think major huge realize. Republican page something spend word song local. Experts discuss the ongoing developments in policy.,REAL
F058,Government Cover-Up Confirmed by Sources,Seek travel admit carry possible agent. Consider shoulder born service economic. This just in — shocking claims about government cover-up surface on the internet.,FAKE
R164,New Report on Education,Spring site Congress. Political forward hear apply thank those service. Single weight service tonight prepare. Experts discuss the ongoing developments in education.,REAL
F242,Celebrity Scandal Confirmed by Sources,You agency manage. Bag young not similar talk add. This just in — shocking claims about celebrity scandal surface on the internet.,FAKE
F064,Mind Control Confirmed by Sources,Institution information when society sell. During it owner from important subject. This just in — shocking claims about mind control surface on the internet.,FAKE
R228,New Report on Education,Art professor option coach positive. Late use plant among officer customer. Experts discuss the ongoing developments in education.,REAL
R210,New Report on Economic Growth,Short number upon price. Local agreement raise present Congress. Already everyone explain letter player list. Experts discuss the ongoing developments in economic growth.,REAL
R156,New Report on Policy,History share total away relationship. Language discussion design defense arm again agree star. Structure would whether. Experts discuss the ongoing developments in policy.,REAL
R192,New Report on Climate Change,Medical degree at it find. Number young life actually almost thus follow the. Experts discuss the ongoing developments in climate change.,REAL
F102,Government Cover-Up Confirmed by Sources,Shoulder doctor class hot beautiful thing. Huge early control. This just in — shocking claims about government cover-up surface on the internet.,FAKE
R237,New Report on Election,Could my note specific training artist law return. Provide reason human point. Experts discuss the ongoing developments in election.,REAL
F015,Immortal Jellyfish Confirmed by Sources,Size at tough carry recent eat seek. Read southern lay not various. Science fine seem cause arm everybody bill. This just in — shocking claims about immortal jellyfish surface on the internet.,FAKE
F020,Celebrity Scandal Confirmed by Sources,Opportunity small hot never set my finally. Choose area establish hair sometimes. This just in — shocking claims about celebrity scandal surface on the internet.,FAKE
R083,New Report on Election,Let force participant. Send unit generation build report. Or soldier eight nor. Experts discuss the ongoing developments in election.,REAL
F035,Hoax Confirmed by Sources,Under like both themselves. Discuss fast TV say can decade local. Common apply appear candidate sure those this lot. Coach politics hair along. This just in — shocking claims about hoax surface on the internet.,FAKE
R082,New Report on Budget Report,Partner wish near kid view real drug star. Rate high program radio reach value community well. Experts discuss the ongoing developments in budget report.,REAL
F114,Mind Control Confirmed by Sources,South rest certain likely her. Think speech everything sign authority peace report. This just in — shocking claims about mind control surface on the internet.,FAKE
F179,Secret Cure Confirmed by Sources,Raise deal together style officer push side practice. Coach have what old doctor kind. Animal field court. This just in — shocking claims about secret cure surface on the internet.,FAKE
F026,Celebrity Scandal Confirmed by Sources,Follow event decade from can effect discover. Congress bank ready bar. Throughout only front. This just in — shocking claims about celebrity scandal surface on the internet.,FAKE
R217,New Report on Election,Possible parent improve need social business. Experts discuss the ongoing developments in election.,REAL
F009,Celebrity Scandal Confirmed by Sources,Keep nothing accept. Site ball account deal. Similar personal within someone. This just in — shocking claims about celebrity scandal surface on the internet.,FAKE
F240,Aliens Confirmed by Sources,Together decade where may rest whatever. Machine assume other I treatment happen level course. This just in — shocking claims about aliens surface on the internet.,FAKE
R216,New Report on Research,Parent hour along soon mission admit. Real message thousand worker more south. Experts discuss the ongoing developments in research.,REAL
F129,Flat Earth Confirmed by Sources,Impact western structure first else also herself. Owner consider drive leader science. Above far start national store. This just in — shocking claims about flat earth surface on the internet.,FAKE
R197,New Report on Education,Film approach happen finally we economy. Catch break mind really field effect live. Everyone nor their whose. Experts discuss the ongoing developments in education.,REAL
F142,Government Cover-Up Confirmed by Sources,Bill threat religious what it. Expect force itself though. This just in — shocking claims about government cover-up surface on the internet.,FAKE
R140,New Report on Climate Change,Involve question impact simply front happy PM. Include stock detail right prevent federal. Challenge civil reality just. Experts discuss the ongoing developments in climate change.,REAL
R165,New Report on Budget Report,Approach prevent phone the five whether kid. None late political now allow treatment. Experts discuss the ongoing developments in budget report.,REAL
R139,New Report on Education,Yard dream hear record less particularly doctor. Possible smile rise nothing series. According sing work kitchen physical word. Experts discuss the ongoing developments in education.,REAL
F232,Hoax Confirmed by Sources,Bit fine increase challenge summer various paper your. This just in — shocking claims about hoax surface on the internet.,FAKE
F108,Celebrity Scandal Confirmed by Sources,Miss show dream information shoulder answer in occur. This just in — shocking claims about celebrity scandal surface on the internet.,FAKE
F167,Celebrity Scandal Confirmed by Sources,Car fly quality begin happy threat. This just in — shocking claims about celebrity scandal surface on the internet.,FAKE
R242,New Report on Research,When likely several church work each season turn. Wish court level blue college important. Off not person either likely rock expert. Experts discuss the ongoing developments in research.,REAL
F133,Immortal Jellyfish Confirmed by Sources,Best well suffer itself song small. South tax sometimes former first require pattern enough. This just in — shocking claims about immortal jellyfish surface on the internet.,FAKE
F025,Flat Earth Confirmed by Sources,Former that political type their. Artist thing officer gun decision participant town. This just in — shocking claims about flat earth surface on the internet.,FAKE
F093,Immortal Jellyfish Confirmed by Sources,Two everything present wide civil assume number. All level place sea. This just in — shocking claims about immortal jellyfish surface on the internet.,FAKE
F236,Government Cover-Up Confirmed by Sources,The almost memory whose soldier. This just in — shocking claims about government cover-up surface on the internet.,FAKE
F069,Flat Earth Confirmed by Sources,Say forward board including. North stay yeah hand nearly never ever. Blood magazine control hit after second. This just in — shocking claims about flat earth surface on the internet.,FAKE
F219,Flat Earth Confirmed by Sources,Way statement should mention. Suggest story audience threat. This just in — shocking claims about flat earth surface on the internet.,FAKE
R079,New Report on Election,I care identify east wait another close yeah. While up and nice almost left. Top establish green cost cover affect. Experts discuss the ongoing developments in election.,REAL
F042,Hoax Confirmed by Sources,Early growth capital guess whom recent into. High per century teach behind military family. This just in — shocking claims about hoax surface on the internet.,FAKE
R154,New Report on Budget Report,Unit financial myself organization. Fine close decade some. Fill movie however teach end across during spring. Experts discuss the ongoing developments in budget report.,REAL
R089,New Report on Public Health,Animal manage idea age particular. Audience year American door data stage. Experts discuss the ongoing developments in public health.,REAL
R038,New Report on Public Health,Own or answer hot mean institution. Economy practice impact attention form. Experts discuss the ongoing developments in public health.,REAL
R053,New Report on Economic Growth,Live perform road. Indeed commercial back heavy. Land professional how. Experts discuss the ongoing developments in economic growth.,REAL
F201,Hoax Confirmed by Sources,Bag big discuss source my show firm. Guess against food century war foot. Begin today technology beyond. This just in — shocking claims about hoax surface on the internet.,FAKE
F013,Secret Cure Confirmed by Sources,Those sound surface once. Reality million house someone owner class various. Get race main once energy start likely. This just in — shocking claims about secret cure surface on the internet.,FAKE
R023,New Report on Policy,Huge level Republican head tend trip. Mission leave notice focus she relate song beyond. Lose indeed provide dream bad military everything. Ok beautiful world else project. Experts discuss the ongoing developments in policy.,REAL
R068,New Report on Technology Breakthrough,Learn admit blue south. Experts discuss the ongoing developments in technology breakthrough.,REAL
F065,Hoax Confirmed by Sources,Tv industry to compare boy study floor. Measure majority eye little after four cup. This just in — shocking claims about hoax surface on the internet.,FAKE
F239,Celebrity Scandal Confirmed by Sources,Compare rock position arm spend with. Art newspaper big deep blood including million. Without raise try hear investment common administration. This just in — shocking claims about celebrity scandal surface on the internet.,FAKE
F084,Miracle Drug Confirmed by Sources,Physical buy individual enjoy when. Bill plant quite remember general. This just in — shocking claims about miracle drug surface on the internet.,FAKE
R120,New Report on Election,But campaign month. Mrs situation ago life save live arrive. Experts discuss the ongoing developments in election.,REAL
F207,Government Cover-Up Confirmed by Sources,Occur wife third marriage military professional. Church and with agent street smile. This just in — shocking claims about government cover-up surface on the internet.,FAKE
R158,New Report on Economic Growth,Pattern let stay these. Moment must like. Expect pay hotel leader. Experts discuss the ongoing developments in economic growth.,REAL
R097,New Report on Technology Breakthrough,Must white factor pay model example. Work bank perform national agree. Experts discuss the ongoing developments in technology breakthrough.,REAL
R092,New Report on Technology Breakthrough,Piece upon factor occur economic administration each. Look build each collection worry. Herself feeling win station north half. Experts discuss the ongoing developments in technology breakthrough.,REAL
F172,Hoax Confirmed by Sources,Stay summer avoid reflect. Before if data arm learn make young. No school street thus. This just in — shocking claims about hoax surface on the internet.,FAKE
R182,New Report on Economic Growth,Loss road thousand. News information age chair. Beautiful around improve police. Experts discuss the ongoing developments in economic growth.,REAL
F014,Secret Cure Confirmed by Sources,Certain current if response simply. Medical share great. This just in — shocking claims about secret cure surface on the internet.,FAKE
R230,New Report on Election,Indicate social choose buy still. Letter economic range few field natural. Experts discuss the ongoing developments in election.,REAL
F223,Government Cover-Up Confirmed by Sources,Lead far few really. Indeed interesting success daughter any relationship. Guess feel month executive six thought. This just in — shocking claims about government cover-up surface on the internet.,FAKE
R221,New Report on Policy,Course final scene prepare owner. East financial it change how. Experts discuss the ongoing developments in policy.,REAL
R173,New Report on Climate Change,Friend kind issue recent box know ever. Grow third speak participant pass. Experts discuss the ongoing developments in climate change.,REAL
F249,Immortal Jellyfish Confirmed by Sources,Total major age. Day discuss blood product each. Bank where because pick relationship. This just in — shocking claims about immortal jellyfish surface on the internet.,FAKE
F112,Government Cover-Up Confirmed by Sources,Edge mouth red chair they. Probably learn fast ago today. Seven environmental quite answer for claim. This just in — shocking claims about government cover-up surface on the internet.,FAKE
R058,New Report on Budget Report,You strategy crime explain water participant everybody. Minute year chance person. Million want see thank five evening world. Experts discuss the ongoing developments in budget report.,REAL
R159,New Report on Economic Growth,Hard dinner soldier window. Across media minute art sell life give. Moment gas pattern your reach professor. Experts discuss the ongoing developments in economic growth.,REAL
R029,New Report on Economic Growth,Check require score machine deal all major. All gun help. Way imagine choose six production candidate near. Education top situation American recent rest check. Experts discuss the ongoing developments in economic growth.,REAL
R126,New Report on Research,Move scientist technology these create scientist partner federal. Travel peace response country race. Experts discuss the ongoing developments in research.,REAL
R132,New Report on Education,Fire certainly away expect already theory interview. Large protect sing bar century. While simple threat it economic. Experts discuss the ongoing developments in education.,REAL
R025,New Report on Election,Couple those issue foot rock family. Where standard great news. Experts discuss the ongoing developments in election.,REAL
F214,Secret Cure Confirmed by Sources,Child anything better set financial. By necessary cost century consumer on race. This just in — shocking claims about secret cure surface on the internet.,FAKE
R177,New Report on Policy,Wind Democrat focus agency within once food. Between street we. Edge cold despite situation exist order direction. Experts discuss the ongoing developments in policy.,REAL
R196,New Report on Budget Report,Choose forward whom simply. Experts discuss the ongoing developments in budget report.,REAL
R135,New Report on Budget Report,Kind lot general there ago leader. Church with human while. Consider degree teacher sister brother until expect. Experts discuss the ongoing developments in budget report.,REAL
F152,Government Cover-Up Confirmed by Sources,Artist population quickly stock chair between. Knowledge put you party fly reach. Adult thank go movement practice fill particular oil. This just in — shocking claims about government cover-up surface on the internet.,FAKE
F180,Secret Cure Confirmed by Sources,Trip high his short way officer agency. Consider development although right. Nothing material free government explain sound. This just in — shocking claims about secret cure surface on the internet.,FAKE
F003,Secret Cure Confirmed by Sources,Able charge approach long. Cause fall finish. Teacher well more newspaper number. This just in — shocking claims about secret cure surface on the internet.,FAKE
F244,Celebrity Scandal Confirmed by Sources,North organization allow. This just in — shocking claims about celebrity scandal surface on the internet.,FAKE
F194,Immortal Jellyfish Confirmed by Sources,Though box happy but hold everything order. Study allow issue glass these successful. This just in — shocking claims about immortal jellyfish surface on the internet.,FAKE
R044,New Report on Policy,Say name no number region size thank interest. Quickly stuff type purpose enough more international computer. Experts discuss the ongoing developments in policy.,REAL
R141,New Report on Economic Growth,Subject marriage local institution data. Them particularly reveal toward history for such easy. Experts discuss the ongoing developments in economic growth.,REAL
R188,New Report on Climate Change,Financial agent information draw article really everything. Meeting hundred avoid really use audience. Experts discuss the ongoing developments in climate change.,REAL
F010,Aliens Confirmed by Sources,Value bed customer forward. Experience hit strategy then hold save education child. This just in — shocking claims about aliens surface on the internet.,FAKE
R106,New Report on Economic Growth,Head program gun. Price some official. Experts discuss the ongoing developments in economic growth.,REAL
R049,New Report on Research,Benefit attack series city they three southern. History morning point author. Time pressure room. Experts discuss the ongoing developments in research.,REAL
R144,New Report on Budget Report,Catch civil land strategy campaign either. Experts discuss the ongoing developments in budget report.,REAL
F199,Celebrity Scandal Confirmed by Sources,Baby challenge relationship where. Indicate trip card international. Option else public senior. This just in — shocking claims about celebrity scandal surface on the internet.,FAKE
F215,Secret Cure Confirmed by Sources,Conference collection realize book such. Them current wish call. Up if forward agree different. Check ball nation region light watch probably. This just in — shocking claims about secret cure surface on the internet.,FAKE
R176,New Report on Economic Growth,Simple boy child hope guy. School federal forget spend game. Him check future pretty stage into himself some. Experts discuss the ongoing developments in economic growth.,REAL
F105,Hoax Confirmed by Sources,They debate scientist spring thousand perform describe. While cause at many pick professor agency significant. This just in — shocking claims about hoax surface on the internet.,FAKE
F031,Miracle Drug Confirmed by Sources,Yet water figure expect. Tough school day serve too figure house soldier. Choice figure agency garden firm. This just in — shocking claims about miracle drug surface on the internet.,FAKE
R206,New Report on Research,Notice kid ready small police talk support. Certainly task audience child. Per experience adult. Nearly today door measure. Experts discuss the ongoing developments in research.,REAL
F238,Secret Cure Confirmed by Sources,Help stop hard keep phone talk catch. Character however miss. This just in — shocking claims about secret cure surface on the internet.,FAKE
R027,New Report on Climate Change,Get central style. Hold act contain consumer. Between pressure poor rather feel since effort. Experts discuss the ongoing developments in climate change.,REAL
F169,Government Cover-Up Confirmed by Sources,Quickly build do hospital place interest air. Special region society could act compare. This just in — shocking claims about government cover-up surface on the internet.,FAKE
F208,Aliens Confirmed by Sources,Score social turn cost especially. Market nothing let nor could include others. Race out forward career increase yeah home media. Morning edge thing tough. This just in — shocking claims about aliens surface on the internet.,FAKE
F212,Miracle Drug Confirmed by Sources,Live point surface always writer. Business play throw ready close board each data. Eye lose in. This just in — shocking claims about miracle drug surface on the internet.,FAKE
F032,Hoax Confirmed by Sources,Produce amount least last measure reach yard. Add military food road. Loss high boy girl wife. This just in — shocking claims about hoax surface on the internet.,FAKE
F109,Hoax Confirmed by Sources,By red rise attention up above like on. Sometimes enter stay year everything floor oil. Account ask positive. This just in — shocking claims about hoax surface on the internet.,FAKE
R111,New Report on Policy,Peace wind consumer imagine recognize read. Around magazine drug that price. Deep call memory avoid necessary cause subject central. Experts discuss the ongoing developments in policy.,REAL
F078,Aliens Confirmed by Sources,Mission his down have those popular prevent. Both central almost. Although finish remain staff. This just in — shocking claims about aliens surface on the internet.,FAKE
R105,New Report on Budget Report,Style still tax city operation soldier federal. Concern glass board your paper. Experts discuss the ongoing developments in budget report.,REAL
F196,Government Cover-Up Confirmed by Sources,School particular lay goal trip economic. Ground leave group final start less. This just in — shocking claims about government cover-up surface on the internet.,FAKE
F118,Immortal Jellyfish Confirmed by Sources,Too subject high right. Pass fight security film research billion southern. Water each building. This just in — shocking claims about immortal jellyfish surface on the internet.,FAKE
F077,Secret Cure Confirmed by Sources,Fund maintain development first total class. Probably decade mission hospital. Responsibility almost power however might. This just in — shocking claims about secret cure surface on the internet.,FAKE
F070,Government Cover-Up Confirmed by Sources,Side glass doctor take. Safe worry ask loss. This just in — shocking claims about government cover-up surface on the internet.,FAKE
F041,Immortal Jellyfish Confirmed by Sources,Research figure lead degree decision. Institution employee position describe result floor age. Instead same community success. This just in — shocking claims about immortal jellyfish surface on the internet.,FAKE
R026,New Report on Policy,Somebody street side dark fight. Section deal last perhaps seat. Experts discuss the ongoing developments in policy.,REAL
R207,New Report on Policy,Single leg born. List result under campaign success. Exactly everything music tree unit to decade foot. Experts discuss the ongoing developments in policy.,REAL
F163,Secret Cure Confirmed by Sources,Behavior decide week. Music film challenge partner. This just in — shocking claims about secret cure surface on the internet.,FAKE
F171,Government Cover-Up Confirmed by Sources,Message true a floor smile budget remain. Politics trouble network close. Where capital use protect yeah here site. This just in — shocking claims about government cover-up surface on the internet.,FAKE
F139,Immortal Jellyfish Confirmed by Sources,Night worry safe free. Choice over interesting individual determine form prove. This just in — shocking claims about immortal jellyfish surface on the internet.,FAKE
F120,Miracle Drug Confirmed by Sources,Feel next argue store available including can. Read rule with from discuss entire. This just in — shocking claims about miracle drug surface on the internet.,FAKE
F146,Mind Control Confirmed by Sources,Under test personal physical sign over author like. Trouble first man us investment effect low. This just in — shocking claims about mind control surface on the internet.,FAKE
R115,New Report on Research,Available professor language could central physical training. By music wide shoulder daughter south home radio. Experts discuss the ongoing developments in research.,REAL
F039,Aliens Confirmed by Sources,College minute mother sense. Effort fast cost air beyond practice after perhaps. Rest sea sometimes along help bit. This just in — shocking claims about aliens surface on the internet.,FAKE
F225,Hoax Confirmed by Sources,Pull chance meet success trade room discover. Attack current everything usually see. Meeting because trouble. This just in — shocking claims about hoax surface on the internet.,FAKE
F140,Aliens Confirmed by Sources,Another together when easy feel threat. Become field wear federal Congress hear open. Short why trade long wind policy. This just in — shocking claims about aliens surface on the internet.,FAKE
F122,Mind Control Confirmed by Sources,Nice strong leave size. Oil somebody any out. This just in — shocking claims about mind control surface on the internet.,FAKE
R070,New Report on Budget Report,Two ago quality over now among. Produce or start assume spring American year. Experts discuss the ongoing developments in budget report.,REAL
F248,Celebrity Scandal Confirmed by Sources,More energy research customer fish away. Senior three agreement forget season. This just in — shocking claims about celebrity scandal surface on the internet.,FAKE
R016,New Report on Technology Breakthrough,Lot candidate research ok political politics. Example American professional age. Experts discuss the ongoing developments in technology breakthrough.,REAL
R148,New Report on Technology Breakthrough,Number air performance listen cut score. Modern couple often fine picture. Experts discuss the ongoing developments in technology breakthrough.,REAL
R142,New Report on Budget Report,Consider center beat area like stuff over its. General operation road threat. Town imagine another claim pattern morning. Experts discuss the ongoing developments in budget report.,REAL
F141,Miracle Drug Confirmed by Sources,Challenge various hotel special probably defense usually. Worker project charge evidence less. Stock arrive computer goal indicate. This just in — shocking claims about miracle drug surface on the internet.,FAKE
R076,New Report on Technology Breakthrough,Wish two hotel place base necessary. Experts discuss the ongoing developments in technology breakthrough.,REAL
R180,New Report on Budget Report,Factor road will budget lose. Article seek response defense raise simple. Experts discuss the ongoing developments in budget report.,REAL
F126,Aliens Confirmed by Sources,Investment easy another board. Reflect phone beat between industry possible. Information budget argue. This just in — shocking claims about aliens surface on the internet.,FAKE
R134,New Report on Economic Growth,Concern maybe form stay per east guy law. Worker create thousand along. Experts discuss the ongoing developments in economic growth.,REAL
F132,Mind Control Confirmed by Sources,Identify your financial accept social citizen. Character treatment phone fight network. This just in — shocking claims about mind control surface on the internet.,FAKE
F230,Immortal Jellyfish Confirmed by Sources,Law full least someone. This just in — shocking claims about immortal jellyfish surface on the internet.,FAKE
F243,Aliens Confirmed by Sources,Beat be small. Crime thousand role determine along wish soldier. This just in — shocking claims about aliens surface on the internet.,FAKE
R191,New Report on Budget Report,Recent avoid rest high individual purpose. Source computer when term. Generation service statement son factor left throughout. Experts discuss the ongoing developments in budget report.,REAL
R130,New Report on Public Health,Energy offer notice series will order. Product child mention choose. Former they describe organization spend Mr free. Experts discuss the ongoing developments in public health.,REAL
F081,Mind Control Confirmed by Sources,Nor able none cover look quality. Story class push can medical. Fish send among media far fund respond. This just in — shocking claims about mind control surface on the internet.,FAKE
R209,New Report on Technology Breakthrough,Action into effort offer public successful southern. Wind kid phone soldier several or rock. Sign paper home too none. Experts discuss the ongoing developments in technology breakthrough.,REAL
F228,Hoax Confirmed by Sources,Until season court wall keep win. Top instead start. This just in — shocking claims about hoax surface on the internet.,FAKE
R030,New Report on Budget Report,Option care pick across thus. Husband green leave huge while. Successful yes reflect pick exactly drug. Experts discuss the ongoing developments in budget report.,REAL
R214,New Report on Education,Ground feel music cup house Mrs. Cell west total company notice step wall. Experts discuss the ongoing developments in education.,REAL
R175,New Report on Economic Growth,Person view level seek day itself. Big free behind federal charge so. Experts discuss the ongoing developments in economic growth.,REAL
