id,title,filtered_words,label
R129,New Report on Election,"['party', 'truth', 'receive', 'back.', 'pattern', 'tonight', 'talk.', 'experts', 'discuss', 'ongoing', 'developments', 'election.']",REAL
R227,New Report on Climate Change,"['difficult', 'open', 'catch', 'american', 'age', 'situation', 'protect.', 'half', 'develop', 'event', 'camera', 'success', 'half.', 'experts', 'discuss', 'ongoing', 'developments', 'climate', 'change.']",REAL
F231,Aliens Confirmed by Sources,"['tell', 'question', 'thank', 'race', 'style.', 'standard', 'loss', 'market', 'third', 'current', 'pick.', '—', 'shocking', 'claims', 'aliens', 'surface', 'internet.']",FAKE
R066,New Report on Policy,"['learn', 'likely', 'another', 'statement', 'kitchen', 'science', 'get', 'return.', 'short', 'worry', 'animal', 'wide', 'beat', 'strong.', 'record', 'perhaps', 'environment', 'first', 'probably', 'new.', 'experts', 'discuss', 'ongoing', 'developments', 'policy.']",REAL
F095,Mind Control Confirmed by Sources,"['trial', 'manage', 'best', 'meet', 'personal', 'ground.', 'respond', 'something', 'bed.', '—', 'shocking', 'claims', 'mind', 'control', 'surface', 'internet.']",FAKE
R174,New Report on Policy,"['near', 'security', 'side', 'material.', 'step', 'significant', 'evening', 'especially', 'choice.', 'think', 'citizen', 'property', 'miss', 'hospital.', 'experts', 'discuss', 'ongoing', 'developments', 'policy.']",REAL
R201,New Report on Public Health,"['two', 'life', 'assume.', 'hundred', 'cover', 'time', 'crime', 'water', 'including.', 'left', 'page', 'read', 'late.', 'experts', 'discuss', 'ongoing', 'developments', 'public', 'health.']",REAL
R072,New Report on Education,"['go', 'provide', 'list', 'staff', 'argue.', 'response', 'language', 'score', 'magazine', 'arrive', 'evening.', 'example', 'pass', 'people', 'final', 'party.', 'experts', 'discuss', 'ongoing', 'developments', 'education.']",REAL
R064,New Report on Research,"['voice', 'adult', 'interest', 'firm', 'factor.', 'raise', 'arrive', 'activity', 'bring', 'their.', 'experts', 'discuss', 'ongoing', 'developments', 'research.']",REAL
F037,Miracle Drug Confirmed by Sources,"['black', 'fast', 'body', 'character', 'case.', 'owner', 'able', 'whatever', 'chair', 'democrat', 'impact', 'stuff.', '—', 'shocking', 'claims', 'miracle', 'drug', 'surface', 'internet.']",FAKE
R170,New Report on Technology Breakthrough,"['article', 'response', 'administration', 'concern', 'put', 'late', 'lawyer.', 'find', 'receive', 'individual', 'health', 'sign', 'individual.', 'experts', 'discuss', 'ongoing', 'developments', 'technology', 'breakthrough.']",REAL
F110,Celebrity Scandal Confirmed by Sources,"['analysis', 'move', 'need', 'poor', 'official', 'section', 'somebody.', 'manager', 'serious', 'pay', 'item', 'remain.', 'machine', 'decide', 'fine', 'yet', 'seem', 'off.', '—', 'shocking', 'claims', 'celebrity', 'scandal', 'surface', 'internet.']",FAKE
F048,Secret Cure Confirmed by Sources,"['arrive', 'amount', 'common.', 'cut', 'many', 'truth', 'western.', 'direction', 'marriage', 'bit', 'senior', 'type.', '—', 'shocking', 'claims', 'secret', 'cure', 'surface', 'internet.']",FAKE
F082,Hoax Confirmed by Sources,"['candidate', 'thus.', 'remain', 'pass', 'president', 'many', 'forget.', 'letter', 'light', 'staff', 'whose', 'agency.', '—', 'shocking', 'claims', 'hoax', 'surface', 'internet.']",FAKE
F187,Miracle Drug Confirmed by Sources,"['standard', 'style', 'type', 'example', 'general.', 'research', 'role.', '—', 'shocking', 'claims', 'miracle', 'drug', 'surface', 'internet.']",FAKE
F027,Miracle Drug Confirmed by Sources,"['guy', 'someone', 'three.', 'center', 'owner', 'long', 'stay', 'together', 'tree', 'seek.', 'avoid', 'information', 'purpose', 'her.', '—', 'shocking', 'claims', 'miracle', 'drug', 'surface', 'internet.']",FAKE
F202,Hoax Confirmed by Sources,"['enjoy', 'important', 'industry', 'yeah', 'charge', 'paper', 'government.', 'defense', 'beautiful', 'field', 'environmental.', 'fear', 'tend', 'sound', 'data', 'push', 'section', 'great.', '—', 'shocking', 'claims', 'hoax', 'surface', 'internet.']",FAKE
F197,Secret Cure Confirmed by Sources,"['parent', 'far', 'song', 'gas', 'guess', 'hold.', 'top', 'bank', 'quality.', '—', 'shocking', 'claims', 'secret', 'cure', 'surface', 'internet.']",FAKE
R128,New Report on Climate Change,"['region', 'entire', 'air', 'explain.', 'offer', 'ever', 'middle', 'even', 'fine.', 'experts', 'discuss', 'ongoing', 'developments', 'climate', 'change.']",REAL
F157,Government Cover-Up Confirmed by Sources,"['center', 'another', 'treatment', 'exactly.', 'benefit', 'draw', 'information', 'address', 'safe', 'issue', 'support.', 'fast', 'let', 'arrive', 'modern', 'behavior', 'son', 'lawyer.', '—', 'shocking', 'claims', 'government', 'cover-up', 'surface', 'internet.']",FAKE
F117,Hoax Confirmed by Sources,"['crime', 'level', 'instead', 'choice', 'company', 'account.', 'recent', 'stock', 'like', 'us', 'to.', '—', 'shocking', 'claims', 'hoax', 'surface', 'internet.']",FAKE
F173,Secret Cure Confirmed by Sources,"['education', 'democrat', 'may', 'ready', 'action', 'there.', 'reach', 'interest', 'wonder', 'need', 'around', 'instead', 'draw.', '—', 'shocking', 'claims', 'secret', 'cure', 'surface', 'internet.']",FAKE
F024,Aliens Confirmed by Sources,"['suggest', 'source', 'almost', 'able.', 'major', 'since', 'civil', 'condition', 'sure', 'health.', '—', 'shocking', 'claims', 'aliens', 'surface', 'internet.']",FAKE
F096,Celebrity Scandal Confirmed by Sources,"['forward', 'man', 'fill', 'protect', 'career', 'charge.', '—', 'shocking', 'claims', 'celebrity', 'scandal', 'surface', 'internet.']",FAKE
R247,New Report on Public Health,"['commercial', 'help', 'far', 'road', 'opportunity.', 'sport', 'particularly', 'lot', 'travel', 'it.', 'experts', 'discuss', 'ongoing', 'developments', 'public', 'health.']",REAL
F226,Government Cover-Up Confirmed by Sources,"['arm', 'eye', 'likely', 'outside', 'unit', 'morning.', 'possible', 'weight', 'term', 'during.', 'end', 'provide', 'person', 'happy.', '—', 'shocking', 'claims', 'government', 'cover-up', 'surface', 'internet.']",FAKE
F100,Flat Earth Confirmed by Sources,"['western', 'listen', 'allow', 'drop', 'discussion', 'total', 'citizen', 'necessary.', 'base', 'growth', 'discussion', 'type.', '—', 'shocking', 'claims', 'flat', 'earth', 'surface', 'internet.']",FAKE
F246,Government Cover-Up Confirmed by Sources,"['understand', 'visit', 'understand', 'popular', 'song', 'design.', 'together', 'easy', 'list', 'too.', 'message', 'avoid', 'drive', 'home', 'baby', 'answer.', '—', 'shocking', 'claims', 'government', 'cover-up', 'surface', 'internet.']",FAKE
F183,Aliens Confirmed by Sources,"['finish', 'central', 'shoulder', 'recognize.', '—', 'shocking', 'claims', 'aliens', 'surface', 'internet.']",FAKE
R063,New Report on Policy,"['local', 'perform', 'force', 'turn.', 'career', 'congress', 'research', 'in.', 'performance', 'pm', 'media', 'watch.', 'experts', 'discuss', 'ongoing', 'developments', 'policy.']",REAL
R005,New Report on Election,"['husband', 'pass', 'specific', 'behind', 'around', 'indicate', 'training.', 'stay', 'decade', 'campaign', 'accept.', 'big', 'exist.', 'experts', 'discuss', 'ongoing', 'developments', 'election.']",REAL
R084,New Report on Election,"['chance', 'film', 'member', 'owner', 'happy.', 'perform', 'bag', 'card', 'truth.', 'experts', 'discuss', 'ongoing', 'developments', 'election.']",REAL
R124,New Report on Education,"['stop', 'style', 'budget', 'war', 'development.', 'single', 'concern', 'season', 'still', 'agency.', 'similar', 'vote', 'four', 'ask', 'memory.', 'experts', 'discuss', 'ongoing', 'developments', 'education.']",REAL
R118,New Report on Research,"['situation', 'base', 'education.', 'authority', 'discover', 'society', 'individual', 'order.', 'experts', 'discuss', 'ongoing', 'developments', 'research.']",REAL
F001,Aliens Confirmed by Sources,"['list', 'instead', 'give', 'end', 'final', 'imagine.', 'behind', 'section', 'meet', 'bill', 'though.', 'realize', 'film', 'sing', 'treat', 'character.', 'somebody', 'glass', 'thus', 'lose.', '—', 'shocking', 'claims', 'aliens', 'surface', 'internet.']",FAKE
F007,Immortal Jellyfish Confirmed by Sources,"['entire', 'citizen', 'least', 'continue', 'soldier.', 'current', 'health', 'father', 'total', 'size', 'unit', 'fact.', 'student', 'tree', 'man', 'raise.', '—', 'shocking', 'claims', 'immortal', 'jellyfish', 'surface', 'internet.']",FAKE
F046,Mind Control Confirmed by Sources,"['nearly', 'specific', 'hospital', 'east.', 'along', 'task', 'data.', '—', 'shocking', 'claims', 'mind', 'control', 'surface', 'internet.']",FAKE
R103,New Report on Research,"['strategy', 'stock', 'office', 'new', 'name.', 'life', 'beat', 'fly', 'describe', 'religious', 'specific', 'nor.', 'experts', 'discuss', 'ongoing', 'developments', 'research.']",REAL
R037,New Report on Budget Report,"['lay', 'risk', 'ready.', 'simple', 'stop', 'leg', 'sport.', 'east', 'deep', 'agreement', 'attack', 'strategy.', 'experts', 'discuss', 'ongoing', 'developments', 'budget', 'report.']",REAL
F193,Secret Cure Confirmed by Sources,"['former', 'parent', 'price', 'physical', 'this.', 'writer', 'former', 'sound', 'staff', 'hour', 'sport.', 'weight', 'property', 'key', 'energy', 'rise', 'happen', 'experience.', '—', 'shocking', 'claims', 'secret', 'cure', 'surface', 'internet.']",FAKE
R166,New Report on Election,"['among', 'wrong', 'line', 'audience.', 'energy', 'bar', 'address', 'real.', 'enter', 'article', 'nearly', 'chance', 'scene', 'indeed', 'loss.', 'experts', 'discuss', 'ongoing', 'developments', 'election.']",REAL
F017,Immortal Jellyfish Confirmed by Sources,"['seven', 'daughter', 'final.', 'listen', 'thing', 'area', 'result', 'improve', 'interesting', 'poor.', '—', 'shocking', 'claims', 'immortal', 'jellyfish', 'surface', 'internet.']",FAKE
R008,New Report on Economic Growth,"['much', 'century', 'cut', 'less', 'control', 'recognize', 'every.', 'common', 'quickly', 'way', 'summer.', 'opportunity', 'pretty', 'respond.', 'experts', 'discuss', 'ongoing', 'developments', 'economic', 'growth.']",REAL
F071,Celebrity Scandal Confirmed by Sources,"['million', 'young', 'security', 'message', 'apply.', 'bag', 'talk', 'reveal', 'mrs', 'much', 'edge.', '—', 'shocking', 'claims', 'celebrity', 'scandal', 'surface', 'internet.']",FAKE
F028,Mind Control Confirmed by Sources,"['include', 'end', 'garden.', '—', 'shocking', 'claims', 'mind', 'control', 'surface', 'internet.']",FAKE
F227,Immortal Jellyfish Confirmed by Sources,"['agency', 'economic', 'never', 'year', 'decide', 'station.', 'light', 'pressure', 'garden', 'suffer.', '—', 'shocking', 'claims', 'immortal', 'jellyfish', 'surface', 'internet.']",FAKE
R200,New Report on Public Health,"['race', 'hand', 'congress', 'improve', 'must', 'prepare', 'practice', 'trial.', 'agency', 'choice', 'country', 'sound', 'industry', 'amount', 'wonder', 'brother.', 'public', 'hold', 'large', 'thing', 'yard.', 'court', 'husband', 'exist', 'station', 'day.', 'experts', 'discuss', 'ongoing', 'developments', 'public', 'health.']",REAL
R225,New Report on Climate Change,"['opportunity', 'finally', 'difficult', 'meet', 'however.', 'college', 'teacher', 'model', 'oil.', 'billion', 'long', 'statement', 'summer', 'behavior', 'coach.', 'experts', 'discuss', 'ongoing', 'developments', 'climate', 'change.']",REAL
R062,New Report on Budget Report,"['ready', 'film', 'forward', 'life', 'design', 'pull.', 'long', 'leave', 'hold', 'far', 'article', 'away', 'moment.', 'tv', 'sort', 'offer', 'student.', 'travel', 'law', 'several', 'responsibility', 'rise', 'area.', 'experts', 'discuss', 'ongoing', 'developments', 'budget', 'report.']",REAL
F033,Hoax Confirmed by Sources,"['science', 'better', 'military', 'stop', 'left', 'situation.', 'simply', 'fish', 'want', 'to.', 'kitchen', 'forward', 'doctor', 'build', 'difference', 'and.', '—', 'shocking', 'claims', 'hoax', 'surface', 'internet.']",FAKE
F012,Hoax Confirmed by Sources,"['nature', 'father.', 'ground', 'home', 'sit', 'write.', '—', 'shocking', 'claims', 'hoax', 'surface', 'internet.']",FAKE
R121,New Report on Research,"['indeed', 'ability', 'measure', 'government.', 'base', 'identify', 'answer', 'trouble', 'person', 'child', 'gun', 'care.', 'experts', 'discuss', 'ongoing', 'developments', 'research.']",REAL
F210,Aliens Confirmed by Sources,"['long', 'street', 'difference', 'its.', 'financial', 'statement', 'middle', 'movie', 'hard', 'great.', 'effort', 'meet', 'serve', 'hour', 'i.', '—', 'shocking', 'claims', 'aliens', 'surface', 'internet.']",FAKE
F151,Hoax Confirmed by Sources,"['safe', 'service', 'political', 'especially.', 'season', 'wall', 'indeed', 'population', 'rather', 'might', 'size', 'different.', '—', 'shocking', 'claims', 'hoax', 'surface', 'internet.']",FAKE
F099,Secret Cure Confirmed by Sources,"['official', 'quickly', 'wear', 'center', 'policy.', 'big', 'material', 'ground', 'baby', 'part.', '—', 'shocking', 'claims', 'secret', 'cure', 'surface', 'internet.']",FAKE
R090,New Report on Technology Breakthrough,"['maybe', 'rate', 'star', 'network.', 'response', 'inside', 'watch', 'lose', 'pay.', 'experts', 'discuss', 'ongoing', 'developments', 'technology', 'breakthrough.']",REAL
R125,New Report on Budget Report,"['interview', 'wear', 'charge', 'state', 'nation', 'easy', 'police.', 'east', 'understand', 'energy.', 'experts', 'discuss', 'ongoing', 'developments', 'budget', 'report.']",REAL
R091,New Report on Climate Change,"['resource', 'fast', 'much', 'civil', 'improve', 'identify.', 'population', 'return', 'role', 'require', 'future', 'board.', 'experts', 'discuss', 'ongoing', 'developments', 'climate', 'change.']",REAL
R157,New Report on Climate Change,"['tree', 'new', 'somebody', 'morning', 'tough.', 'seat', 'indeed', 'ahead', 'adult', 'employee.', 'experts', 'discuss', 'ongoing', 'developments', 'climate', 'change.']",REAL
F098,Miracle Drug Confirmed by Sources,"['whose', 'card', 'first', 'fill', 'with.', 'exist', 'thing', 'mention', 'sister.', 'international', 'two', 'office', 'organization.', '—', 'shocking', 'claims', 'miracle', 'drug', 'surface', 'internet.']",FAKE
F164,Immortal Jellyfish Confirmed by Sources,"['republican', 'seat', 'recent', 'seem', 'himself.', 'perform', 'population', 'method', 'mr', 'beyond.', '—', 'shocking', 'claims', 'immortal', 'jellyfish', 'surface', 'internet.']",FAKE
R050,New Report on Economic Growth,"['happy', 'various', 'owner', 'billion.', 'fire', 'movie', 'major', 'speech', 'image', 'page', 'table.', 'daughter', 'heart', 'factor', 'if.', 'political', 'short', 'yet', 'include', 'short.', 'experts', 'discuss', 'ongoing', 'developments', 'economic', 'growth.']",REAL
R249,New Report on Climate Change,"['lead', 'travel', 'area.', 'city', 'instead', 'finish', 'technology', 'beyond.', 'provide', 'let', 'grow', 'prepare', 'newspaper', 'particularly.', 'experts', 'discuss', 'ongoing', 'developments', 'climate', 'change.']",REAL
R093,New Report on Election,"['water', 'cost', 'personal', 'beautiful.', 'instead', 'usually', 'expert', 'chance', 'marriage', 'good.', 'experts', 'discuss', 'ongoing', 'developments', 'election.']",REAL
R131,New Report on Education,"['benefit', 'table', 'vote', 'remember', 'seek', 'middle', 'hope.', 'collection', 'fear', 'population.', 'experts', 'discuss', 'ongoing', 'developments', 'education.']",REAL
F107,Flat Earth Confirmed by Sources,"['executive', 'much', 'even', 'happen.', 'item', 'prepare', 'identify', 'issue.', 'thousand', 'church', 'animal', 'forget', 'child.', 'respond', 'security', 'lay', 'contain.', '—', 'shocking', 'claims', 'flat', 'earth', 'surface', 'internet.']",FAKE
F153,Hoax Confirmed by Sources,"['add', 'get', 'issue', 'fact', 'treatment', 'action', 'kind.', 'either', 'newspaper', 'financial', 'perhaps', 'whatever.', 'student', 'cut', 'learn', 'level', 'probably', 'report.', '—', 'shocking', 'claims', 'hoax', 'surface', 'internet.']",FAKE
F091,Flat Earth Confirmed by Sources,"['hundred', 'space', 'computer', 'change', 'new', 'policy', 'imagine.', 'plan', 'beat', 'personal', 'modern.', '—', 'shocking', 'claims', 'flat', 'earth', 'surface', 'internet.']",FAKE
R246,New Report on Economic Growth,"['example', 'seek', 'similar', 'prove.', 'however', 'southern', 'add', 'daughter', 'organization', 'floor', 'might.', 'experts', 'discuss', 'ongoing', 'developments', 'economic', 'growth.']",REAL
F004,Secret Cure Confirmed by Sources,"['public', 'keep', 'later', 'almost.', 'cost', 'successful', 'together', 'management', 'economic', 'despite.', '—', 'shocking', 'claims', 'secret', 'cure', 'surface', 'internet.']",FAKE
F220,Celebrity Scandal Confirmed by Sources,"['player', 'meet', 'local', 'face.', 'nearly', 'buy', 'mind', 'total', 'create', 'government', 'while.', '—', 'shocking', 'claims', 'celebrity', 'scandal', 'surface', 'internet.']",FAKE
F121,Hoax Confirmed by Sources,"['model', 'experience', 'indeed', 'choice', 'weight', 'type.', 'however', 'answer', 'dinner', 'indicate', 'style.', '—', 'shocking', 'claims', 'hoax', 'surface', 'internet.']",FAKE
F245,Mind Control Confirmed by Sources,"['high', 'evening', 'including', 'analysis.', 'role', 'thing', 'return', 'chair.', '—', 'shocking', 'claims', 'mind', 'control', 'surface', 'internet.']",FAKE
R035,New Report on Climate Change,"['drop', 'million', 'majority.', 'foreign', 'police', 'letter', 'capital.', 'experts', 'discuss', 'ongoing', 'developments', 'climate', 'change.']",REAL
R024,New Report on Education,"['food', 'simple', 'scientist', 'compare.', 'hard', 'challenge', 'run', 'someone', 'way', 'society', 'compare', 'cultural.', 'evening', 'next', 'admit', 'lose', 'truth.', 'experts', 'discuss', 'ongoing', 'developments', 'education.']",REAL
F079,Miracle Drug Confirmed by Sources,"['meet', 'yard', 'marriage', 'bed', 'finish', 'however', 'artist.', 'sometimes', 'coach', 'produce', 'really', 'according.', 'effect', 'national', 'everyone', 'plan.', '—', 'shocking', 'claims', 'miracle', 'drug', 'surface', 'internet.']",FAKE
R094,New Report on Policy,"['sell', 'bed', 'structure.', 'involve', 'grow', 'something', 'moment', 'question', 'necessary', 'interview.', 'experts', 'discuss', 'ongoing', 'developments', 'policy.']",REAL
R040,New Report on Policy,"['performance', 'back', 'speech', 'little', 'different', 'believe.', 'front', 'outside', 'home', 'day.', 'experts', 'discuss', 'ongoing', 'developments', 'policy.']",REAL
F170,Immortal Jellyfish Confirmed by Sources,"['science', 'read', 'determine', 'south.', '—', 'shocking', 'claims', 'immortal', 'jellyfish', 'surface', 'internet.']",FAKE
F130,Immortal Jellyfish Confirmed by Sources,"['stand', 'call.', 'walk', 'box', 'sense', 'right.', '—', 'shocking', 'claims', 'immortal', 'jellyfish', 'surface', 'internet.']",FAKE
R085,New Report on Economic Growth,"['charge', 'act', 'training', 'fish', 'issue', 'nature.', 'pretty', 'safe', 'national', 'raise', 'where.', 'experts', 'discuss', 'ongoing', 'developments', 'economic', 'growth.']",REAL
R054,New Report on Budget Report,"['card', 'authority', 'sometimes', 'several.', 'serve', 'close', 'small', 'professor.', 'establish', 'technology', 'scientist', 'threat', 'relate', 'themselves.', 'carry', 'play', 'defense', 'conference', 'live', 'article.', 'experts', 'discuss', 'ongoing', 'developments', 'budget', 'report.']",REAL
R047,New Report on Technology Breakthrough,"['level', 'attorney', 'establish', 'treatment', 'character', 'collection.', 'box', 'front', 'eight.', 'black', 'claim', 'notice.', 'experts', 'discuss', 'ongoing', 'developments', 'technology', 'breakthrough.']",REAL
R199,New Report on Economic Growth,"['social', 'range', 'probably.', 'force', 'shoulder', 'agree', 'spring', 'staff', 'meet', 'century.', 'network', 'scientist', 'rather', 'business', 'thank', 'term.', 'experts', 'discuss', 'ongoing', 'developments', 'economic', 'growth.']",REAL
F062,Miracle Drug Confirmed by Sources,"['military', 'area', 'fall', 'skin', 'others', 'show', 'issue.', 'begin', 'skin', 'kid', 'well.', '—', 'shocking', 'claims', 'miracle', 'drug', 'surface', 'internet.']",FAKE
R244,New Report on Technology Breakthrough,"['memory', 'animal', 'month.', 'subject', 'remain', 'third', 'everybody', 'clear', 'campaign.', 'experts', 'discuss', 'ongoing', 'developments', 'technology', 'breakthrough.']",REAL
R107,New Report on Election,"['none', 'west', 'real', 'tough', 'question', 'address', 'in.', 'east', 'player', 'especially', 'foot.', 'young', 'need', 'draw', 'concern', 'understand', 'group', 'far.', 'trip', 'age', 'blood', 'per', 'either', 'white', 'visit.', 'experts', 'discuss', 'ongoing', 'developments', 'election.']",REAL
F148,Aliens Confirmed by Sources,"['impact', 'discuss', 'onto.', 'consider', 'mouth', 'buy', 'significant', 'dinner', 'central.', '—', 'shocking', 'claims', 'aliens', 'surface', 'internet.']",FAKE
F023,Mind Control Confirmed by Sources,"['case', 'material', 'experience.', 'source', 'hope', 'dog.', '—', 'shocking', 'claims', 'mind', 'control', 'surface', 'internet.']",FAKE
R075,New Report on Budget Report,"['world', 'air', 'experience', 'least', 'international', 'year', 'gas.', 'third', 'rather', 'talk', 'great', 'free', 'congress.', 'act', 'wife', 'old', 'blood', 'though.', 'experts', 'discuss', 'ongoing', 'developments', 'budget', 'report.']",REAL
R220,New Report on Public Health,"['single', 'voice', 'explain', 'arrive', 'anyone', 'increase.', 'eat', 'foot', 'sit.', 'upon', 'development', 'despite', 'within', 'south', 'room', 'add.', 'experts', 'discuss', 'ongoing', 'developments', 'public', 'health.']",REAL
R099,New Report on Economic Growth,"['place', 'perform', 'cultural', 'memory.', 'analysis', 'want', 'hear', 'opportunity', 'leave', 'science.', 'experts', 'discuss', 'ongoing', 'developments', 'economic', 'growth.']",REAL
F066,Flat Earth Confirmed by Sources,"['health', 'full', 'cover.', 'floor', 'data', 'player', 'focus', 'ok.', '—', 'shocking', 'claims', 'flat', 'earth', 'surface', 'internet.']",FAKE
F060,Flat Earth Confirmed by Sources,"['learn', 'billion', 'air', 'other.', 'someone', 'agreement', 'carry', 'learn', 'citizen.', '—', 'shocking', 'claims', 'flat', 'earth', 'surface', 'internet.']",FAKE
F022,Government Cover-Up Confirmed by Sources,"['week', 'painting', 'forward', 'drop', 'list', 'majority.', 'company', 'little', 'security', 'military', 'authority.', 'easy', 'tax', 'help', 'choice', 'move', 'page', 'generation.', '—', 'shocking', 'claims', 'government', 'cover-up', 'surface', 'internet.']",FAKE
F127,Mind Control Confirmed by Sources,"['newspaper', 'water', 'professional', 'radio', 'white', 'ago.', 'five', 'heart', 'high', 'focus', 'season.', 'student', 'rest', 'stuff', 'site.', '—', 'shocking', 'claims', 'mind', 'control', 'surface', 'internet.']",FAKE
R212,New Report on Education,"['american', 'box', 'thus', 'answer', 'run', 'page.', 'us', 'paper', 'week', 'sort', 'current', 'quickly.', 'edge', 'story', 'age', 'benefit', 'foot.', 'ability', 'employee', 'fish', 'yes', 'project.', 'experts', 'discuss', 'ongoing', 'developments', 'education.']",REAL
F119,Mind Control Confirmed by Sources,"['employee', 'author', 'ok', 'total.', 'trip', 'store', 'section', 'house.', '—', 'shocking', 'claims', 'mind', 'control', 'surface', 'internet.']",FAKE
F103,Hoax Confirmed by Sources,"['plant', 'campaign', 'account', 'movie', 'trip.', 'back', 'president', 'record', 'real.', '—', 'shocking', 'claims', 'hoax', 'surface', 'internet.']",FAKE
F191,Mind Control Confirmed by Sources,"['professional', 'energy', 'voice', 'explain.', 'act', 'sing', 'listen.', 'represent', 'report', 'child', 'cost', 'enjoy.', 'peace', 'part', 'economic.', '—', 'shocking', 'claims', 'mind', 'control', 'surface', 'internet.']",FAKE
F002,Mind Control Confirmed by Sources,"['white', 'house.', 'kind', 'thing', 'modern', 'art', 'pressure', 'believe.', '—', 'shocking', 'claims', 'mind', 'control', 'surface', 'internet.']",FAKE
R155,New Report on Election,"['trade', 'commercial', 'child', 'provide.', 'price', 'former', 'politics', 'break', 'owner.', 'mention', 'clear', 'popular', 'buy', 'activity', 'box', 'policy.', 'experts', 'discuss', 'ongoing', 'developments', 'election.']",REAL
R006,New Report on Technology Breakthrough,"['within', 'history', 'executive', 'simply', 'begin', 'know', 'similar.', 'ever', 'position', 'respond', 'allow', 'war', 'as.', 'experts', 'discuss', 'ongoing', 'developments', 'technology', 'breakthrough.']",REAL
F086,Government Cover-Up Confirmed by Sources,"['challenge', 'animal', 'standard', 'century.', 'yeah', 'care', 'dinner', 'course', 'ground', 'book', 'interesting.', 'determine', 'open', 'participant.', '—', 'shocking', 'claims', 'government', 'cover-up', 'surface', 'internet.']",FAKE
R168,New Report on Election,"['reveal', 'similar', 'always', 'but.', 'list', 'several', 'total', 'child', 'game', 'rock.', 'experts', 'discuss', 'ongoing', 'developments', 'election.']",REAL
R077,New Report on Public Health,"['try', 'member', 'near', 'meeting.', 'report', 'go', 'tax', 'education.', 'experts', 'discuss', 'ongoing', 'developments', 'public', 'health.']",REAL
F209,Hoax Confirmed by Sources,"['guy', 'hand', 'major', 'development', 'ball', 'collection', 'artist.', 'project', 'little', 'use', 'community', 'deep', 'health.', 'reason', 'wife', 'people', 'next', 'appear.', '—', 'shocking', 'claims', 'hoax', 'surface', 'internet.']",FAKE
R236,New Report on Public Health,"['miss', 'agent', 'find', 'leave', 'education', 'economic', 'phone', 'ok.', 'story', 'big', 'eat.', 'standard', 'house', 'reach', 'sound', 'bad', 'make.', 'experts', 'discuss', 'ongoing', 'developments', 'public', 'health.']",REAL
F186,Aliens Confirmed by Sources,"['apply', 'story', 'lose', 'kind', 'find.', 'camera', 'back', 'attorney', 'wall', 'use', 'month', 'bar.', '—', 'shocking', 'claims', 'aliens', 'surface', 'internet.']",FAKE
R243,New Report on Public Health,"['agreement', 'house', 'minute', 'let', 'despite', 'drop.', 'opportunity', 'stage', 'television', 'decade', 'with.', 'magazine', 'detail', 'traditional', 'together.', 'experts', 'discuss', 'ongoing', 'developments', 'public', 'health.']",REAL
F094,Immortal Jellyfish Confirmed by Sources,"['protect', 'thousand', 'score', 'street', 'eye', 'into.', 'sister', 'air', 'concern.', 'remember', 'nearly', 'laugh', 'all.', 'charge', 'must', 'million.', '—', 'shocking', 'claims', 'immortal', 'jellyfish', 'surface', 'internet.']",FAKE
R032,New Report on Economic Growth,"['share', 'time', 'best', 'baby.', 'action', 'record', 'computer', 'rock', 'father', 'budget', 'history.', 'whole', 'main', 'somebody', 'process', 'line', 'recent.', 'experts', 'discuss', 'ongoing', 'developments', 'economic', 'growth.']",REAL
R033,New Report on Education,"['goal', 'name', 'remain', 'family.', 'experts', 'discuss', 'ongoing', 'developments', 'education.']",REAL
R045,New Report on Technology Breakthrough,"['wish', 'low.', 'resource', 'morning', 'talk', 'outside.', 'experts', 'discuss', 'ongoing', 'developments', 'technology', 'breakthrough.']",REAL
R116,New Report on Education,"['attack', 'skin', 'save.', 'wide', 'church', 'consumer', 'kitchen', 'road.', 'experts', 'discuss', 'ongoing', 'developments', 'education.']",REAL
F056,Celebrity Scandal Confirmed by Sources,"['list', 'industry', 'hot.', 'happen', 'fear', 'i.', '—', 'shocking', 'claims', 'celebrity', 'scandal', 'surface', 'internet.']",FAKE
R043,New Report on Policy,"['right', 'catch', 'half.', 'experts', 'discuss', 'ongoing', 'developments', 'policy.']",REAL
R145,New Report on Economic Growth,"['local', 'nice', 'performance.', 'significant', 'one', 'open', 'right', 'central', 'light', 'find.', 'western', 'cause', 'enjoy', 'happy.', 'experts', 'discuss', 'ongoing', 'developments', 'economic', 'growth.']",REAL
F200,Secret Cure Confirmed by Sources,"['research', 'tell', 'list', 'thousand', 'message', 'space', 'pattern.', 'impact', 'six', 'voice', 'human', 'interview', 'strategy.', 'baby', 'prove', 'simply', 'college', 'author', 'per', 'court', 'culture.', '—', 'shocking', 'claims', 'secret', 'cure', 'surface', 'internet.']",FAKE
F034,Celebrity Scandal Confirmed by Sources,"['speak', 'per', 'step', 'state.', 'peace', 'story', 'local', 'keep', 'stock', 'ball', 'else.', '—', 'shocking', 'claims', 'celebrity', 'scandal', 'surface', 'internet.']",FAKE
F149,Secret Cure Confirmed by Sources,"['speak', 'poor', 'whole', 'glass', 'alone', 'factor.', 'light', 'peace', 'available', 'value', 'step', 'sister.', 'also', 'leg', 'various', 'bad', 'ten.', '—', 'shocking', 'claims', 'secret', 'cure', 'surface', 'internet.']",FAKE
F051,Secret Cure Confirmed by Sources,"['conference', 'bag', 'late', 'magazine', 'old', 'certainly.', 'eye', 'spring', 'coach', 'fish', 'never', 'member.', '—', 'shocking', 'claims', 'secret', 'cure', 'surface', 'internet.']",FAKE
F089,Flat Earth Confirmed by Sources,"['ball', 'listen', 'without', 'former', 'show', 'community.', 'serve', 'job', 'serious', 'writer.', '—', 'shocking', 'claims', 'flat', 'earth', 'surface', 'internet.']",FAKE
F135,Flat Earth Confirmed by Sources,"['two', 'color', 'contain', 'certainly.', 'practice', 'hear', 'box', 'worry', 'bad', 'summer.', '—', 'shocking', 'claims', 'flat', 'earth', 'surface', 'internet.']",FAKE
F088,Government Cover-Up Confirmed by Sources,"['campaign', 'job', 'feel', 'weight', 'tonight', 'beat.', 'discover', 'final', 'second', 'morning', 'meet', 'sell', 'lot.', 'century', 'visit', 'audience', 'another', 'year', 'yes', 'risk', 'fight.', 'money', 'fire', 'skill', 'around', 'baby.', '—', 'shocking', 'claims', 'government', 'cover-up', 'surface', 'internet.']",FAKE
R010,New Report on Election,"['account', 'suffer', 'nothing', 'toward', 'father.', 'marriage', 'beautiful', 'respond', 'right', 'material', 'charge.', 'experts', 'discuss', 'ongoing', 'developments', 'election.']",REAL
R211,New Report on Policy,"['call', 'discuss', 'police.', 'concern', 'think', 'maintain', 'move', 'fish.', 'affect', 'sign', 'travel', 'rock', 'usually', 'stop.', 'experts', 'discuss', 'ongoing', 'developments', 'policy.']",REAL
F204,Miracle Drug Confirmed by Sources,"['build', 'condition', 'reduce', 'game', 'hospital.', '—', 'shocking', 'claims', 'miracle', 'drug', 'surface', 'internet.']",FAKE
F168,Miracle Drug Confirmed by Sources,"['project', 'story.', 'employee', 'structure', 'coach.', '—', 'shocking', 'claims', 'miracle', 'drug', 'surface', 'internet.']",FAKE
R011,New Report on Public Health,"['particularly', 'hotel', 'difficult', 'affect', 'history', 'help.', 'deep', 'attorney', 'industry', 'land', 'process', 'say', 'measure.', 'begin', 'operation', 'chance', 'discuss', 'without', 'government.', 'experts', 'discuss', 'ongoing', 'developments', 'public', 'health.']",REAL
R232,New Report on Climate Change,"['note', 'free', 'according', 'surface', 'present', 'bag', 'many.', 'significant', 'debate', 'seven', 'support', 'nothing', 'center', 'dog.', 'experts', 'discuss', 'ongoing', 'developments', 'climate', 'change.']",REAL
R042,New Report on Public Health,"['tax', 'involve', 'center', 'street', 'provide', 'successful', 'cover', 'dog.', 'message', 'major', 'list', 'himself.', 'owner', 'sound', 'born', 'discussion', 'whose', 'mind.', 'experts', 'discuss', 'ongoing', 'developments', 'public', 'health.']",REAL
F182,Hoax Confirmed by Sources,"['property', 'base', 'near', 'throw', 'suffer', 'weight', 'situation', 'best.', 'despite', 'level', 'rise.', 'read', 'street', 'author', 'really', 'stop', 'hotel.', '—', 'shocking', 'claims', 'hoax', 'surface', 'internet.']",FAKE
F036,Miracle Drug Confirmed by Sources,"['successful', 'student', 'traditional.', 'anyone', 'buy', 'personal', 'middle.', '—', 'shocking', 'claims', 'miracle', 'drug', 'surface', 'internet.']",FAKE
F068,Secret Cure Confirmed by Sources,"['including', 'prove', 'head', 'sell', 'must', 'college', 'add.', 'film', 'effect', 'work', 'spring', 'mrs', 'evidence', 'appear.', 'seven', 'find', 'radio', 'country', 'maintain', 'political', 'key.', '—', 'shocking', 'claims', 'secret', 'cure', 'surface', 'internet.']",FAKE
R015,New Report on Election,"['hot', 'group', 'tough', 'particular', 'role', 'officer', 'likely', 'unit.', 'rather', 'decision', 'heavy', 'son', 'short.', 'section', 'start', 'character', 'nation', 'hour', 'notice.', 'experts', 'discuss', 'ongoing', 'developments', 'election.']",REAL
R147,New Report on Climate Change,"['subject', 'education', 'send', 'police.', 'dark', 'west', 'drop.', 'experts', 'discuss', 'ongoing', 'developments', 'climate', 'change.']",REAL
F198,Government Cover-Up Confirmed by Sources,"['right', 'spring', 'up.', 'law', 'list', 'begin.', '—', 'shocking', 'claims', 'government', 'cover-up', 'surface', 'internet.']",FAKE
R081,New Report on Climate Change,"['power', 'result', 'tough', 'kind', 'think', 'street', 'develop.', 'measure', 'present', 'car.', 'experts', 'discuss', 'ongoing', 'developments', 'climate', 'change.']",REAL
F050,Aliens Confirmed by Sources,"['real', 'guess', 'hold', 'tell.', 'old', 'daughter', 'mission', 'size.', '—', 'shocking', 'claims', 'aliens', 'surface', 'internet.']",FAKE
F162,Celebrity Scandal Confirmed by Sources,"['dinner', 'may', 'beautiful', 'organization', 'executive', 'hard.', 'thus', 'surface', 'public', 'spend', 'two', 'respond', 'many', 'office.', 'hit', 'nothing', 'seven', 'mrs', 'hear', 'vote.', '—', 'shocking', 'claims', 'celebrity', 'scandal', 'surface', 'internet.']",FAKE
R028,New Report on Technology Breakthrough,"['forward', 'ability', 'foreign', 'never', 'space', 'from.', 'experts', 'discuss', 'ongoing', 'developments', 'technology', 'breakthrough.']",REAL
R195,New Report on Budget Report,"['ask', 'wish', 'see', 'measure', 'type', 'bed', 'population.', 'heart', 'paper', 'chair.', 'yes', 'support', 'author', 'bed', 'sell.', 'weight', 'region', 'tonight', 'partner', 'including', 'personal', 'full.', 'experts', 'discuss', 'ongoing', 'developments', 'budget', 'report.']",REAL
F116,Aliens Confirmed by Sources,"['plan', 'since', 'behavior', 'degree.', 'system', 'price', 'film.', '—', 'shocking', 'claims', 'aliens', 'surface', 'internet.']",FAKE
R018,New Report on Research,"['three', 'police', 'perform', 'war', 'agreement', 'allow.', 'heart', 'strong', 'general', 'drug', 'perhaps', 'answer.', 'control', 'similar', 'certain.', 'sometimes', 'piece', 'teach', 'task', 'pattern.', 'experts', 'discuss', 'ongoing', 'developments', 'research.']",REAL
F073,Immortal Jellyfish Confirmed by Sources,"['people', 'model', 'section', 'know.', 'seven', 'catch', 'night.', 'common', 'must', 'adult', 'wide', 'forward', 'moment', 'human.', 'color', 'season', 'may.', '—', 'shocking', 'claims', 'immortal', 'jellyfish', 'surface', 'internet.']",FAKE
F059,Miracle Drug Confirmed by Sources,"['sea', 'despite.', 'law', 'blood', 'newspaper', 'leave', 'list', 'relationship.', 'action', 'election', 'grow', 'one', 'look', 'democrat.', '—', 'shocking', 'claims', 'miracle', 'drug', 'surface', 'internet.']",FAKE
R078,New Report on Budget Report,"['girl', 'whose', 'opportunity', 'field', 'writer.', 'ago', 'event', 'law', 'account.', 'experts', 'discuss', 'ongoing', 'developments', 'budget', 'report.']",REAL
F216,Secret Cure Confirmed by Sources,"['pass', 'partner', 'music', 'usually', 'whose', 'song.', 'commercial', 'animal', 'soon', 'letter.', 'guy', 'wear', 'want', 'likely', 'whether', 'easy', 'first', 'difference.', '—', 'shocking', 'claims', 'secret', 'cure', 'surface', 'internet.']",FAKE
F206,Celebrity Scandal Confirmed by Sources,"['appear', 'foot', 'eye', 'need', 'almost', 'especially', 'tend.', 'style', 'condition', 'bar', 'ahead', 'school', 'imagine.', 'let', 'environment', 'health', 'glass', 'western', 'area.', '—', 'shocking', 'claims', 'celebrity', 'scandal', 'surface', 'internet.']",FAKE
R036,New Report on Research,"['reduce', 'financial', 'keep', 'base', 'must', 'necessary.', 'usually', 'within', 'bit', 'easy', 'since', 'product.', 'total', 'unit', 'anything', 'box', 'individual', 'million', 'fish', 'material.', 'experts', 'discuss', 'ongoing', 'developments', 'research.']",REAL
F104,Aliens Confirmed by Sources,"['management', 'oil', 'record', 'realize', 'interview.', 'company', 'positive', 'build', 'account', 'purpose', 'instead', 'machine', 'six.', '—', 'shocking', 'claims', 'aliens', 'surface', 'internet.']",FAKE
F000,Hoax Confirmed by Sources,"['born', 'imagine', 'time', 'item', 'back', 'moment.', 'better', 'produce', 'protect', 'animal', 'choose.', 'around', 'describe', 'seem', 'action', 'building', 'simple.', '—', 'shocking', 'claims', 'hoax', 'surface', 'internet.']",FAKE
R136,New Report on Education,"['give', 'image', 'total', 'experience', 'control', 'real.', 'century', 'manager', 'personal', 'activity.', 'experts', 'discuss', 'ongoing', 'developments', 'education.']",REAL
F019,Immortal Jellyfish Confirmed by Sources,"['want', 'long', 'voice', 'study', 'fact', 'stage', 'generation', 'imagine.', 'understand', 'hundred', 'ability', 'particularly', 'seem', 'focus.', 'every', 'democratic', 'field', 'near', 'avoid', 'window.', '—', 'shocking', 'claims', 'immortal', 'jellyfish', 'surface', 'internet.']",FAKE
R012,New Report on Technology Breakthrough,"['continue', 'receive', 'research', 'pay', 'want', 'brother', 'whether.', 'experts', 'discuss', 'ongoing', 'developments', 'technology', 'breakthrough.']",REAL
R052,New Report on Education,"['maintain', 'attention', 'well', 'goal', 'authority', 'best', 'specific.', 'without', 'bad', 'exist', 'fight', 'democratic', 'sit.', 'center', 'may', 'happen', 'century', 'state.', 'experts', 'discuss', 'ongoing', 'developments', 'education.']",REAL
R123,New Report on Climate Change,"['reason', 'business', 'issue', 'population', 'ability', 'remain.', 'author', 'office', 'reach', 'state', 'feel.', 'experts', 'discuss', 'ongoing', 'developments', 'climate', 'change.']",REAL
F040,Government Cover-Up Confirmed by Sources,"['voice', 'vote', 'line', 'order', 'store', 'walk.', 'mrs', 'reduce', 'campaign', 'interesting', 'tough', 'check.', 'choose', 'indeed', 'wrong', 'clearly.', '—', 'shocking', 'claims', 'government', 'cover-up', 'surface', 'internet.']",FAKE
R160,New Report on Climate Change,"['let', 'suffer', 'partner', 'discussion', 'make', 'american', 'keep', 'usually.', 'yeah', 'charge', 'economy', 'cut', 'society.', 'ahead', 'move', 'mr', 'yes', 'indeed', 'war', 'recently.', 'experts', 'discuss', 'ongoing', 'developments', 'climate', 'change.']",REAL
F067,Immortal Jellyfish Confirmed by Sources,"['southern', 'indicate', 'result', 'page', 'information', 'discussion.', 'customer', 'sing', 'upon', 'long', 'ready', 'book.', 'quality', 'dark', 'sometimes', 'travel', 'technology', 'office.', '—', 'shocking', 'claims', 'immortal', 'jellyfish', 'surface', 'internet.']",FAKE
R069,New Report on Research,"['general', 'help', 'leg', 'measure', 'consumer.', 'machine', 'serious', 'recently', 'return', 'hand', 'wrong.', 'experts', 'discuss', 'ongoing', 'developments', 'research.']",REAL
F160,Mind Control Confirmed by Sources,"['law', 'tonight', 'coach', 'news', 'economic', 'city', 'usually.', 'class', 'event', 'miss', 'night', 'major', 'process', 'bill.', 'someone', 'old', 'pay', 'change.', '—', 'shocking', 'claims', 'mind', 'control', 'surface', 'internet.']",FAKE
F053,Hoax Confirmed by Sources,"['wrong', 'address', 'build.', 'born', 'interview', 'campaign', 'language', 'expect', 'debate.', '—', 'shocking', 'claims', 'hoax', 'surface', 'internet.']",FAKE
R074,New Report on Education,"['sea', 'recognize', 'number.', 'sister', 'law', 'health', 'determine.', 'physical', 'name', 'responsibility.', 'experts', 'discuss', 'ongoing', 'developments', 'education.']",REAL
R007,New Report on Election,"['street', 'church', 'according', 'human', 'beat', 'area.', 'commercial', 'final', 'member', 'organization.', 'experts', 'discuss', 'ongoing', 'developments', 'election.']",REAL
R119,New Report on Climate Change,"['nearly', 'senior', 'thousand', 'study', 'blue', 'rock', 'town.', 'focus', 'room.', 'remain', 'window', 'fly', 'measure.', 'experts', 'discuss', 'ongoing', 'developments', 'climate', 'change.']",REAL
R087,New Report on Budget Report,"['blue', 'dinner', 'sort', 'job', 'contain', 'new', 'evidence.', 'back', 'theory', 'race', 'population.', 'experts', 'discuss', 'ongoing', 'developments', 'budget', 'report.']",REAL
F145,Miracle Drug Confirmed by Sources,"['page', 'radio', 'executive', 'student', 'return.', 'fear', 'former', 'modern', 'republican', 'level', 'politics.', 'people', 'score', 'also', 'someone', 'hour', 'investment.', '—', 'shocking', 'claims', 'miracle', 'drug', 'surface', 'internet.']",FAKE
R065,New Report on Budget Report,"['gas', 'leave', 'like', 'rule', 'across.', 'experts', 'discuss', 'ongoing', 'developments', 'budget', 'report.']",REAL
R208,New Report on Budget Report,"['box', 'pretty', 'small', 'strategy', 'security', 'him.', 'professional', 'hot', 'everybody', 'minute', 'finish', 'actually', 'kitchen.', 'experts', 'discuss', 'ongoing', 'developments', 'budget', 'report.']",REAL
R048,New Report on Budget Report,"['century', 'cell', 'rather', 'bill.', 'say', 'much', 'everybody', 'impact', 'hear', 'product.', 'experts', 'discuss', 'ongoing', 'developments', 'budget', 'report.']",REAL
F076,Aliens Confirmed by Sources,"['development', 'wait', 'firm.', 'prepare', 'hundred', 'enough', 'family.', 'run', 'think', 'across', 'expect', 'foot', 'quite', 'laugh.', '—', 'shocking', 'claims', 'aliens', 'surface', 'internet.']",FAKE
R019,New Report on Policy,"['nice', 'weight', 'determine', 'simply', 'certain.', 'system', 'size', 'always', 'history', 'laugh.', 'cost', 'strategy', 'better', 'use', 'nice.', 'experts', 'discuss', 'ongoing', 'developments', 'policy.']",REAL
F115,Immortal Jellyfish Confirmed by Sources,"['food', 'federal', 'carry', 'democratic', 'once.', '—', 'shocking', 'claims', 'immortal', 'jellyfish', 'surface', 'internet.']",FAKE
R031,New Report on Education,"['step', 'station', 'contain', 'draw.', 'reduce', 'investment', 'important', 'adult', 'stand.', 'determine', 'amount', 'consider.', 'yes', 'local', 'cold', 'news', 'mrs', 'congress.', 'experts', 'discuss', 'ongoing', 'developments', 'education.']",REAL
R190,New Report on Research,"['attack', 'floor', 'company', 'section', 'know', 'we.', 'partner', 'return', 'car', 'although', 'reach', 'it.', 'experts', 'discuss', 'ongoing', 'developments', 'research.']",REAL
F057,Mind Control Confirmed by Sources,"['fire', 'community', 'win.', 'night', 'offer', 'house.', '—', 'shocking', 'claims', 'mind', 'control', 'surface', 'internet.']",FAKE
F158,Immortal Jellyfish Confirmed by Sources,"['tree', 'wind', 'human', 'be.', 'ok', 'wide', 'according', 'pass.', 'meeting', 'physical', 'course', 'various', 'happy.', '—', 'shocking', 'claims', 'immortal', 'jellyfish', 'surface', 'internet.']",FAKE
F234,Flat Earth Confirmed by Sources,"['guy', 'brother', 'way', 'avoid', 'forget', 'life', 'inside.', 'anyone', 'push', 'customer.', 'term', 'phone', 'civil', 'rule', 'edge', 'measure', 'describe.', 'care', 'stuff', 'seven', 'lose', 'enter', 'remain', 'drug.', '—', 'shocking', 'claims', 'flat', 'earth', 'surface', 'internet.']",FAKE
F155,Flat Earth Confirmed by Sources,"['improve', 'value', 'learn', 'war', 'stock', 'room.', 'specific', 'cost', 'company', 'nice', 'amount', 'claim', 'approach', 'fall.', 'education', 'reflect', 'account.', '—', 'shocking', 'claims', 'flat', 'earth', 'surface', 'internet.']",FAKE
F106,Flat Earth Confirmed by Sources,"['thousand', 'democrat', 'draw', 'sport', 'life', 'ground', 'yet.', 'teach', 'shoulder', 'behavior', 'address', 'professor.', 'recent', 'media', 'star', 'election', 'institution', 'tax', 'prevent.', '—', 'shocking', 'claims', 'flat', 'earth', 'surface', 'internet.']",FAKE
R051,New Report on Policy,"['defense', 'almost', 'court', 'study', 'anything', 'hit.', 'fact', 'parent', 'school', 'thousand', 'none', 'production', 'process.', 'board', 'amount', 'threat', 'tv.', 'experts', 'discuss', 'ongoing', 'developments', 'policy.']",REAL
R203,New Report on Education,"['heavy', 'fine', 'leader.', 'thousand', 'walk', 'early', 'something', 'sea.', 'experts', 'discuss', 'ongoing', 'developments', 'education.']",REAL
F063,Secret Cure Confirmed by Sources,"['become', 'republican', 'ability', 'thousand.', 'tend', 'public.', '—', 'shocking', 'claims', 'secret', 'cure', 'surface', 'internet.']",FAKE
R080,New Report on Policy,"['keep', 'different', 'item', 'old', 'son', 'heart', 'thousand', 'field.', 'lead', 'action', 'civil', 'enjoy', 'you.', 'experts', 'discuss', 'ongoing', 'developments', 'policy.']",REAL
R226,New Report on Public Health,"['day', 'time', 'computer', 'ground', 'doctor', 'answer', 'long', 'anything.', 'election', 'common', 'parent', 'quality', 'baby.', 'experts', 'discuss', 'ongoing', 'developments', 'public', 'health.']",REAL
F144,Hoax Confirmed by Sources,"['speech', 'fight', 'picture', 'successful', 'task', 'realize.', 'seat', 'player', 'culture', 'sell', 'sit', 'policy', 'again.', '—', 'shocking', 'claims', 'hoax', 'surface', 'internet.']",FAKE
F241,Flat Earth Confirmed by Sources,"['claim', 'significant', 'ready', 'argue', 'election', 'social.', 'water', 'perhaps', 'industry', 'source.', '—', 'shocking', 'claims', 'flat', 'earth', 'surface', 'internet.']",FAKE
R150,New Report on Election,"['item', 'conference', 'third', 'book', 'attorney', 'beat', 'southern.', 'point', 'set', 'game', 'former', 'capital', 'anything.', 'soldier', 'report', 'new', 'certainly.', 'experts', 'discuss', 'ongoing', 'developments', 'election.']",REAL
R153,New Report on Research,"['war', 'especially', 'head', 'policy.', 'program', 'seat', 'enjoy', 'class.', 'toward', 'deal', 'movement', 'pass.', 'experts', 'discuss', 'ongoing', 'developments', 'research.']",REAL
F175,Hoax Confirmed by Sources,"['physical', 'west', 'news', 'care.', 'cup', 'tree', 'eight.', 'style', 'daughter', 'amount', 'later', 'tough', 'beautiful.', '—', 'shocking', 'claims', 'hoax', 'surface', 'internet.']",FAKE
F161,Immortal Jellyfish Confirmed by Sources,"['small', 'owner.', 'able', 'area', 'pattern', 'month.', 'road', 'power', 'especially', 'tough', 'open', 'special.', '—', 'shocking', 'claims', 'immortal', 'jellyfish', 'surface', 'internet.']",FAKE
F147,Secret Cure Confirmed by Sources,"['age', 'generation', 'material', 'data', 'measure.', 'husband', 'fight', 'perhaps', 'television.', 'close', 'unit', 'old', 'situation.', 'work', 'hear', 'lot.', '—', 'shocking', 'claims', 'secret', 'cure', 'surface', 'internet.']",FAKE
F018,Secret Cure Confirmed by Sources,"['responsibility', 'skill', 'cause', 'else.', 'whose', 'fund', 'audience', 'seven', 'shake.', 'paper', 'talk', 'sense', 'education.', '—', 'shocking', 'claims', 'secret', 'cure', 'surface', 'internet.']",FAKE
F211,Celebrity Scandal Confirmed by Sources,"['floor', 'society', 'raise', 'leave', 'first', 'instead.', 'impact', 'book', 'end.', 'dog', 'safe', 'us', 'see', 'three', 'continue', 'hear.', 'avoid', 'stage', 'congress', 'base.', '—', 'shocking', 'claims', 'celebrity', 'scandal', 'surface', 'internet.']",FAKE
R117,New Report on Research,"['key', 'animal', 'population.', 'ahead', 'still', 'big', 'sense.', 'sit', 'list', 'personal', 'note', 'anything.', 'management', 'successful', 'pressure', 'hotel', 'team.', 'experts', 'discuss', 'ongoing', 'developments', 'research.']",REAL
F016,Aliens Confirmed by Sources,"['hospital', 'subject', 'game', 'writer', 'trouble.', 'candidate', 'measure', 'across', 'organization', 'certain.', 'gun', 'describe', 'meet', 'serious', 'movie.', '—', 'shocking', 'claims', 'aliens', 'surface', 'internet.']",FAKE
F029,Flat Earth Confirmed by Sources,"['pass', 'especially', 'us', 'southern.', 'choose', 'test', 'owner', 'local', 'show.', '—', 'shocking', 'claims', 'flat', 'earth', 'surface', 'internet.']",FAKE
F205,Celebrity Scandal Confirmed by Sources,"['decision', 'agree', 'upon', 'follow', 'individual', 'indeed', 'power.', 'teacher', 'team', 'school', 'baby.', 'trial', 'class.', '—', 'shocking', 'claims', 'celebrity', 'scandal', 'surface', 'internet.']",FAKE
R112,New Report on Economic Growth,"['effect', 'home', 'lot', 'instead', 'usually.', 'experts', 'discuss', 'ongoing', 'developments', 'economic', 'growth.']",REAL
F218,Government Cover-Up Confirmed by Sources,"['indicate', 'bit', 'fire', 'before.', 'case', 'music', 'explain', 'write', 'coach', 'apply', 'two.', '—', 'shocking', 'claims', 'government', 'cover-up', 'surface', 'internet.']",FAKE
R187,New Report on Education,"['room', 'prove', 'wind', 'somebody', 'compare', 'forget', 'we.', 'magazine', 'open', 'quite', 'note', 'enjoy', 'forget', 'with.', 'unit', 'director', 'fill.', 'experts', 'discuss', 'ongoing', 'developments', 'education.']",REAL
F087,Celebrity Scandal Confirmed by Sources,"['visit', 'particularly', 'democratic', 'data', 'reveal.', '—', 'shocking', 'claims', 'celebrity', 'scandal', 'surface', 'internet.']",FAKE
R171,New Report on Education,"['stop', 'western', 'form', 'sport', 'source', 'might', 'space.', 'system', 'clear', 'language.', 'experts', 'discuss', 'ongoing', 'developments', 'education.']",REAL
R113,New Report on Technology Breakthrough,"['safe', 'bed', 'much', 'take', 'six', 'could.', 'work', 'cover', 'religious', 'yeah', 'news', 'level', 'value.', 'experts', 'discuss', 'ongoing', 'developments', 'technology', 'breakthrough.']",REAL
R222,New Report on Public Health,"['level', 'challenge', 'assume', 'interview', 'wonder', 'between.', 'citizen', 'color', 'plant', 'girl', 'agree', 'effect.', 'experts', 'discuss', 'ongoing', 'developments', 'public', 'health.']",REAL
F233,Secret Cure Confirmed by Sources,"['along', 'friend', 'since', 'second', 'minute.', 'action', 'health', 'form', 'citizen', 'indeed', 'behind.', '—', 'shocking', 'claims', 'secret', 'cure', 'surface', 'internet.']",FAKE
R223,New Report on Climate Change,"['get', 'none', 'money', 'manage.', 'media', 'scientist', 'something', 'skill', 'school.', 'experts', 'discuss', 'ongoing', 'developments', 'climate', 'change.']",REAL
F224,Secret Cure Confirmed by Sources,"['current', 'claim', 'wonder.', 'office', 'charge', 'skill', 'hit.', '—', 'shocking', 'claims', 'secret', 'cure', 'surface', 'internet.']",FAKE
R181,New Report on Climate Change,"['senior', 'lawyer', 'increase', 'seem.', 'decade', 'road', 'letter', 'form.', 'expert', 'place', 'amount', 'former', 'school', 'religious.', 'experts', 'discuss', 'ongoing', 'developments', 'climate', 'change.']",REAL
R056,New Report on Public Health,"['truth', 'around', 'attack', 'career.', 'allow', 'current', 'movie', 'agency', 'world', 'dinner.', 'factor', 'turn', 'range', 'challenge', 'range', 'guy', 'authority.', 'experts', 'discuss', 'ongoing', 'developments', 'public', 'health.']",REAL
R110,New Report on Education,"['blood', 'pretty', 'fight', 'culture.', 'whole', 'last', 'figure', 'skill', 'hit', 'wife', 'though.', 'behavior', 'country', 'risk.', 'four', 'fact', 'act', 'everyone.', 'experts', 'discuss', 'ongoing', 'developments', 'education.']",REAL
R219,New Report on Education,"['successful', 'traditional', 'wear', 'ground', 'pass.', 'attack', 'police', 'open', 'film', 'assume', 'catch', 'ready.', 'decide', 'different', 'exist.', 'experts', 'discuss', 'ongoing', 'developments', 'education.']",REAL
R224,New Report on Education,"['water', 'political', 'eye', 'hold', 'eye.', 'either', 'happen', 'easy', 'gas', 'campaign', 'around', 'prepare.', 'technology', 'information', 'morning', 'range', 'doctor', 'staff.', 'experts', 'discuss', 'ongoing', 'developments', 'education.']",REAL
F178,Immortal Jellyfish Confirmed by Sources,"['test', 'player', 'level.', 'ten', 'light', 'determine', 'eye', 'federal', 'issue.', 'establish', 'return', 'kitchen', 'parent', 'name', 'response', 'model', 'this.', '—', 'shocking', 'claims', 'immortal', 'jellyfish', 'surface', 'internet.']",FAKE
F074,Secret Cure Confirmed by Sources,"['rich', 'seat', 'clear', 'factor', 'month', 'quickly', 'party', 'already.', 'field', 'congress', 'although', 'social.', 'clear', 'realize', 'board.', '—', 'shocking', 'claims', 'secret', 'cure', 'surface', 'internet.']",FAKE
R034,New Report on Budget Report,"['see', 'positive.', 'social', 'citizen', 'strong', 'book.', 'accept', 'small', 'end', 'rather', 'blue.', 'read', 'officer', 'talk', 'police.', 'experts', 'discuss', 'ongoing', 'developments', 'budget', 'report.']",REAL
R095,New Report on Policy,"['success', 'describe', 'team', 'job', 'subject', 'south.', 'success', 'seek', 'section', 'tend', 'what.', 'experts', 'discuss', 'ongoing', 'developments', 'policy.']",REAL
F011,Aliens Confirmed by Sources,"['long', 'positive', 'certain', 'opportunity', 'early', 'perform', 'open.', 'yard', 'professor', 'major.', 'local', 'majority', 'able', 'receive.', '—', 'shocking', 'claims', 'aliens', 'surface', 'internet.']",FAKE
R162,New Report on Policy,"['fact', 'sense', 'major.', 'trade', 'close', 'tree.', 'modern', 'tv', 'serious', 'network', 'agent', 'perform', 'respond', 'environment.', 'experts', 'discuss', 'ongoing', 'developments', 'policy.']",REAL
R218,New Report on Election,"['wall', 'serious', 'check', 'ago.', 'society', 'together', 'nice', 'room.', 'experts', 'discuss', 'ongoing', 'developments', 'election.']",REAL
F136,Miracle Drug Confirmed by Sources,"['close', 'everything', 'interesting', 'member.', 'second', 'environment', 'present', 'individual', 'hour', 'form', 'piece.', 'consider', 'woman', 'piece', 'grow', 'color.', 'crime', 'military', 'watch', 'father', 'sea', 'travel', 'theory', 'wife.', '—', 'shocking', 'claims', 'miracle', 'drug', 'surface', 'internet.']",FAKE
R108,New Report on Economic Growth,"['citizen', 'meeting', 'represent', 'rule.', 'doctor', 'american', 'eat', 'college', 'analysis', 'small', 'specific.', 'practice', 'win', 'make', 'tv', 'wide', 'education', 'rather.', 'experts', 'discuss', 'ongoing', 'developments', 'economic', 'growth.']",REAL
R186,New Report on Research,"['fill', 'week', 'health', 'especially', 'college.', 'somebody', 'method', 'just.', 'great', 'city', 'listen.', 'experts', 'discuss', 'ongoing', 'developments', 'research.']",REAL
R248,New Report on Technology Breakthrough,"['exist', 'go', 'challenge', 'thank', 'similar.', 'board', 'woman', 'despite', 'card.', 'experts', 'discuss', 'ongoing', 'developments', 'technology', 'breakthrough.']",REAL
F045,Immortal Jellyfish Confirmed by Sources,"['range', 'partner', 'difference', 'animal', 'prevent.', 'baby', 'growth', 'sound', 'right', 'provide.', 'friend', 'party', 'win', 'assume', 'gas.', 'land', 'benefit', 'teacher', 'politics', 'ok', 'late.', '—', 'shocking', 'claims', 'immortal', 'jellyfish', 'surface', 'internet.']",FAKE
F092,Secret Cure Confirmed by Sources,"['possible', 'political', 'age', 'space.', 'form', 'pattern', 'stuff', 'consumer', 'big', 'director', 'today', 'occur.', '—', 'shocking', 'claims', 'secret', 'cure', 'surface', 'internet.']",FAKE
R100,New Report on Technology Breakthrough,"['nature', 'investment', 'with.', 'pressure', 'simply', 'voice', 'concern', 'pay.', 'kind', 'career', 'first', 'director.', 'experts', 'discuss', 'ongoing', 'developments', 'technology', 'breakthrough.']",REAL
F075,Miracle Drug Confirmed by Sources,"['firm', 'art', 'always', 'similar', 'partner', 'information', 'foot', 'become.', 'ever', 'necessary', 'entire', 'hair', 'pick', 'part.', 'half', 'build', 'operation.', '—', 'shocking', 'claims', 'miracle', 'drug', 'surface', 'internet.']",FAKE
R059,New Report on Technology Breakthrough,"['week', 'production', 'marriage', 'blue', 'sure', 'land.', 'late', 'keep', 'soldier', 'attack', 'night.', 'experts', 'discuss', 'ongoing', 'developments', 'technology', 'breakthrough.']",REAL
F213,Hoax Confirmed by Sources,"['interesting', 'cold', 'right', 'region', 'buy', 'discussion', 'do.', 'suddenly', 'election', 'range', 'sign', 'decade', 'pass', 'either.', 'book', 'weight', 'market', 'young', 'third.', '—', 'shocking', 'claims', 'hoax', 'surface', 'internet.']",FAKE
R233,New Report on Education,"['give', 'happy', 'million', 'part.', 'respond', 'modern', 'work', 'smile', 'budget', 'article', 'hotel', 'since.', 'market', 'plan', 'sure', 'part', 'arm.', 'experts', 'discuss', 'ongoing', 'developments', 'education.']",REAL
F072,Mind Control Confirmed by Sources,"['sound', 'almost', 'citizen', 'particularly.', 'ten', 'defense', 'civil', 'think.', '—', 'shocking', 'claims', 'mind', 'control', 'surface', 'internet.']",FAKE
R184,New Report on Budget Report,"['whether', 'order', 'brother', 'network', 'wait', 'responsibility.', 'truth', 'research', 'support', 'behind', 'among', 'despite.', 'building', 'seek', 'order', 'interest.', 'experts', 'discuss', 'ongoing', 'developments', 'budget', 'report.']",REAL
F134,Secret Cure Confirmed by Sources,"['actually', 'live', 'note', 'activity', 'indeed', 'or.', 'meet', 'body', 'score.', '—', 'shocking', 'claims', 'secret', 'cure', 'surface', 'internet.']",FAKE
R096,New Report on Research,"['wish', 'change', 'develop', 'sing', 'far', 'condition', 'yet.', 'dog', 'individual', 'toward', 'future', 'remain.', 'push', 'strategy', 'expect', 'wrong', 'friend.', 'experts', 'discuss', 'ongoing', 'developments', 'research.']",REAL
R020,New Report on Policy,"['voice', 'magazine', 'raise', 'bar', 'clearly', 'college.', 'lot', 'color', 'entire.', 'traditional', 'man', 'class', 'home', 'nothing', 'travel.', 'experts', 'discuss', 'ongoing', 'developments', 'policy.']",REAL
R067,New Report on Policy,"['spring', 'door', 'significant.', 'political', 'else', 'final', 'time.', 'experts', 'discuss', 'ongoing', 'developments', 'policy.']",REAL
R215,New Report on Education,"['rate', 'quite', 'member', 'world', 'arrive', 'child', 'rather.', 'site', 'manager', 'boy', 'young', 'in.', 'really', 'rate', 'new', 'back.', 'experts', 'discuss', 'ongoing', 'developments', 'education.']",REAL
R127,New Report on Policy,"['heart', 'available', 'light.', 'movie', 'memory', 'hold.', 'education', 'upon', 'every', 'window', 'process', 'rest', 'miss', 'west.', 'experts', 'discuss', 'ongoing', 'developments', 'policy.']",REAL
R235,New Report on Technology Breakthrough,"['policy', 'every', 'new', 'number', 'put', 'help.', 'happen', 'chair', 'evening', 'sell', 'mrs', 'key.', 'guy', 'sit', 'news', 'member.', 'common', 'true', 'program', 'cup', 'great', 'none', 'plan.', 'experts', 'discuss', 'ongoing', 'developments', 'technology', 'breakthrough.']",REAL
R163,New Report on Climate Change,"['last', 'official', 'help', 'clearly.', 'bed', 'third', 'fall', 'day', 'energy', 'baby', 'end.', 'continue', 'material', 'response.', 'experts', 'discuss', 'ongoing', 'developments', 'climate', 'change.']",REAL
R002,New Report on Education,"['class', 'physical', 'item', 'player', 'owner', 'sing', 'child.', 'experts', 'discuss', 'ongoing', 'developments', 'education.']",REAL
R021,New Report on Education,"['skin', 'agreement', 'else', 'positive.', 'drive', 'find', 'test', 'entire.', 'sing', 'ready', 'level.', 'experts', 'discuss', 'ongoing', 'developments', 'education.']",REAL
R013,New Report on Technology Breakthrough,"['mr', 'little', 'financial', 'current.', 'surface', 'hope', 'individual', 'million', 'rather', 'positive.', 'experts', 'discuss', 'ongoing', 'developments', 'technology', 'breakthrough.']",REAL
F195,Flat Earth Confirmed by Sources,"['return', 'note', 'popular', 'federal.', 'red', 'action', 'rate.', '—', 'shocking', 'claims', 'flat', 'earth', 'surface', 'internet.']",FAKE
R101,New Report on Research,"['prevent', 'lead', 'travel.', 'five', 'doctor', 'deep', 'key.', 'respond', 'matter.', 'experts', 'discuss', 'ongoing', 'developments', 'research.']",REAL
R055,New Report on Research,"['old', 'account', 'behavior', 'i.', 'arm', 'identify', 'medical', 'indicate', 'ever', 'management', 'particularly', 'feeling.', 'first', 'understand', 'cost', 'memory', 'western', 'star', 'phone.', 'experts', 'discuss', 'ongoing', 'developments', 'research.']",REAL
F190,Secret Cure Confirmed by Sources,"['product', 'move', 'voice', 'sign', 'help.', 'everybody', 'thing', 'present', 'smile', 'father', 'lay.', 'daughter', 'stock', 'bank', 'practice', 'worker', 'hotel', 'gas.', '—', 'shocking', 'claims', 'secret', 'cure', 'surface', 'internet.']",FAKE
R004,New Report on Education,"['meet', 'true', 'card', 'central', 'worker.', 'enter', 'information', 'dream', 'add.', 'site', 'stock', 'drive', 'reason', 'activity', 'two', 'unit.', 'experts', 'discuss', 'ongoing', 'developments', 'education.']",REAL
F080,Celebrity Scandal Confirmed by Sources,"['somebody', 'last', 'town', 'section.', 'nation', 'develop', 'best', 'middle.', 'human', 'back', 'card', 'dinner', 'tv', 'staff', 'north.', '—', 'shocking', 'claims', 'celebrity', 'scandal', 'surface', 'internet.']",FAKE
F049,Hoax Confirmed by Sources,"['start', 'play', 'car', 'owner.', 'door', 'rather', 'always', 'morning', 'store', 'movement.', 'probably', 'fine', 'project', 'four', 'share', 'discover.', 'three', 'party', 'another', 'agreement', 'career', 'nature.', '—', 'shocking', 'claims', 'hoax', 'surface', 'internet.']",FAKE
F184,Secret Cure Confirmed by Sources,"['film', 'operation', 'floor', 'develop', 'recently', 'woman', 'change', 'deep.', 'yet', 'develop', 'level', 'recent', 'make.', 'power', 'cause', 'hold', 'hold', 'plan.', '—', 'shocking', 'claims', 'secret', 'cure', 'surface', 'internet.']",FAKE
F030,Secret Cure Confirmed by Sources,"['police', 'may', 'minute', 'of.', 'money', 'democratic', 'wrong', 'relate', 'morning.', 'nearly', 'size', 'best', 'improve', 'heart.', '—', 'shocking', 'claims', 'secret', 'cure', 'surface', 'internet.']",FAKE
R213,New Report on Budget Report,"['crime', 'fight', 'admit', 'particular.', 'spend', 'yet', 'read', 'benefit', 'site', 'person.', 'experts', 'discuss', 'ongoing', 'developments', 'budget', 'report.']",REAL
F128,Immortal Jellyfish Confirmed by Sources,"['red', 'blood', 'begin', 'two', 'adult', 'mother', 'recent', 'foreign.', 'anything', 'take', 'former', 'event', 'window', 'public.', 'fly', 'civil', 'hundred', 'staff', 'special', 'term', 'rock', 'through.', 'contain', 'prevent', 'meeting', 'establish', 'near', 'light.', '—', 'shocking', 'claims', 'immortal', 'jellyfish', 'surface', 'internet.']",FAKE
R231,New Report on Policy,"['pay', 'customer', 'million', 'sure.', 'draw', 'indicate', 'think.', 'experts', 'discuss', 'ongoing', 'developments', 'policy.']",REAL
R061,New Report on Technology Breakthrough,"['check', 'stock', 'industry', 'born.', 'experts', 'discuss', 'ongoing', 'developments', 'technology', 'breakthrough.']",REAL
R137,New Report on Education,"['south', 'debate', 'suddenly', 'reason', 'life.', 'study', 'impact', 'kid.', 'experts', 'discuss', 'ongoing', 'developments', 'education.']",REAL
R185,New Report on Technology Breakthrough,"['movie', 'attack', 'civil', 'gun', 'recently.', 'record', 'represent', 'deep', 'much', 'specific', 'perhaps.', 'experts', 'discuss', 'ongoing', 'developments', 'technology', 'breakthrough.']",REAL
R204,New Report on Technology Breakthrough,"['attorney', 'threat', 'bill', 'must', 'at.', 'able', 'necessary', 'oil', 'surface.', 'medical', 'history', 'nearly', 'wall', 'catch.', 'experts', 'discuss', 'ongoing', 'developments', 'technology', 'breakthrough.']",REAL
F217,Immortal Jellyfish Confirmed by Sources,"['amount', 'kid', 'sound', 'month.', 'end', 'note', 'cold', 'speak.', 'production', 'take', 'market', 'area', 'artist', 'ability.', '—', 'shocking', 'claims', 'immortal', 'jellyfish', 'surface', 'internet.']",FAKE
F176,Miracle Drug Confirmed by Sources,"['weight', 'glass', 'high', 'market', 'computer', 'section.', 'enough', 'thought', 'study', 'speech', 'pretty', 'professor.', 'magazine', 'third', 'everybody', 'may', 'boy', 'road.', '—', 'shocking', 'claims', 'miracle', 'drug', 'surface', 'internet.']",FAKE
R245,New Report on Technology Breakthrough,"['respond', 'mrs', 'example', 'thus', 'note', 'drug', 'specific.', 'experts', 'discuss', 'ongoing', 'developments', 'technology', 'breakthrough.']",REAL
R104,New Report on Election,"['music', 'serious', 'less', 'federal', 'computer.', 'away', 'eye', 'impact', 'miss', 'truth', 'choose', 'whole.', 'kitchen', 'plant', 'dog.', 'experts', 'discuss', 'ongoing', 'developments', 'election.']",REAL
F156,Flat Earth Confirmed by Sources,"['able', 'final', 'purpose', 'movement', 'head.', '—', 'shocking', 'claims', 'flat', 'earth', 'surface', 'internet.']",FAKE
R194,New Report on Election,"['agent', 'anything', 'pick', 'production', 'feel', 'budget.', 'call', 'lay', 'fund', 'heart', 'role', 'begin', 'picture.', 'election', 'value', 'trouble', 'design', 'prove', 'second.', 'discussion', 'expert', 'hope', 'language', 'alone.', 'experts', 'discuss', 'ongoing', 'developments', 'election.']",REAL
R161,New Report on Technology Breakthrough,"['thought', 'follow', 'star', 'color', 'material', 'unit', 'various.', 'cost', 'tell', 'generation', 'check.', 'experts', 'discuss', 'ongoing', 'developments', 'technology', 'breakthrough.']",REAL
F113,Immortal Jellyfish Confirmed by Sources,"['example', 'health', 'scientist', 'hundred', 'agreement', 'measure.', 'property', 'able', 'firm', 'political.', 'single', 'turn', 'scene', 'seven', 'series.', '—', 'shocking', 'claims', 'immortal', 'jellyfish', 'surface', 'internet.']",FAKE
F150,Hoax Confirmed by Sources,"['person', 'quality', 'begin', 'sound.', 'case', 'place', 'care', 'risk.', 'people', 'business', 'see', 'bar', 'wonder', 'fine', 'them.', '—', 'shocking', 'claims', 'hoax', 'surface', 'internet.']",FAKE
F047,Miracle Drug Confirmed by Sources,"['region', 'floor', 'staff', 'ground', 'various', 'subject.', 'food', 'skin', 'certain', 'network', 'bring', 'check', 'figure.', 'camera', 'every', 'statement', 'laugh', 'history', 'name.', '—', 'shocking', 'claims', 'miracle', 'drug', 'surface', 'internet.']",FAKE
F008,Hoax Confirmed by Sources,"['number', 'nothing', 'seem', 'green', 'read', 'life.', '—', 'shocking', 'claims', 'hoax', 'surface', 'internet.']",FAKE
F229,Aliens Confirmed by Sources,"['question', 'list', 'believe', 'far', 'learn', 'stop', 'real.', 'several', 'really', 'wait', 'speak.', 'appear', 'together', 'dinner', 'congress', 'matter', 'claim', 'reason', 'exist.', '—', 'shocking', 'claims', 'aliens', 'surface', 'internet.']",FAKE
R001,New Report on Research,"['wife', 'speak', 'sing', 'wind', 'him.', 'miss', 'let', 'partner', 'security.', 'experts', 'discuss', 'ongoing', 'developments', 'research.']",REAL
R241,New Report on Public Health,"['however', 'vote', 'maybe.', 'yes', 'official', 'green', 'table.', 'experts', 'discuss', 'ongoing', 'developments', 'public', 'health.']",REAL
R198,New Report on Climate Change,"['however', 'else', 'range', 'however', 'everyone.', 'financial', 'always', 'indicate', 'require', 'often', 'heart.', 'message', 'beyond', 'act', 'church', 'old', 'speak', 'determine.', 'experts', 'discuss', 'ongoing', 'developments', 'climate', 'change.']",REAL
R229,New Report on Research,"['south', 'seven', 'magazine', 'quickly.', 'cell', 'movement', 'eat', 'country', 'effect', 'sound', 'traditional', 'subject.', 'understand', 'big', 'people', 'another', 'per.', 'experts', 'discuss', 'ongoing', 'developments', 'research.']",REAL
R205,New Report on Public Health,"['finally', 'kid', 'single', 'future', 'upon.', 'set', 'husband', 'like', 'will.', 'experts', 'discuss', 'ongoing', 'developments', 'public', 'health.']",REAL
F123,Celebrity Scandal Confirmed by Sources,"['air', 'answer', 'throw', 'media', 'although', 'stock.', 'red', 'attention', 'even', 'town', 'positive', 'occur', 'guess.', 'allow', 'live', 'open', 'gas', 'though', 'more.', '—', 'shocking', 'claims', 'celebrity', 'scandal', 'surface', 'internet.']",FAKE
F043,Celebrity Scandal Confirmed by Sources,"['quite', 'far', 'light.', 'democrat', 'mission', 'something.', '—', 'shocking', 'claims', 'celebrity', 'scandal', 'surface', 'internet.']",FAKE
F097,Celebrity Scandal Confirmed by Sources,"['mind', 'paper', 'window', 'present', 'fact', 'push.', 'tough', 'painting', 'order.', 'yes', 'fish', 'try', 'indeed', 'everyone', 'value.', 'exactly', 'look', 'red', 'effect', 'base', 'pattern.', '—', 'shocking', 'claims', 'celebrity', 'scandal', 'surface', 'internet.']",FAKE
R014,New Report on Research,"['national', 'clear', 'carry', 'anyone', 'nature', 'south.', 'amount', 'important', 'firm', 'one', 'either', 'sell', 'station', 'professional.', 'apply', 'real', 'ten', 'write', 'book', 'contain', 'than.', 'experts', 'discuss', 'ongoing', 'developments', 'research.']",REAL
F005,Flat Earth Confirmed by Sources,"['west', 'politics', 'cup', 'similar.', 'box', 'return.', '—', 'shocking', 'claims', 'flat', 'earth', 'surface', 'internet.']",FAKE
R234,New Report on Research,"['nothing', 'enjoy', 'unit.', 'cost', 'design', 'town', 'play', 'article.', 'key', 'meet', 'white', 'begin', 'firm', 'nature.', 'experts', 'discuss', 'ongoing', 'developments', 'research.']",REAL
F143,Aliens Confirmed by Sources,"['difficult', 'decision', 'relate', 'character', 'last', 'reflect', 'everything.', 'food', 'figure', 'health', 'include.', '—', 'shocking', 'claims', 'aliens', 'surface', 'internet.']",FAKE
R073,New Report on Economic Growth,"['suddenly', 'total.', 'experts', 'discuss', 'ongoing', 'developments', 'economic', 'growth.']",REAL
R239,New Report on Education,"['six', 'clear', 'let', 'station', 'serve', 'source.', 'possible', 'table.', 'experts', 'discuss', 'ongoing', 'developments', 'education.']",REAL
F181,Aliens Confirmed by Sources,"['first', 'person', 'establish', 'step', 'among.', 'night', 'draw', 'push', 'value.', 'another', 'movement', 'ready.', '—', 'shocking', 'claims', 'aliens', 'surface', 'internet.']",FAKE
R138,New Report on Election,"['throw', 'professional', 'fall', 'reduce', 'interesting.', 'true', 'less', 'set', 'machine', 'toward', 'white.', 'level', 'tax', 'walk', 'song', 'next.', 'heart', 'product', 'often', 'back', 'medical', 'reality', 'drop', 'bank.', 'experts', 'discuss', 'ongoing', 'developments', 'election.']",REAL
R172,New Report on Economic Growth,"['reality', 'owner', 'while.', 'expert', 'generation', 'purpose', 'piece.', 'authority', 'carry', 'ok', 'push.', 'experts', 'discuss', 'ongoing', 'developments', 'economic', 'growth.']",REAL
R143,New Report on Policy,"['mention', 'head.', 'someone', 'weight', 'hair', 'resource', 'traditional', 'size', 'guess.', 'experts', 'discuss', 'ongoing', 'developments', 'policy.']",REAL
F166,Mind Control Confirmed by Sources,"['military', 'information', 'trip.', 'plan', 'yes', 'sister', 'technology.', 'sometimes', 'recently', 'young', 'mouth.', '—', 'shocking', 'claims', 'mind', 'control', 'surface', 'internet.']",FAKE
R003,New Report on Budget Report,"['offer', 'onto', 'try', 'follow', 'page', 'bag.', 'general', 'option', 'when.', 'anyone', 'wear', 'system', 'reach', 'turn', 'finally.', 'local', 'perform', 'garden', 'product.', 'experts', 'discuss', 'ongoing', 'developments', 'budget', 'report.']",REAL
R167,New Report on Climate Change,"['realize', 'nature', 'somebody', 'tonight', 'chair', 'near.', 'list', 'single', 'story', 'experience', 'southern', 'site', 'letter.', 'stuff', 'born', 'manage', 'strategy', 'treatment.', 'less', 'rise', 'hotel.', 'experts', 'discuss', 'ongoing', 'developments', 'climate', 'change.']",REAL
R183,New Report on Climate Change,"['per', 'help', 'operation', 'within', 'up.', 'particularly', 'staff', 'stage', 'physical', 'class', 'tonight', 'movement', 'along.', 'fast', 'anyone', 'thus', 'alone.', 'experts', 'discuss', 'ongoing', 'developments', 'climate', 'change.']",REAL
R238,New Report on Technology Breakthrough,"['might', 'deal', 'arrive', 'outside', 'explain', 'thousand', 'nation.', 'morning', 'better', 'ahead', 'help.', 'experts', 'discuss', 'ongoing', 'developments', 'technology', 'breakthrough.']",REAL
R041,New Report on Election,"['campaign', 'number', 'grow.', 'imagine', 'organization', 'benefit', 'everything', 'ball', 'case', 'data', 'short.', 'experts', 'discuss', 'ongoing', 'developments', 'election.']",REAL
F237,Government Cover-Up Confirmed by Sources,"['quality', 'market', 'statement', 'standard', 'practice', 'modern', 'follow.', 'economy', 'later', 'agent', 'way', 'close', 'past', 'pull', 'design.', '—', 'shocking', 'claims', 'government', 'cover-up', 'surface', 'internet.']",FAKE
R086,New Report on Research,"['style', 'follow', 'lay', 'hand', 'letter', 'serve', 'five.', 'save', 'group', 'boy', 'effect', 'art', 'spend.', 'experts', 'discuss', 'ongoing', 'developments', 'research.']",REAL
R240,New Report on Policy,"['three', 'democrat', 'spend', 'weight', 'note.', 'news', 'perform', 'pretty', 'unit', 'subject.', 'experts', 'discuss', 'ongoing', 'developments', 'policy.']",REAL
R133,New Report on Public Health,"['best', 'visit', 'lose', 'year', 'officer', 'southern.', 'reality', 'stay', 'suddenly', 'smile.', 'enough', 'although', 'cause', 'main', 'successful', 'still.', 'far', 'true', 'ever', 'change', 'still', 'local.', 'experts', 'discuss', 'ongoing', 'developments', 'public', 'health.']",REAL
F044,Hoax Confirmed by Sources,"['decision', 'side', 'pressure', 'usually', 'ok.', 'nation', 'happy', 'enough', 'lay', 'space.', 'accept', 'image', 'similar', 'specific', 'pretty', 'base.', '—', 'shocking', 'claims', 'hoax', 'surface', 'internet.']",FAKE
F125,Government Cover-Up Confirmed by Sources,"['defense', 'join', 'often', 'debate', 'democrat', 'develop', 'recognize.', 'food', 'education', 'behind', 'police', 'collection', 'trouble.', 'cold', 'color', 'space', 'present', 'tonight', 'important.', '—', 'shocking', 'claims', 'government', 'cover-up', 'surface', 'internet.']",FAKE
F165,Secret Cure Confirmed by Sources,"['body', 'thousand', 'catch', 'nothing', 'single', 'history.', 'alone', 'little', 'training', 'bring', 'serious', 'particularly', 'street.', '—', 'shocking', 'claims', 'secret', 'cure', 'surface', 'internet.']",FAKE
F137,Flat Earth Confirmed by Sources,"['national', 'five.', 'involve', 'organization', 'western.', '—', 'shocking', 'claims', 'flat', 'earth', 'surface', 'internet.']",FAKE
R088,New Report on Research,"['southern', 'generation', 'history', 'worry', 'theory', 'foreign', 'effort.', 'common', 'return', 'one.', 'experts', 'discuss', 'ongoing', 'developments', 'research.']",REAL
R169,New Report on Technology Breakthrough,"['simply', 'process', 'service', 'white', 'wide.', 'third', 'usually', 'hold.', 'tend', 'field', 'spend.', 'experts', 'discuss', 'ongoing', 'developments', 'technology', 'breakthrough.']",REAL
R193,New Report on Technology Breakthrough,"['summer', 'back', 'behind', 'behavior', 'walk.', 'ten', 'american', 'role', 'herself.', 'experts', 'discuss', 'ongoing', 'developments', 'technology', 'breakthrough.']",REAL
F247,Mind Control Confirmed by Sources,"['million', 'green', 'forget', 'daughter', 'later', 'with.', 'special', 'character', 'pay', 'let', 'open', 'particular.', 'account', 'garden', 'official', 'west.', 'boy', 'want', 'magazine', 'itself.', '—', 'shocking', 'claims', 'mind', 'control', 'surface', 'internet.']",FAKE
R179,New Report on Technology Breakthrough,"['surface', 'product', 'including', 'fear', 'resource', 'base', 'natural', 'black.', 'experts', 'discuss', 'ongoing', 'developments', 'technology', 'breakthrough.']",REAL
F138,Immortal Jellyfish Confirmed by Sources,"['every', 'success', 'benefit', 'article', 'government', 'water', 'ground.', 'us', 'positive', 'civil', 'quickly', 'director', 'score.', '—', 'shocking', 'claims', 'immortal', 'jellyfish', 'surface', 'internet.']",FAKE
R017,New Report on Policy,"['eight', 'point', 'upon', 'international', 'white', 'wish', 'position.', 'sell', 'source', 'arm', 'financial', 'side', 'open.', 'experts', 'discuss', 'ongoing', 'developments', 'policy.']",REAL
F090,Mind Control Confirmed by Sources,"['white', 'note', 'assume', 'list', 'law', 'conference.', 'leg', 'medical', 'close', 'claim', 'stop', 'else', 'but.', '—', 'shocking', 'claims', 'mind', 'control', 'surface', 'internet.']",FAKE
F222,Mind Control Confirmed by Sources,"['old', 'including', 'remember', 'memory', 'arm', 'believe.', 'box', 'build', 'occur', 'bed', 'small.', 'discuss', 'community', 'car.', '—', 'shocking', 'claims', 'mind', 'control', 'surface', 'internet.']",FAKE
R114,New Report on Climate Change,"['write', 'process', 'eat', 'pick', 'list', 'establish', 'him.', 'term', 'whatever', 'dark', 'memory.', 'experts', 'discuss', 'ongoing', 'developments', 'climate', 'change.']",REAL
F235,Celebrity Scandal Confirmed by Sources,"['official', 'easy', 'notice', 'certainly', 'possible', 'guy', 'require.', 'happy', 'officer', 'last', 'economy', 'hospital', 'picture.', '—', 'shocking', 'claims', 'celebrity', 'scandal', 'surface', 'internet.']",FAKE
F185,Hoax Confirmed by Sources,"['nearly', 'right', 'voice.', 'standard', 'late', 'trial', 'past', 'skin', 'detail', 'trade.', 'white', 'night', 'course', 'arm', 'lead.', '—', 'shocking', 'claims', 'hoax', 'surface', 'internet.']",FAKE
F221,Flat Earth Confirmed by Sources,"['analysis', 'wide', 'loss', 'thing.', 'month', 'necessary', 'machine', 'method.', 'everybody', 'far', 'method', 'daughter', 'marriage', 'impact.', '—', 'shocking', 'claims', 'flat', 'earth', 'surface', 'internet.']",FAKE
F054,Secret Cure Confirmed by Sources,"['main', 'great', 'government', 'training', 'page', 'word', 'market.', '—', 'shocking', 'claims', 'secret', 'cure', 'surface', 'internet.']",FAKE
R000,New Report on Public Health,"['run', 'late', 'skin', 'indeed', 'beat', 'land', 'create.', 'teach', 'time', 'clear', 'any.', 'whether', 'chance', 'public', 'yet', 'church', 'medical.', 'experts', 'discuss', 'ongoing', 'developments', 'public', 'health.']",REAL
R178,New Report on Budget Report,"['million', 'point', 'establish', 'available', 'drive.', 'common', 'fight', 'win', 'away', 'result.', 'experts', 'discuss', 'ongoing', 'developments', 'budget', 'report.']",REAL
F006,Hoax Confirmed by Sources,"['attention', 'data', 'name', 'consider', 'week.', 'top', 'hit', 'without', 'language', 'minute', 'local', 'by.', 'long', 'animal', 'black', 'tv.', '—', 'shocking', 'claims', 'hoax', 'surface', 'internet.']",FAKE
F174,Secret Cure Confirmed by Sources,"['republican', 'white', 'bill', 'single', 'leave', 'pressure', 'war.', 'room', 'kind', 'financial', 'society', 'high', 'from.', '—', 'shocking', 'claims', 'secret', 'cure', 'surface', 'internet.']",FAKE
R009,New Report on Election,"['edge', 'daughter', 'drive.', 'perhaps', 'rich', 'another', 'guess', 'life', 'exactly.', 'art', 'real', 'peace', 'amount.', 'experts', 'discuss', 'ongoing', 'developments', 'election.']",REAL
R122,New Report on Economic Growth,"['medical', 'term', 'sure', 'morning', 'wall', 'final', 'responsibility', 'realize.', 'consumer', 'little', 'forward', 'staff.', 'party', 'plan', 'prevent', 'ball', 'congress.', 'experts', 'discuss', 'ongoing', 'developments', 'economic', 'growth.']",REAL
F189,Immortal Jellyfish Confirmed by Sources,"['response', 'unit', 'low', 'play', 'concern', 'bag', 'heart.', 'health', 'present', 'stage', 'fear.', 'teacher', 'camera', 'information', 'east', 'wife', 'stage.', '—', 'shocking', 'claims', 'immortal', 'jellyfish', 'surface', 'internet.']",FAKE
R146,New Report on Technology Breakthrough,"['growth', 'responsibility', 'learn', 'congress.', 'think', 'thousand', 'right', 'executive', 'alone.', 'experts', 'discuss', 'ongoing', 'developments', 'technology', 'breakthrough.']",REAL
R022,New Report on Climate Change,"['lead', 'southern.', 'town', 'speech', 'campaign', 'food', 'often', 'field', 'instead.', 'experts', 'discuss', 'ongoing', 'developments', 'climate', 'change.']",REAL
F177,Aliens Confirmed by Sources,"['blue', 'change', 'middle', 'remain', 'treatment.', 'brother', 'red', 'structure', 'trip', 'small', 'father.', '—', 'shocking', 'claims', 'aliens', 'surface', 'internet.']",FAKE
F021,Secret Cure Confirmed by Sources,"['allow', 'happen', 'practice.', 'thought', 'send', 'might', 'huge', 'brother.', '—', 'shocking', 'claims', 'secret', 'cure', 'surface', 'internet.']",FAKE
R039,New Report on Economic Growth,"['late', 'truth', 'behind.', 'experts', 'discuss', 'ongoing', 'developments', 'economic', 'growth.']",REAL
F061,Miracle Drug Confirmed by Sources,"['anyone', 'security', 'attention', 'society.', 'enter', 'eat', 'detail', 'purpose', 'really', 'democrat.', '—', 'shocking', 'claims', 'miracle', 'drug', 'surface', 'internet.']",FAKE
R057,New Report on Technology Breakthrough,"['say', 'far', 'evidence', 'decade', 'dinner', 'teach', 'unit.', 'debate', 'bag', 'difference', 'person', 'ahead', 'strong', 'others', 'enjoy.', 'experts', 'discuss', 'ongoing', 'developments', 'technology', 'breakthrough.']",REAL
F154,Immortal Jellyfish Confirmed by Sources,"['brother', 'wide', 'technology', 'firm.', 'prepare', 'american', 'suffer', 'sure', 'behavior', 'turn.', 'class', 'dog', 'region', 'color', 'hospital.', '—', 'shocking', 'claims', 'immortal', 'jellyfish', 'surface', 'internet.']",FAKE
F052,Mind Control Confirmed by Sources,"['week', 'total', 'consumer', 'none', 'participant', 'analysis', 'thing.', 'put', 'cause', 'avoid', 'difference', 'finish', 'order', 'individual.', '—', 'shocking', 'claims', 'mind', 'control', 'surface', 'internet.']",FAKE
F124,Flat Earth Confirmed by Sources,"['space', 'memory', 'country', 'factor', 'throw', 'window.', 'bar', 'blue', 'new.', 'sign', 'learn', 'trouble', 'pattern', 'impact.', '—', 'shocking', 'claims', 'flat', 'earth', 'surface', 'internet.']",FAKE
R071,New Report on Budget Report,"['manage', 'decade', 'enter', 'two.', 'meeting', 'camera', 'skill.', 'century', 'several', 'strategy', 'receive', 'voice', 'ground.', 'experts', 'discuss', 'ongoing', 'developments', 'budget', 'report.']",REAL
R152,New Report on Budget Report,"['full', 'design', 'consider', 'school', 'table.', 'cost', 'even', 'ground', 'hear', 'two', 'expert.', 'factor', 'technology', 'eat', 'teach', 'save', 'issue', 'throw', 'particular.', 'experts', 'discuss', 'ongoing', 'developments', 'budget', 'report.']",REAL
F038,Mind Control Confirmed by Sources,"['movie', 'science', 'protect', 'late', 'memory', 'keep', 'per.', '—', 'shocking', 'claims', 'mind', 'control', 'surface', 'internet.']",FAKE
F101,Immortal Jellyfish Confirmed by Sources,"['design', 'oil', 'specific', 'test', 'second', 'book.', 'occur', 'better', 'early', 'whose', 'culture.', 'report', 'true', 'cut', 'finally', 'set', 'next.', '—', 'shocking', 'claims', 'immortal', 'jellyfish', 'surface', 'internet.']",FAKE
F203,Celebrity Scandal Confirmed by Sources,"['agency', 'paper', 'run', 'run', 'within', 'past.', 'white', 'really', 'value', 'arm.', '—', 'shocking', 'claims', 'celebrity', 'scandal', 'surface', 'internet.']",FAKE
F192,Government Cover-Up Confirmed by Sources,"['step', 'appear', 'behavior', 'produce.', 'everyone', 'sure', 'organization', 'never.', 'away', 'blood', 'resource', 'anything.', '—', 'shocking', 'claims', 'government', 'cover-up', 'surface', 'internet.']",FAKE
R189,New Report on Climate Change,"['kid', 'wrong', 'effort', 'south.', 'experts', 'discuss', 'ongoing', 'developments', 'climate', 'change.']",REAL
R098,New Report on Election,"['never', 'none', 'population', 'bag.', 'carry', 'money', 'charge', 'professor.', 'almost', 'whether', 'apply', 'wrong', 'role', 'argue', 'method.', 'experts', 'discuss', 'ongoing', 'developments', 'election.']",REAL
R149,New Report on Economic Growth,"['appear', 'stage', 'upon', 'stuff', 'consider', 'call.', 'heart', 'yeah', 'third', 'left.', 'maybe', 'defense', 'public', 'ten.', 'experts', 'discuss', 'ongoing', 'developments', 'economic', 'growth.']",REAL
R046,New Report on Education,"['play', 'body', 'much', 'pressure', 'wish', 'strong.', 'every', 'old', 'network', 'especially.', 'mention', 'use', 'black.', 'experts', 'discuss', 'ongoing', 'developments', 'education.']",REAL
F055,Hoax Confirmed by Sources,"['pick', 'continue', 'guy.', 'sea', 'story', 'discuss', 'high', 'per.', '—', 'shocking', 'claims', 'hoax', 'surface', 'internet.']",FAKE
F159,Flat Earth Confirmed by Sources,"['benefit', 'player', 'year', 'even', 'concern', 'add.', 'television', 'reason', 'degree.', '—', 'shocking', 'claims', 'flat', 'earth', 'surface', 'internet.']",FAKE
F083,Secret Cure Confirmed by Sources,"['something', 'general', 'family', 'reduce', 'material', 'population', 'order', 'health.', 'keep', 'focus', 'support', 'every', 'degree.', 'reality', 'win', 'relationship', 'charge', 'paper.', '—', 'shocking', 'claims', 'secret', 'cure', 'surface', 'internet.']",FAKE
R109,New Report on Education,"['pull', 'plant', 'building', 'within.', 'create', 'game', 'send', 'across', 'speech', 'product', 'wrong', 'accept.', 'reality', 'certainly', 'many', 'nearly', 'radio', 'economic.', 'something', 'standard', 'president', 'wide', 'difficult', 'base.', 'experts', 'discuss', 'ongoing', 'developments', 'education.']",REAL
R102,New Report on Climate Change,"['character', 'thousand', 'rule', 'church', 'shake', 'strong.', 'run', 'shoulder', 'attention', 'seek', 'scene', 'president.', 'experts', 'discuss', 'ongoing', 'developments', 'climate', 'change.']",REAL
R060,New Report on Election,"['rather', 'mouth', 'water', 'listen.', 'group', 'pass', 'research', 'effect', 'avoid', 'glass', 'middle.', 'experts', 'discuss', 'ongoing', 'developments', 'election.']",REAL
F085,Secret Cure Confirmed by Sources,"['guess', 'first', 'student', 'room.', 'often', 'believe', 'level', 'science.', '—', 'shocking', 'claims', 'secret', 'cure', 'surface', 'internet.']",FAKE
F188,Hoax Confirmed by Sources,"['policy', 'improve', 'adult', 'least.', 'mrs', 'audience', 'simply', 'audience', 'somebody.', 'pattern', 'yard', 'happy', 'may.', 'environmental', 'sell', 'side', 'write', 'expert', 'summer.', '—', 'shocking', 'claims', 'hoax', 'surface', 'internet.']",FAKE
F131,Hoax Confirmed by Sources,"['ago.', 'stuff', 'nearly', 'raise.', 'career', 'recent', 'simple', 'onto', 'consumer', 'education.', 'practice', 'chance', 'situation', 'begin', 'least', 'suddenly', 'four.', '—', 'shocking', 'claims', 'hoax', 'surface', 'internet.']",FAKE
R202,New Report on Public Health,"['become', 'already', 'none.', 'movie', 'decade', 'performance', 'think', 'approach.', 'friend', 'light', 'organization', 'remember', 'growth.', 'experts', 'discuss', 'ongoing', 'developments', 'public', 'health.']",REAL
F111,Celebrity Scandal Confirmed by Sources,"['run', 'assume', 'board.', 'cost', 'wind', 'room', 'risk.', '—', 'shocking', 'claims', 'celebrity', 'scandal', 'surface', 'internet.']",FAKE
R151,New Report on Policy,"['thousand', 'coach', 'risk', 'source', 'allow', 'value.', 'partner', 'goal', 'parent', 'not.', 'among', 'newspaper', 'region', 'think', 'major', 'huge', 'realize.', 'republican', 'page', 'something', 'spend', 'word', 'song', 'local.', 'experts', 'discuss', 'ongoing', 'developments', 'policy.']",REAL
F058,Government Cover-Up Confirmed by Sources,"['seek', 'travel', 'admit', 'carry', 'possible', 'agent.', 'consider', 'shoulder', 'born', 'service', 'economic.', '—', 'shocking', 'claims', 'government', 'cover-up', 'surface', 'internet.']",FAKE
R164,New Report on Education,"['spring', 'site', 'congress.', 'political', 'forward', 'hear', 'apply', 'thank', 'service.', 'single', 'weight', 'service', 'tonight', 'prepare.', 'experts', 'discuss', 'ongoing', 'developments', 'education.']",REAL
F242,Celebrity Scandal Confirmed by Sources,"['agency', 'manage.', 'bag', 'young', 'similar', 'talk', 'add.', '—', 'shocking', 'claims', 'celebrity', 'scandal', 'surface', 'internet.']",FAKE
F064,Mind Control Confirmed by Sources,"['institution', 'information', 'society', 'sell.', 'owner', 'important', 'subject.', '—', 'shocking', 'claims', 'mind', 'control', 'surface', 'internet.']",FAKE
R228,New Report on Education,"['art', 'professor', 'option', 'coach', 'positive.', 'late', 'use', 'plant', 'among', 'officer', 'customer.', 'experts', 'discuss', 'ongoing', 'developments', 'education.']",REAL
R210,New Report on Economic Growth,"['short', 'number', 'upon', 'price.', 'local', 'agreement', 'raise', 'present', 'congress.', 'already', 'everyone', 'explain', 'letter', 'player', 'list.', 'experts', 'discuss', 'ongoing', 'developments', 'economic', 'growth.']",REAL
R156,New Report on Policy,"['history', 'share', 'total', 'away', 'relationship.', 'language', 'discussion', 'design', 'defense', 'arm', 'agree', 'star.', 'structure', 'whether.', 'experts', 'discuss', 'ongoing', 'developments', 'policy.']",REAL
R192,New Report on Climate Change,"['medical', 'degree', 'find.', 'number', 'young', 'life', 'actually', 'almost', 'thus', 'follow', 'the.', 'experts', 'discuss', 'ongoing', 'developments', 'climate', 'change.']",REAL
F102,Government Cover-Up Confirmed by Sources,"['shoulder', 'doctor', 'class', 'hot', 'beautiful', 'thing.', 'huge', 'early', 'control.', '—', 'shocking', 'claims', 'government', 'cover-up', 'surface', 'internet.']",FAKE
R237,New Report on Election,"['note', 'specific', 'training', 'artist', 'law', 'return.', 'provide', 'reason', 'human', 'point.', 'experts', 'discuss', 'ongoing', 'developments', 'election.']",REAL
F015,Immortal Jellyfish Confirmed by Sources,"['size', 'tough', 'carry', 'recent', 'eat', 'seek.', 'read', 'southern', 'lay', 'various.', 'science', 'fine', 'seem', 'cause', 'arm', 'everybody', 'bill.', '—', 'shocking', 'claims', 'immortal', 'jellyfish', 'surface', 'internet.']",FAKE
F020,Celebrity Scandal Confirmed by Sources,"['opportunity', 'small', 'hot', 'never', 'set', 'finally.', 'choose', 'area', 'establish', 'hair', 'sometimes.', '—', 'shocking', 'claims', 'celebrity', 'scandal', 'surface', 'internet.']",FAKE
R083,New Report on Election,"['let', 'force', 'participant.', 'send', 'unit', 'generation', 'build', 'report.', 'soldier', 'eight', 'nor.', 'experts', 'discuss', 'ongoing', 'developments', 'election.']",REAL
F035,Hoax Confirmed by Sources,"['like', 'themselves.', 'discuss', 'fast', 'tv', 'say', 'decade', 'local.', 'common', 'apply', 'appear', 'candidate', 'sure', 'lot.', 'coach', 'politics', 'hair', 'along.', '—', 'shocking', 'claims', 'hoax', 'surface', 'internet.']",FAKE
R082,New Report on Budget Report,"['partner', 'wish', 'near', 'kid', 'view', 'real', 'drug', 'star.', 'rate', 'high', 'program', 'radio', 'reach', 'value', 'community', 'well.', 'experts', 'discuss', 'ongoing', 'developments', 'budget', 'report.']",REAL
F114,Mind Control Confirmed by Sources,"['south', 'rest', 'certain', 'likely', 'her.', 'think', 'speech', 'everything', 'sign', 'authority', 'peace', 'report.', '—', 'shocking', 'claims', 'mind', 'control', 'surface', 'internet.']",FAKE
F179,Secret Cure Confirmed by Sources,"['raise', 'deal', 'together', 'style', 'officer', 'push', 'side', 'practice.', 'coach', 'old', 'doctor', 'kind.', 'animal', 'field', 'court.', '—', 'shocking', 'claims', 'secret', 'cure', 'surface', 'internet.']",FAKE
F026,Celebrity Scandal Confirmed by Sources,"['follow', 'event', 'decade', 'effect', 'discover.', 'congress', 'bank', 'ready', 'bar.', 'throughout', 'front.', '—', 'shocking', 'claims', 'celebrity', 'scandal', 'surface', 'internet.']",FAKE
R217,New Report on Election,"['possible', 'parent', 'improve', 'need', 'social', 'business.', 'experts', 'discuss', 'ongoing', 'developments', 'election.']",REAL
F009,Celebrity Scandal Confirmed by Sources,"['keep', 'nothing', 'accept.', 'site', 'ball', 'account', 'deal.', 'similar', 'personal', 'within', 'someone.', '—', 'shocking', 'claims', 'celebrity', 'scandal', 'surface', 'internet.']",FAKE
F240,Aliens Confirmed by Sources,"['together', 'decade', 'may', 'rest', 'whatever.', 'machine', 'assume', 'treatment', 'happen', 'level', 'course.', '—', 'shocking', 'claims', 'aliens', 'surface', 'internet.']",FAKE
R216,New Report on Research,"['parent', 'hour', 'along', 'soon', 'mission', 'admit.', 'real', 'message', 'thousand', 'worker', 'south.', 'experts', 'discuss', 'ongoing', 'developments', 'research.']",REAL
F129,Flat Earth Confirmed by Sources,"['impact', 'western', 'structure', 'first', 'else', 'also', 'herself.', 'owner', 'consider', 'drive', 'leader', 'science.', 'far', 'start', 'national', 'store.', '—', 'shocking', 'claims', 'flat', 'earth', 'surface', 'internet.']",FAKE
R197,New Report on Education,"['film', 'approach', 'happen', 'finally', 'economy.', 'catch', 'break', 'mind', 'really', 'field', 'effect', 'live.', 'everyone', 'whose.', 'experts', 'discuss', 'ongoing', 'developments', 'education.']",REAL
F142,Government Cover-Up Confirmed by Sources,"['bill', 'threat', 'religious', 'it.', 'expect', 'force', 'though.', '—', 'shocking', 'claims', 'government', 'cover-up', 'surface', 'internet.']",FAKE
R140,New Report on Climate Change,"['involve', 'question', 'impact', 'simply', 'front', 'happy', 'pm.', 'include', 'stock', 'detail', 'right', 'prevent', 'federal.', 'challenge', 'civil', 'reality', 'just.', 'experts', 'discuss', 'ongoing', 'developments', 'climate', 'change.']",REAL
R165,New Report on Budget Report,"['approach', 'prevent', 'phone', 'five', 'whether', 'kid.', 'none', 'late', 'political', 'allow', 'treatment.', 'experts', 'discuss', 'ongoing', 'developments', 'budget', 'report.']",REAL
R139,New Report on Education,"['yard', 'dream', 'hear', 'record', 'less', 'particularly', 'doctor.', 'possible', 'smile', 'rise', 'nothing', 'series.', 'according', 'sing', 'work', 'kitchen', 'physical', 'word.', 'experts', 'discuss', 'ongoing', 'developments', 'education.']",REAL
F232,Hoax Confirmed by Sources,"['bit', 'fine', 'increase', 'challenge', 'summer', 'various', 'paper', 'your.', '—', 'shocking', 'claims', 'hoax', 'surface', 'internet.']",FAKE
F108,Celebrity Scandal Confirmed by Sources,"['miss', 'show', 'dream', 'information', 'shoulder', 'answer', 'occur.', '—', 'shocking', 'claims', 'celebrity', 'scandal', 'surface', 'internet.']",FAKE
F167,Celebrity Scandal Confirmed by Sources,"['car', 'fly', 'quality', 'begin', 'happy', 'threat.', '—', 'shocking', 'claims', 'celebrity', 'scandal', 'surface', 'internet.']",FAKE
R242,New Report on Research,"['likely', 'several', 'church', 'work', 'season', 'turn.', 'wish', 'court', 'level', 'blue', 'college', 'important.', 'person', 'either', 'likely', 'rock', 'expert.', 'experts', 'discuss', 'ongoing', 'developments', 'research.']",REAL
F133,Immortal Jellyfish Confirmed by Sources,"['best', 'well', 'suffer', 'song', 'small.', 'south', 'tax', 'sometimes', 'former', 'first', 'require', 'pattern', 'enough.', '—', 'shocking', 'claims', 'immortal', 'jellyfish', 'surface', 'internet.']",FAKE
F025,Flat Earth Confirmed by Sources,"['former', 'political', 'type', 'their.', 'artist', 'thing', 'officer', 'gun', 'decision', 'participant', 'town.', '—', 'shocking', 'claims', 'flat', 'earth', 'surface', 'internet.']",FAKE
F093,Immortal Jellyfish Confirmed by Sources,"['two', 'everything', 'present', 'wide', 'civil', 'assume', 'number.', 'level', 'place', 'sea.', '—', 'shocking', 'claims', 'immortal', 'jellyfish', 'surface', 'internet.']",FAKE
F236,Government Cover-Up Confirmed by Sources,"['almost', 'memory', 'whose', 'soldier.', '—', 'shocking', 'claims', 'government', 'cover-up', 'surface', 'internet.']",FAKE
F069,Flat Earth Confirmed by Sources,"['say', 'forward', 'board', 'including.', 'north', 'stay', 'yeah', 'hand', 'nearly', 'never', 'ever.', 'blood', 'magazine', 'control', 'hit', 'second.', '—', 'shocking', 'claims', 'flat', 'earth', 'surface', 'internet.']",FAKE
F219,Flat Earth Confirmed by Sources,"['way', 'statement', 'mention.', 'suggest', 'story', 'audience', 'threat.', '—', 'shocking', 'claims', 'flat', 'earth', 'surface', 'internet.']",FAKE
R079,New Report on Election,"['care', 'identify', 'east', 'wait', 'another', 'close', 'yeah.', 'nice', 'almost', 'left.', 'top', 'establish', 'green', 'cost', 'cover', 'affect.', 'experts', 'discuss', 'ongoing', 'developments', 'election.']",REAL
F042,Hoax Confirmed by Sources,"['early', 'growth', 'capital', 'guess', 'recent', 'into.', 'high', 'per', 'century', 'teach', 'behind', 'military', 'family.', '—', 'shocking', 'claims', 'hoax', 'surface', 'internet.']",FAKE
R154,New Report on Budget Report,"['unit', 'financial', 'organization.', 'fine', 'close', 'decade', 'some.', 'fill', 'movie', 'however', 'teach', 'end', 'across', 'spring.', 'experts', 'discuss', 'ongoing', 'developments', 'budget', 'report.']",REAL
R089,New Report on Public Health,"['animal', 'manage', 'idea', 'age', 'particular.', 'audience', 'year', 'american', 'door', 'data', 'stage.', 'experts', 'discuss', 'ongoing', 'developments', 'public', 'health.']",REAL
R038,New Report on Public Health,"['answer', 'hot', 'mean', 'institution.', 'economy', 'practice', 'impact', 'attention', 'form.', 'experts', 'discuss', 'ongoing', 'developments', 'public', 'health.']",REAL
R053,New Report on Economic Growth,"['live', 'perform', 'road.', 'indeed', 'commercial', 'back', 'heavy.', 'land', 'professional', 'how.', 'experts', 'discuss', 'ongoing', 'developments', 'economic', 'growth.']",REAL
F201,Hoax Confirmed by Sources,"['bag', 'big', 'discuss', 'source', 'show', 'firm.', 'guess', 'food', 'century', 'war', 'foot.', 'begin', 'today', 'technology', 'beyond.', '—', 'shocking', 'claims', 'hoax', 'surface', 'internet.']",FAKE
F013,Secret Cure Confirmed by Sources,"['sound', 'surface', 'once.', 'reality', 'million', 'house', 'someone', 'owner', 'class', 'various.', 'get', 'race', 'main', 'energy', 'start', 'likely.', '—', 'shocking', 'claims', 'secret', 'cure', 'surface', 'internet.']",FAKE
R023,New Report on Policy,"['huge', 'level', 'republican', 'head', 'tend', 'trip.', 'mission', 'leave', 'notice', 'focus', 'relate', 'song', 'beyond.', 'lose', 'indeed', 'provide', 'dream', 'bad', 'military', 'everything.', 'ok', 'beautiful', 'world', 'else', 'project.', 'experts', 'discuss', 'ongoing', 'developments', 'policy.']",REAL
R068,New Report on Technology Breakthrough,"['learn', 'admit', 'blue', 'south.', 'experts', 'discuss', 'ongoing', 'developments', 'technology', 'breakthrough.']",REAL
F065,Hoax Confirmed by Sources,"['tv', 'industry', 'compare', 'boy', 'study', 'floor.', 'measure', 'majority', 'eye', 'little', 'four', 'cup.', '—', 'shocking', 'claims', 'hoax', 'surface', 'internet.']",FAKE
F239,Celebrity Scandal Confirmed by Sources,"['compare', 'rock', 'position', 'arm', 'spend', 'with.', 'art', 'newspaper', 'big', 'deep', 'blood', 'including', 'million.', 'without', 'raise', 'try', 'hear', 'investment', 'common', 'administration.', '—', 'shocking', 'claims', 'celebrity', 'scandal', 'surface', 'internet.']",FAKE
F084,Miracle Drug Confirmed by Sources,"['physical', 'buy', 'individual', 'enjoy', 'when.', 'bill', 'plant', 'quite', 'remember', 'general.', '—', 'shocking', 'claims', 'miracle', 'drug', 'surface', 'internet.']",FAKE
R120,New Report on Election,"['campaign', 'month.', 'mrs', 'situation', 'ago', 'life', 'save', 'live', 'arrive.', 'experts', 'discuss', 'ongoing', 'developments', 'election.']",REAL
F207,Government Cover-Up Confirmed by Sources,"['occur', 'wife', 'third', 'marriage', 'military', 'professional.', 'church', 'agent', 'street', 'smile.', '—', 'shocking', 'claims', 'government', 'cover-up', 'surface', 'internet.']",FAKE
R158,New Report on Economic Growth,"['pattern', 'let', 'stay', 'these.', 'moment', 'must', 'like.', 'expect', 'pay', 'hotel', 'leader.', 'experts', 'discuss', 'ongoing', 'developments', 'economic', 'growth.']",REAL
R097,New Report on Technology Breakthrough,"['must', 'white', 'factor', 'pay', 'model', 'example.', 'work', 'bank', 'perform', 'national', 'agree.', 'experts', 'discuss', 'ongoing', 'developments', 'technology', 'breakthrough.']",REAL
R092,New Report on Technology Breakthrough,"['piece', 'upon', 'factor', 'occur', 'economic', 'administration', 'each.', 'look', 'build', 'collection', 'worry.', 'feeling', 'win', 'station', 'north', 'half.', 'experts', 'discuss', 'ongoing', 'developments', 'technology', 'breakthrough.']",REAL
F172,Hoax Confirmed by Sources,"['stay', 'summer', 'avoid', 'reflect.', 'data', 'arm', 'learn', 'make', 'young.', 'school', 'street', 'thus.', '—', 'shocking', 'claims', 'hoax', 'surface', 'internet.']",FAKE
R182,New Report on Economic Growth,"['loss', 'road', 'thousand.', 'news', 'information', 'age', 'chair.', 'beautiful', 'around', 'improve', 'police.', 'experts', 'discuss', 'ongoing', 'developments', 'economic', 'growth.']",REAL
F014,Secret Cure Confirmed by Sources,"['certain', 'current', 'response', 'simply.', 'medical', 'share', 'great.', '—', 'shocking', 'claims', 'secret', 'cure', 'surface', 'internet.']",FAKE
R230,New Report on Election,"['indicate', 'social', 'choose', 'buy', 'still.', 'letter', 'economic', 'range', 'field', 'natural.', 'experts', 'discuss', 'ongoing', 'developments', 'election.']",REAL
F223,Government Cover-Up Confirmed by Sources,"['lead', 'far', 'really.', 'indeed', 'interesting', 'success', 'daughter', 'relationship.', 'guess', 'feel', 'month', 'executive', 'six', 'thought.', '—', 'shocking', 'claims', 'government', 'cover-up', 'surface', 'internet.']",FAKE
R221,New Report on Policy,"['course', 'final', 'scene', 'prepare', 'owner.', 'east', 'financial', 'change', 'how.', 'experts', 'discuss', 'ongoing', 'developments', 'policy.']",REAL
R173,New Report on Climate Change,"['friend', 'kind', 'issue', 'recent', 'box', 'know', 'ever.', 'grow', 'third', 'speak', 'participant', 'pass.', 'experts', 'discuss', 'ongoing', 'developments', 'climate', 'change.']",REAL
F249,Immortal Jellyfish Confirmed by Sources,"['total', 'major', 'age.', 'day', 'discuss', 'blood', 'product', 'each.', 'bank', 'pick', 'relationship.', '—', 'shocking', 'claims', 'immortal', 'jellyfish', 'surface', 'internet.']",FAKE
F112,Government Cover-Up Confirmed by Sources,"['edge', 'mouth', 'red', 'chair', 'they.', 'probably', 'learn', 'fast', 'ago', 'today.', 'seven', 'environmental', 'quite', 'answer', 'claim.', '—', 'shocking', 'claims', 'government', 'cover-up', 'surface', 'internet.']",FAKE
R058,New Report on Budget Report,"['strategy', 'crime', 'explain', 'water', 'participant', 'everybody.', 'minute', 'year', 'chance', 'person.', 'million', 'want', 'see', 'thank', 'five', 'evening', 'world.', 'experts', 'discuss', 'ongoing', 'developments', 'budget', 'report.']",REAL
R159,New Report on Economic Growth,"['hard', 'dinner', 'soldier', 'window.', 'across', 'media', 'minute', 'art', 'sell', 'life', 'give.', 'moment', 'gas', 'pattern', 'reach', 'professor.', 'experts', 'discuss', 'ongoing', 'developments', 'economic', 'growth.']",REAL
R029,New Report on Economic Growth,"['check', 'require', 'score', 'machine', 'deal', 'major.', 'gun', 'help.', 'way', 'imagine', 'choose', 'six', 'production', 'candidate', 'near.', 'education', 'top', 'situation', 'american', 'recent', 'rest', 'check.', 'experts', 'discuss', 'ongoing', 'developments', 'economic', 'growth.']",REAL
R126,New Report on Research,"['move', 'scientist', 'technology', 'create', 'scientist', 'partner', 'federal.', 'travel', 'peace', 'response', 'country', 'race.', 'experts', 'discuss', 'ongoing', 'developments', 'research.']",REAL
R132,New Report on Education,"['fire', 'certainly', 'away', 'expect', 'already', 'theory', 'interview.', 'large', 'protect', 'sing', 'bar', 'century.', 'simple', 'threat', 'economic.', 'experts', 'discuss', 'ongoing', 'developments', 'education.']",REAL
R025,New Report on Election,"['couple', 'issue', 'foot', 'rock', 'family.', 'standard', 'great', 'news.', 'experts', 'discuss', 'ongoing', 'developments', 'election.']",REAL
F214,Secret Cure Confirmed by Sources,"['child', 'anything', 'better', 'set', 'financial.', 'necessary', 'cost', 'century', 'consumer', 'race.', '—', 'shocking', 'claims', 'secret', 'cure', 'surface', 'internet.']",FAKE
R177,New Report on Policy,"['wind', 'democrat', 'focus', 'agency', 'within', 'food.', 'street', 'we.', 'edge', 'cold', 'despite', 'situation', 'exist', 'order', 'direction.', 'experts', 'discuss', 'ongoing', 'developments', 'policy.']",REAL
R196,New Report on Budget Report,"['choose', 'forward', 'simply.', 'experts', 'discuss', 'ongoing', 'developments', 'budget', 'report.']",REAL
R135,New Report on Budget Report,"['kind', 'lot', 'general', 'ago', 'leader.', 'church', 'human', 'while.', 'consider', 'degree', 'teacher', 'sister', 'brother', 'expect.', 'experts', 'discuss', 'ongoing', 'developments', 'budget', 'report.']",REAL
F152,Government Cover-Up Confirmed by Sources,"['artist', 'population', 'quickly', 'stock', 'chair', 'between.', 'knowledge', 'put', 'party', 'fly', 'reach.', 'adult', 'thank', 'go', 'movement', 'practice', 'fill', 'particular', 'oil.', '—', 'shocking', 'claims', 'government', 'cover-up', 'surface', 'internet.']",FAKE
F180,Secret Cure Confirmed by Sources,"['trip', 'high', 'short', 'way', 'officer', 'agency.', 'consider', 'development', 'although', 'right.', 'nothing', 'material', 'free', 'government', 'explain', 'sound.', '—', 'shocking', 'claims', 'secret', 'cure', 'surface', 'internet.']",FAKE
F003,Secret Cure Confirmed by Sources,"['able', 'charge', 'approach', 'long.', 'cause', 'fall', 'finish.', 'teacher', 'well', 'newspaper', 'number.', '—', 'shocking', 'claims', 'secret', 'cure', 'surface', 'internet.']",FAKE
F244,Celebrity Scandal Confirmed by Sources,"['north', 'organization', 'allow.', '—', 'shocking', 'claims', 'celebrity', 'scandal', 'surface', 'internet.']",FAKE
F194,Immortal Jellyfish Confirmed by Sources,"['though', 'box', 'happy', 'hold', 'everything', 'order.', 'study', 'allow', 'issue', 'glass', 'successful.', '—', 'shocking', 'claims', 'immortal', 'jellyfish', 'surface', 'internet.']",FAKE
R044,New Report on Policy,"['say', 'name', 'number', 'region', 'size', 'thank', 'interest.', 'quickly', 'stuff', 'type', 'purpose', 'enough', 'international', 'computer.', 'experts', 'discuss', 'ongoing', 'developments', 'policy.']",REAL
R141,New Report on Economic Growth,"['subject', 'marriage', 'local', 'institution', 'data.', 'particularly', 'reveal', 'toward', 'history', 'easy.', 'experts', 'discuss', 'ongoing', 'developments', 'economic', 'growth.']",REAL
R188,New Report on Climate Change,"['financial', 'agent', 'information', 'draw', 'article', 'really', 'everything.', 'meeting', 'hundred', 'avoid', 'really', 'use', 'audience.', 'experts', 'discuss', 'ongoing', 'developments', 'climate', 'change.']",REAL
F010,Aliens Confirmed by Sources,"['value', 'bed', 'customer', 'forward.', 'experience', 'hit', 'strategy', 'hold', 'save', 'education', 'child.', '—', 'shocking', 'claims', 'aliens', 'surface', 'internet.']",FAKE
R106,New Report on Economic Growth,"['head', 'program', 'gun.', 'price', 'official.', 'experts', 'discuss', 'ongoing', 'developments', 'economic', 'growth.']",REAL
R049,New Report on Research,"['benefit', 'attack', 'series', 'city', 'three', 'southern.', 'history', 'morning', 'point', 'author.', 'time', 'pressure', 'room.', 'experts', 'discuss', 'ongoing', 'developments', 'research.']",REAL
R144,New Report on Budget Report,"['catch', 'civil', 'land', 'strategy', 'campaign', 'either.', 'experts', 'discuss', 'ongoing', 'developments', 'budget', 'report.']",REAL
F199,Celebrity Scandal Confirmed by Sources,"['baby', 'challenge', 'relationship', 'where.', 'indicate', 'trip', 'card', 'international.', 'option', 'else', 'public', 'senior.', '—', 'shocking', 'claims', 'celebrity', 'scandal', 'surface', 'internet.']",FAKE
F215,Secret Cure Confirmed by Sources,"['conference', 'collection', 'realize', 'book', 'such.', 'current', 'wish', 'call.', 'forward', 'agree', 'different.', 'check', 'ball', 'nation', 'region', 'light', 'watch', 'probably.', '—', 'shocking', 'claims', 'secret', 'cure', 'surface', 'internet.']",FAKE
R176,New Report on Economic Growth,"['simple', 'boy', 'child', 'hope', 'guy.', 'school', 'federal', 'forget', 'spend', 'game.', 'check', 'future', 'pretty', 'stage', 'some.', 'experts', 'discuss', 'ongoing', 'developments', 'economic', 'growth.']",REAL
F105,Hoax Confirmed by Sources,"['debate', 'scientist', 'spring', 'thousand', 'perform', 'describe.', 'cause', 'many', 'pick', 'professor', 'agency', 'significant.', '—', 'shocking', 'claims', 'hoax', 'surface', 'internet.']",FAKE
F031,Miracle Drug Confirmed by Sources,"['yet', 'water', 'figure', 'expect.', 'tough', 'school', 'day', 'serve', 'figure', 'house', 'soldier.', 'choice', 'figure', 'agency', 'garden', 'firm.', '—', 'shocking', 'claims', 'miracle', 'drug', 'surface', 'internet.']",FAKE
R206,New Report on Research,"['notice', 'kid', 'ready', 'small', 'police', 'talk', 'support.', 'certainly', 'task', 'audience', 'child.', 'per', 'experience', 'adult.', 'nearly', 'today', 'door', 'measure.', 'experts', 'discuss', 'ongoing', 'developments', 'research.']",REAL
F238,Secret Cure Confirmed by Sources,"['help', 'stop', 'hard', 'keep', 'phone', 'talk', 'catch.', 'character', 'however', 'miss.', '—', 'shocking', 'claims', 'secret', 'cure', 'surface', 'internet.']",FAKE
R027,New Report on Climate Change,"['get', 'central', 'style.', 'hold', 'act', 'contain', 'consumer.', 'pressure', 'poor', 'rather', 'feel', 'since', 'effort.', 'experts', 'discuss', 'ongoing', 'developments', 'climate', 'change.']",REAL
F169,Government Cover-Up Confirmed by Sources,"['quickly', 'build', 'hospital', 'place', 'interest', 'air.', 'special', 'region', 'society', 'act', 'compare.', '—', 'shocking', 'claims', 'government', 'cover-up', 'surface', 'internet.']",FAKE
F208,Aliens Confirmed by Sources,"['score', 'social', 'turn', 'cost', 'especially.', 'market', 'nothing', 'let', 'include', 'others.', 'race', 'forward', 'career', 'increase', 'yeah', 'home', 'media.', 'morning', 'edge', 'thing', 'tough.', '—', 'shocking', 'claims', 'aliens', 'surface', 'internet.']",FAKE
F212,Miracle Drug Confirmed by Sources,"['live', 'point', 'surface', 'always', 'writer.', 'business', 'play', 'throw', 'ready', 'close', 'board', 'data.', 'eye', 'lose', 'in.', '—', 'shocking', 'claims', 'miracle', 'drug', 'surface', 'internet.']",FAKE
F032,Hoax Confirmed by Sources,"['produce', 'amount', 'least', 'last', 'measure', 'reach', 'yard.', 'add', 'military', 'food', 'road.', 'loss', 'high', 'boy', 'girl', 'wife.', '—', 'shocking', 'claims', 'hoax', 'surface', 'internet.']",FAKE
F109,Hoax Confirmed by Sources,"['red', 'rise', 'attention', 'like', 'on.', 'sometimes', 'enter', 'stay', 'year', 'everything', 'floor', 'oil.', 'account', 'ask', 'positive.', '—', 'shocking', 'claims', 'hoax', 'surface', 'internet.']",FAKE
R111,New Report on Policy,"['peace', 'wind', 'consumer', 'imagine', 'recognize', 'read.', 'around', 'magazine', 'drug', 'price.', 'deep', 'call', 'memory', 'avoid', 'necessary', 'cause', 'subject', 'central.', 'experts', 'discuss', 'ongoing', 'developments', 'policy.']",REAL
F078,Aliens Confirmed by Sources,"['mission', 'popular', 'prevent.', 'central', 'almost.', 'although', 'finish', 'remain', 'staff.', '—', 'shocking', 'claims', 'aliens', 'surface', 'internet.']",FAKE
R105,New Report on Budget Report,"['style', 'still', 'tax', 'city', 'operation', 'soldier', 'federal.', 'concern', 'glass', 'board', 'paper.', 'experts', 'discuss', 'ongoing', 'developments', 'budget', 'report.']",REAL
F196,Government Cover-Up Confirmed by Sources,"['school', 'particular', 'lay', 'goal', 'trip', 'economic.', 'ground', 'leave', 'group', 'final', 'start', 'less.', '—', 'shocking', 'claims', 'government', 'cover-up', 'surface', 'internet.']",FAKE
F118,Immortal Jellyfish Confirmed by Sources,"['subject', 'high', 'right.', 'pass', 'fight', 'security', 'film', 'research', 'billion', 'southern.', 'water', 'building.', '—', 'shocking', 'claims', 'immortal', 'jellyfish', 'surface', 'internet.']",FAKE
F077,Secret Cure Confirmed by Sources,"['fund', 'maintain', 'development', 'first', 'total', 'class.', 'probably', 'decade', 'mission', 'hospital.', 'responsibility', 'almost', 'power', 'however', 'might.', '—', 'shocking', 'claims', 'secret', 'cure', 'surface', 'internet.']",FAKE
F070,Government Cover-Up Confirmed by Sources,"['side', 'glass', 'doctor', 'take.', 'safe', 'worry', 'ask', 'loss.', '—', 'shocking', 'claims', 'government', 'cover-up', 'surface', 'internet.']",FAKE
F041,Immortal Jellyfish Confirmed by Sources,"['research', 'figure', 'lead', 'degree', 'decision.', 'institution', 'employee', 'position', 'describe', 'result', 'floor', 'age.', 'instead', 'community', 'success.', '—', 'shocking', 'claims', 'immortal', 'jellyfish', 'surface', 'internet.']",FAKE
R026,New Report on Policy,"['somebody', 'street', 'side', 'dark', 'fight.', 'section', 'deal', 'last', 'perhaps', 'seat.', 'experts', 'discuss', 'ongoing', 'developments', 'policy.']",REAL
R207,New Report on Policy,"['single', 'leg', 'born.', 'list', 'result', 'campaign', 'success.', 'exactly', 'everything', 'music', 'tree', 'unit', 'decade', 'foot.', 'experts', 'discuss', 'ongoing', 'developments', 'policy.']",REAL
F163,Secret Cure Confirmed by Sources,"['behavior', 'decide', 'week.', 'music', 'film', 'challenge', 'partner.', '—', 'shocking', 'claims', 'secret', 'cure', 'surface', 'internet.']",FAKE
F171,Government Cover-Up Confirmed by Sources,"['message', 'true', 'floor', 'smile', 'budget', 'remain.', 'politics', 'trouble', 'network', 'close.', 'capital', 'use', 'protect', 'yeah', 'site.', '—', 'shocking', 'claims', 'government', 'cover-up', 'surface', 'internet.']",FAKE
F139,Immortal Jellyfish Confirmed by Sources,"['night', 'worry', 'safe', 'free.', 'choice', 'interesting', 'individual', 'determine', 'form', 'prove.', '—', 'shocking', 'claims', 'immortal', 'jellyfish', 'surface', 'internet.']",FAKE
F120,Miracle Drug Confirmed by Sources,"['feel', 'next', 'argue', 'store', 'available', 'including', 'can.', 'read', 'rule', 'discuss', 'entire.', '—', 'shocking', 'claims', 'miracle', 'drug', 'surface', 'internet.']",FAKE
F146,Mind Control Confirmed by Sources,"['test', 'personal', 'physical', 'sign', 'author', 'like.', 'trouble', 'first', 'man', 'us', 'investment', 'effect', 'low.', '—', 'shocking', 'claims', 'mind', 'control', 'surface', 'internet.']",FAKE
R115,New Report on Research,"['available', 'professor', 'language', 'central', 'physical', 'training.', 'music', 'wide', 'shoulder', 'daughter', 'south', 'home', 'radio.', 'experts', 'discuss', 'ongoing', 'developments', 'research.']",REAL
F039,Aliens Confirmed by Sources,"['college', 'minute', 'mother', 'sense.', 'effort', 'fast', 'cost', 'air', 'beyond', 'practice', 'perhaps.', 'rest', 'sea', 'sometimes', 'along', 'help', 'bit.', '—', 'shocking', 'claims', 'aliens', 'surface', 'internet.']",FAKE
F225,Hoax Confirmed by Sources,"['pull', 'chance', 'meet', 'success', 'trade', 'room', 'discover.', 'attack', 'current', 'everything', 'usually', 'see.', 'meeting', 'trouble.', '—', 'shocking', 'claims', 'hoax', 'surface', 'internet.']",FAKE
F140,Aliens Confirmed by Sources,"['another', 'together', 'easy', 'feel', 'threat.', 'become', 'field', 'wear', 'federal', 'congress', 'hear', 'open.', 'short', 'trade', 'long', 'wind', 'policy.', '—', 'shocking', 'claims', 'aliens', 'surface', 'internet.']",FAKE
F122,Mind Control Confirmed by Sources,"['nice', 'strong', 'leave', 'size.', 'oil', 'somebody', 'out.', '—', 'shocking', 'claims', 'mind', 'control', 'surface', 'internet.']",FAKE
R070,New Report on Budget Report,"['two', 'ago', 'quality', 'among.', 'produce', 'start', 'assume', 'spring', 'american', 'year.', 'experts', 'discuss', 'ongoing', 'developments', 'budget', 'report.']",REAL
F248,Celebrity Scandal Confirmed by Sources,"['energy', 'research', 'customer', 'fish', 'away.', 'senior', 'three', 'agreement', 'forget', 'season.', '—', 'shocking', 'claims', 'celebrity', 'scandal', 'surface', 'internet.']",FAKE
R016,New Report on Technology Breakthrough,"['lot', 'candidate', 'research', 'ok', 'political', 'politics.', 'example', 'american', 'professional', 'age.', 'experts', 'discuss', 'ongoing', 'developments', 'technology', 'breakthrough.']",REAL
R148,New Report on Technology Breakthrough,"['number', 'air', 'performance', 'listen', 'cut', 'score.', 'modern', 'couple', 'often', 'fine', 'picture.', 'experts', 'discuss', 'ongoing', 'developments', 'technology', 'breakthrough.']",REAL
R142,New Report on Budget Report,"['consider', 'center', 'beat', 'area', 'like', 'stuff', 'its.', 'general', 'operation', 'road', 'threat.', 'town', 'imagine', 'another', 'claim', 'pattern', 'morning.', 'experts', 'discuss', 'ongoing', 'developments', 'budget', 'report.']",REAL
F141,Miracle Drug Confirmed by Sources,"['challenge', 'various', 'hotel', 'special', 'probably', 'defense', 'usually.', 'worker', 'project', 'charge', 'evidence', 'less.', 'stock', 'arrive', 'computer', 'goal', 'indicate.', '—', 'shocking', 'claims', 'miracle', 'drug', 'surface', 'internet.']",FAKE
R076,New Report on Technology Breakthrough,"['wish', 'two', 'hotel', 'place', 'base', 'necessary.', 'experts', 'discuss', 'ongoing', 'developments', 'technology', 'breakthrough.']",REAL
R180,New Report on Budget Report,"['factor', 'road', 'budget', 'lose.', 'article', 'seek', 'response', 'defense', 'raise', 'simple.', 'experts', 'discuss', 'ongoing', 'developments', 'budget', 'report.']",REAL
F126,Aliens Confirmed by Sources,"['investment', 'easy', 'another', 'board.', 'reflect', 'phone', 'beat', 'industry', 'possible.', 'information', 'budget', 'argue.', '—', 'shocking', 'claims', 'aliens', 'surface', 'internet.']",FAKE
R134,New Report on Economic Growth,"['concern', 'maybe', 'form', 'stay', 'per', 'east', 'guy', 'law.', 'worker', 'create', 'thousand', 'along.', 'experts', 'discuss', 'ongoing', 'developments', 'economic', 'growth.']",REAL
F132,Mind Control Confirmed by Sources,"['identify', 'financial', 'accept', 'social', 'citizen.', 'character', 'treatment', 'phone', 'fight', 'network.', '—', 'shocking', 'claims', 'mind', 'control', 'surface', 'internet.']",FAKE
F230,Immortal Jellyfish Confirmed by Sources,"['law', 'full', 'least', 'someone.', '—', 'shocking', 'claims', 'immortal', 'jellyfish', 'surface', 'internet.']",FAKE
F243,Aliens Confirmed by Sources,"['beat', 'small.', 'crime', 'thousand', 'role', 'determine', 'along', 'wish', 'soldier.', '—', 'shocking', 'claims', 'aliens', 'surface', 'internet.']",FAKE
R191,New Report on Budget Report,"['recent', 'avoid', 'rest', 'high', 'individual', 'purpose.', 'source', 'computer', 'term.', 'generation', 'service', 'statement', 'son', 'factor', 'left', 'throughout.', 'experts', 'discuss', 'ongoing', 'developments', 'budget', 'report.']",REAL
R130,New Report on Public Health,"['energy', 'offer', 'notice', 'series', 'order.', 'product', 'child', 'mention', 'choose.', 'former', 'describe', 'organization', 'spend', 'mr', 'free.', 'experts', 'discuss', 'ongoing', 'developments', 'public', 'health.']",REAL
F081,Mind Control Confirmed by Sources,"['able', 'none', 'cover', 'look', 'quality.', 'story', 'class', 'push', 'medical.', 'fish', 'send', 'among', 'media', 'far', 'fund', 'respond.', '—', 'shocking', 'claims', 'mind', 'control', 'surface', 'internet.']",FAKE
R209,New Report on Technology Breakthrough,"['action', 'effort', 'offer', 'public', 'successful', 'southern.', 'wind', 'kid', 'phone', 'soldier', 'several', 'rock.', 'sign', 'paper', 'home', 'none.', 'experts', 'discuss', 'ongoing', 'developments', 'technology', 'breakthrough.']",REAL
F228,Hoax Confirmed by Sources,"['season', 'court', 'wall', 'keep', 'win.', 'top', 'instead', 'start.', '—', 'shocking', 'claims', 'hoax', 'surface', 'internet.']",FAKE
R030,New Report on Budget Report,"['option', 'care', 'pick', 'across', 'thus.', 'husband', 'green', 'leave', 'huge', 'while.', 'successful', 'yes', 'reflect', 'pick', 'exactly', 'drug.', 'experts', 'discuss', 'ongoing', 'developments', 'budget', 'report.']",REAL
R214,New Report on Education,"['ground', 'feel', 'music', 'cup', 'house', 'mrs.', 'cell', 'west', 'total', 'company', 'notice', 'step', 'wall.', 'experts', 'discuss', 'ongoing', 'developments', 'education.']",REAL
R175,New Report on Economic Growth,"['person', 'view', 'level', 'seek', 'day', 'itself.', 'big', 'free', 'behind', 'federal', 'charge', 'so.', 'experts', 'discuss', 'ongoing', 'developments', 'economic', 'growth.']",REAL
