id,filtered_words,features,label_index
R129,"['party', 'truth', 'receive', 'back.', 'pattern', 'tonight', 'talk.', 'experts', 'discuss', 'ongoing', 'developments', 'election.']","(10000,[617,1379,2069,2110,3389,3556,3614,3809,4506,4617,4687,9462],[3.914021008090819,4.270695952029551,4.270695952029551,5.117993812416755,4.019381523748645,2.8844015909096608,0.6636465161632473,5.523458920524919,0.691153161953081,4.607168188650764,0.6871770135734415,0.691153161953081])",1.0
R227,"['difficult', 'open', 'catch', 'american', 'age', 'situation', 'protect.', 'half', 'develop', 'event', 'camera', 'success', 'half.', 'experts', 'discuss', 'ongoing', 'developments', 'climate', 'change.']","(10000,[821,1241,1650,1712,1780,2059,3136,3614,4062,4506,4687,5783,7652,7728,7949,8693,8791,9462,9828],[2.849310271098391,3.914021008090819,4.42484663185681,4.42484663185681,5.117993812416755,2.579019941358479,4.137164559405029,0.6636465161632473,4.830311739964974,0.691153161953081,0.6871770135734415,4.019381523748645,3.8187108282864943,4.42484663185681,4.137164559405029,5.523458920524919,4.137164559405029,0.691153161953081,4.42484663185681])",1.0
F231,"['tell', 'question', 'thank', 'race', 'style.', 'standard', 'loss', 'market', 'third', 'current', 'pick.', '—', 'shocking', 'claims', 'aliens', 'surface', 'internet.']","(10000,[454,503,650,1687,1850,2657,2947,2967,3500,5329,5344,5850,7281,7936,8338,8771,9189],[3.5085558999826545,0.691153161953081,2.958509563063383,4.137164559405029,4.830311739964974,3.8187108282864943,4.42484663185681,4.019381523748645,4.830311739964974,4.607168188650764,5.523458920524919,0.691153161953081,0.6792718340663283,0.691153161953081,0.691153161953081,3.8187108282864943,3.6516567436233283])",0.0
R066,"['learn', 'likely', 'another', 'statement', 'kitchen', 'science', 'get', 'return.', 'short', 'worry', 'animal', 'wide', 'beat', 'strong.', 'record', 'perhaps', 'environment', 'first', 'probably', 'new.', 'experts', 'discuss', 'ongoing', 'developments', 'policy.']","(10000,[278,309,756,1259,1262,2297,2407,2569,2836,3363,3614,4347,4506,4687,5967,6280,6403,6944,7360,8166,8343,8684,9426,9462,9817],[4.830311739964974,4.270695952029551,4.270695952029551,4.137164559405029,4.42484663185681,4.270695952029551,4.830311739964974,3.577548771469606,3.8187108282864943,4.42484663185681,0.6636465161632473,4.270695952029551,0.691153161953081,0.6871770135734415,3.8187108282864943,5.117993812416755,3.6516567436233283,2.7200985396183848,3.7316994512968646,3.7316994512968646,4.42484663185681,4.607168188650764,4.42484663185681,0.691153161953081,3.5085558999826545])",1.0
F095,"['trial', 'manage', 'best', 'meet', 'personal', 'ground.', 'respond', 'something', 'bed.', '—', 'shocking', 'claims', 'mind', 'control', 'surface', 'internet.']","(10000,[503,763,1208,2500,3184,3410,5850,7281,7883,7936,7939,8338,8678,9166,9826,9940],[0.691153161953081,4.137164559405029,2.849310271098391,3.914021008090819,2.8844015909096608,4.830311739964974,0.691153161953081,0.6792718340663283,4.607168188650764,0.691153161953081,3.6516567436233283,0.691153161953081,4.830311739964974,5.523458920524919,4.137164559405029,3.577548771469606])",0.0
R174,"['near', 'security', 'side', 'material.', 'step', 'significant', 'evening', 'especially', 'choice.', 'think', 'citizen', 'property', 'miss', 'hospital.', 'experts', 'discuss', 'ongoing', 'developments', 'policy.']","(10000,[8,779,934,1071,1558,2335,2634,2733,3614,4506,4687,5286,5616,5974,6944,8173,8552,9462,9781],[4.019381523748645,5.523458920524919,4.607168188650764,4.137164559405029,4.137164559405029,4.019381523748645,3.7316994512968646,4.607168188650764,0.6636465161632473,0.691153161953081,0.6871770135734415,4.42484663185681,5.117993812416755,3.8187108282864943,2.7200985396183848,3.4440173788450834,4.42484663185681,0.691153161953081,4.137164559405029])",1.0
R201,"['two', 'life', 'assume.', 'hundred', 'cover', 'time', 'crime', 'water', 'including.', 'left', 'page', 'read', 'late.', 'experts', 'discuss', 'ongoing', 'developments', 'public', 'health.']","(10000,[731,1662,1770,2589,2827,3477,3614,4506,4687,4728,5175,6104,6151,6219,7650,8157,8550,8888,9462],[4.270695952029551,4.830311739964974,2.849310271098391,3.6516567436233283,4.019381523748645,3.914021008090819,0.6636465161632473,0.691153161953081,0.6871770135734415,3.8187108282864943,4.137164559405029,4.42484663185681,5.117993812416755,3.0385522707369192,4.019381523748645,4.270695952029551,5.523458920524919,5.117993812416755,0.691153161953081])",1.0
R072,"['go', 'provide', 'list', 'staff', 'argue.', 'response', 'language', 'score', 'magazine', 'arrive', 'evening.', 'example', 'pass', 'people', 'final', 'party.', 'experts', 'discuss', 'ongoing', 'developments', 'education.']","(10000,[1653,1716,1927,2445,3614,4011,4201,4263,4506,4687,5047,5946,6224,6451,7391,7509,8392,8413,8728,9462,9606],[3.914021008090819,4.270695952029551,4.42484663185681,4.019381523748645,0.6636465161632473,5.523458920524919,5.523458920524919,4.270695952029551,0.691153161953081,0.6871770135734415,2.60568818844064,4.270695952029551,4.019381523748645,3.577548771469606,4.019381523748645,5.117993812416755,4.019381523748645,3.2721671219184243,3.0811118851557153,0.691153161953081,4.270695952029551])",1.0
R064,"['voice', 'adult', 'interest', 'firm', 'factor.', 'raise', 'arrive', 'activity', 'bring', 'their.', 'experts', 'discuss', 'ongoing', 'developments', 'research.']","(10000,[70,72,3057,3527,3530,3614,4108,4506,4687,5416,7066,7391,8110,8894,9462],[4.830311739964974,4.137164559405029,4.830311739964974,4.019381523748645,3.8187108282864943,0.6636465161632473,5.117993812416755,0.691153161953081,0.6871770135734415,5.117993812416755,2.920769235080536,4.019381523748645,4.607168188650764,4.42484663185681,0.691153161953081])",1.0
F037,"['black', 'fast', 'body', 'character', 'case.', 'owner', 'able', 'whatever', 'chair', 'democrat', 'impact', 'stuff.', '—', 'shocking', 'claims', 'miracle', 'drug', 'surface', 'internet.']","(10000,[503,681,841,1256,1948,1972,2825,3496,4867,5234,5850,6053,6752,7281,7695,7860,7936,8338,9263],[0.691153161953081,4.42484663185681,4.607168188650764,3.125563647726549,4.42484663185681,3.8187108282864943,5.523458920524919,4.019381523748645,4.019381523748645,4.137164559405029,0.691153161953081,3.3262343431887,5.523458920524919,0.6792718340663283,5.117993812416755,2.958509563063383,0.691153161953081,0.691153161953081,4.137164559405029])",0.0
R170,"['article', 'response', 'administration', 'concern', 'put', 'late', 'lawyer.', 'find', 'receive', 'individual', 'health', 'sign', 'individual.', 'experts', 'discuss', 'ongoing', 'developments', 'technology', 'breakthrough.']","(10000,[141,1020,1702,1968,2227,2445,3079,3188,3614,4506,4617,4687,5185,6756,7510,8614,8805,8871,9462],[4.607168188650764,2.503034034380557,4.137164559405029,3.914021008090819,2.7200985396183848,4.019381523748645,3.8187108282864943,5.117993812416755,0.6636465161632473,0.691153161953081,4.607168188650764,0.6871770135734415,5.117993812416755,3.383392757028649,4.607168188650764,3.8187108282864943,3.8187108282864943,4.607168188650764,0.691153161953081])",1.0
F110,"['analysis', 'move', 'need', 'poor', 'official', 'section', 'somebody.', 'manager', 'serious', 'pay', 'item', 'remain.', 'machine', 'decide', 'fine', 'yet', 'seem', 'off.', '—', 'shocking', 'claims', 'celebrity', 'scandal', 'surface', 'internet.']","(10000,[503,1117,1296,1652,1916,2588,2604,3486,4037,4897,4921,5850,6282,6431,6537,6968,7281,7936,8040,8103,8293,8338,8485,8741,9078],[0.691153161953081,4.019381523748645,4.42484663185681,4.830311739964974,4.270695952029551,4.270695952029551,4.607168188650764,2.849310271098391,4.270695952029551,4.137164559405029,2.849310271098391,0.691153161953081,4.270695952029551,4.019381523748645,4.42484663185681,3.914021008090819,0.6792718340663283,0.691153161953081,3.577548771469606,4.830311739964974,4.607168188650764,0.691153161953081,4.270695952029551,5.117993812416755,5.523458920524919])",0.0
F048,"['arrive', 'amount', 'common.', 'cut', 'many', 'truth', 'western.', 'direction', 'marriage', 'bit', 'senior', 'type.', '—', 'shocking', 'claims', 'secret', 'cure', 'surface', 'internet.']","(10000,[503,1206,1989,2069,3497,3744,3892,4144,5188,5850,6229,6747,7222,7281,7391,7936,8338,8554,9700],[0.691153161953081,4.270695952029551,4.607168188650764,4.270695952029551,3.7316994512968646,5.523458920524919,2.5530444549552183,4.607168188650764,4.42484663185681,0.691153161953081,4.019381523748645,2.5530444549552183,3.8187108282864943,0.6792718340663283,4.019381523748645,0.691153161953081,0.691153161953081,5.523458920524919,4.830311739964974])",0.0
F082,"['candidate', 'thus.', 'remain', 'pass', 'president', 'many', 'forget.', 'letter', 'light', 'staff', 'whose', 'agency.', '—', 'shocking', 'claims', 'hoax', 'surface', 'internet.']","(10000,[497,503,564,1051,1306,1720,2849,4358,4377,5188,5205,5850,6224,7281,7936,8338,8392,9539],[5.523458920524919,0.691153161953081,3.914021008090819,4.830311739964974,4.830311739964974,4.137164559405029,4.830311739964974,4.42484663185681,2.60568818844064,4.42484663185681,4.137164559405029,0.691153161953081,4.019381523748645,0.6792718340663283,0.691153161953081,0.691153161953081,4.019381523748645,4.019381523748645])",0.0
F187,"['standard', 'style', 'type', 'example', 'general.', 'research', 'role.', '—', 'shocking', 'claims', 'miracle', 'drug', 'surface', 'internet.']","(10000,[503,1256,2967,3526,5850,7281,7860,7936,8000,8338,9432,9543,9606,9974],[0.691153161953081,3.125563647726549,4.019381523748645,4.607168188650764,0.691153161953081,0.6792718340663283,2.958509563063383,0.691153161953081,4.137164559405029,0.691153161953081,3.8187108282864943,5.117993812416755,4.270695952029551,5.523458920524919])",0.0
F027,"['guy', 'someone', 'three.', 'center', 'owner', 'long', 'stay', 'together', 'tree', 'seek.', 'avoid', 'information', 'purpose', 'her.', '—', 'shocking', 'claims', 'miracle', 'drug', 'surface', 'internet.']","(10000,[94,433,503,1256,1388,1480,2922,3671,5850,5871,6053,6710,7281,7748,7860,7936,8089,8190,8312,8338,8904],[4.019381523748645,4.019381523748645,0.691153161953081,3.125563647726549,3.7316994512968646,4.137164559405029,5.117993812416755,4.137164559405029,0.691153161953081,4.270695952029551,3.3262343431887,5.523458920524919,0.6792718340663283,5.117993812416755,2.958509563063383,0.691153161953081,4.270695952029551,3.577548771469606,4.019381523748645,0.691153161953081,3.8187108282864943])",0.0
F202,"['enjoy', 'important', 'industry', 'yeah', 'charge', 'paper', 'government.', 'defense', 'beautiful', 'field', 'environmental.', 'fear', 'tend', 'sound', 'data', 'push', 'section', 'great.', '—', 'shocking', 'claims', 'hoax', 'surface', 'internet.']","(10000,[503,1273,1695,1805,1810,1967,3010,3249,3543,4377,5710,5850,5978,6166,6591,6812,6968,7074,7281,7936,8338,8690,9216,9513],[0.691153161953081,3.4440173788450834,4.019381523748645,4.137164559405029,4.42484663185681,4.607168188650764,4.019381523748645,3.4440173788450834,3.914021008090819,2.60568818844064,4.830311739964974,0.691153161953081,4.270695952029551,3.8187108282864943,4.830311739964974,3.7316994512968646,3.914021008090819,3.2721671219184243,0.6792718340663283,0.691153161953081,0.691153161953081,4.019381523748645,5.523458920524919,4.42484663185681])",0.0
F197,"['parent', 'far', 'song', 'gas', 'guess', 'hold.', 'top', 'bank', 'quality.', '—', 'shocking', 'claims', 'secret', 'cure', 'surface', 'internet.']","(10000,[23,503,2589,3892,4158,5328,5607,5850,6747,7281,7350,7936,8338,8660,8982,9932],[4.830311739964974,0.691153161953081,3.6516567436233283,2.5530444549552183,3.6516567436233283,3.914021008090819,4.42484663185681,0.691153161953081,2.5530444549552183,0.6792718340663283,4.270695952029551,0.691153161953081,0.691153161953081,4.137164559405029,4.42484663185681,4.019381523748645])",0.0
R128,"['region', 'entire', 'air', 'explain.', 'offer', 'ever', 'middle', 'even', 'fine.', 'experts', 'discuss', 'ongoing', 'developments', 'climate', 'change.']","(10000,[88,292,821,2059,2958,3605,3614,4506,4687,5594,6406,8159,8824,9462,9878],[4.137164559405029,5.523458920524919,2.849310271098391,2.579019941358479,4.270695952029551,5.117993812416755,0.6636465161632473,0.691153161953081,0.6871770135734415,4.42484663185681,4.42484663185681,3.4440173788450834,4.830311739964974,0.691153161953081,4.607168188650764])",1.0
F157,"['center', 'another', 'treatment', 'exactly.', 'benefit', 'draw', 'information', 'address', 'safe', 'issue', 'support.', 'fast', 'let', 'arrive', 'modern', 'behavior', 'son', 'lawyer.', '—', 'shocking', 'claims', 'government', 'cover-up', 'surface', 'internet.']","(10000,[141,160,209,503,659,735,1480,2259,2336,4454,5653,5850,6616,7281,7391,7642,7936,8015,8166,8167,8190,8267,8338,9263,9813],[4.607168188650764,5.117993812416755,4.607168188650764,0.691153161953081,5.117993812416755,3.8187108282864943,4.137164559405029,2.849310271098391,4.137164559405029,4.42484663185681,3.914021008090819,0.691153161953081,4.019381523748645,0.6792718340663283,4.019381523748645,4.137164559405029,0.691153161953081,4.42484663185681,3.7316994512968646,4.270695952029551,3.577548771469606,3.7316994512968646,0.691153161953081,4.137164559405029,2.997730276216664])",0.0
F117,"['crime', 'level', 'instead', 'choice', 'company', 'account.', 'recent', 'stock', 'like', 'us', 'to.', '—', 'shocking', 'claims', 'hoax', 'surface', 'internet.']","(10000,[503,731,793,942,1499,3330,4377,4527,5591,5850,6053,6660,7281,7936,8338,9211,9413],[0.691153161953081,4.270695952029551,3.8187108282864943,4.270695952029551,3.4440173788450834,4.270695952029551,2.60568818844064,3.914021008090819,3.7316994512968646,0.691153161953081,3.3262343431887,4.270695952029551,0.6792718340663283,0.691153161953081,0.691153161953081,4.830311739964974,5.117993812416755])",0.0
F173,"['education', 'democrat', 'may', 'ready', 'action', 'there.', 'reach', 'interest', 'wonder', 'need', 'around', 'instead', 'draw.', '—', 'shocking', 'claims', 'secret', 'cure', 'surface', 'internet.']","(10000,[70,503,3759,3892,4527,4723,5234,5530,5804,5850,6197,6537,6557,6633,6747,7281,7936,8338,8386,9160],[4.830311739964974,0.691153161953081,5.117993812416755,2.5530444549552183,3.914021008090819,4.607168188650764,4.137164559405029,3.914021008090819,5.523458920524919,0.691153161953081,4.019381523748645,4.42484663185681,4.019381523748645,3.914021008090819,2.5530444549552183,0.6792718340663283,0.691153161953081,0.691153161953081,4.019381523748645,4.270695952029551])",0.0
F024,"['suggest', 'source', 'almost', 'able.', 'major', 'since', 'civil', 'condition', 'sure', 'health.', '—', 'shocking', 'claims', 'aliens', 'surface', 'internet.']","(10000,[503,593,650,1058,1821,5328,5850,6219,6287,7281,7721,7816,7936,8338,8566,8730],[0.691153161953081,3.7316994512968646,2.958509563063383,4.137164559405029,4.137164559405029,3.914021008090819,0.691153161953081,3.0385522707369192,4.270695952029551,0.6792718340663283,4.137164559405029,5.117993812416755,0.691153161953081,0.691153161953081,3.914021008090819,5.523458920524919])",0.0
F096,"['forward', 'man', 'fill', 'protect', 'career', 'charge.', '—', 'shocking', 'claims', 'celebrity', 'scandal', 'surface', 'internet.']","(10000,[503,2569,3486,4722,4921,4930,5850,7235,7281,7936,8338,8411,9727],[0.691153161953081,3.577548771469606,2.849310271098391,5.117993812416755,2.849310271098391,3.8187108282864943,0.691153161953081,4.270695952029551,0.6792718340663283,0.691153161953081,0.691153161953081,3.577548771469606,4.42484663185681])",0.0
R247,"['commercial', 'help', 'far', 'road', 'opportunity.', 'sport', 'particularly', 'lot', 'travel', 'it.', 'experts', 'discuss', 'ongoing', 'developments', 'public', 'health.']","(10000,[1770,3614,4158,4506,4533,4687,4943,5725,6219,6443,7805,8278,8681,9347,9462],[2.849310271098391,0.6636465161632473,3.6516567436233283,0.691153161953081,5.523458920524919,0.6871770135734415,4.42484663185681,4.270695952029551,3.0385522707369192,7.155097542939212,4.830311739964974,4.830311739964974,4.019381523748645,4.137164559405029,0.691153161953081])",1.0
F226,"['arm', 'eye', 'likely', 'outside', 'unit', 'morning.', 'possible', 'weight', 'term', 'during.', 'end', 'provide', 'person', 'happy.', '—', 'shocking', 'claims', 'government', 'cover-up', 'surface', 'internet.']","(10000,[309,453,503,1341,2188,2259,2956,3249,3984,4115,5850,5946,6100,6335,7098,7281,7936,8004,8338,8568,9813],[4.270695952029551,4.137164559405029,0.691153161953081,3.914021008090819,4.42484663185681,2.849310271098391,4.607168188650764,3.4440173788450834,3.8187108282864943,4.830311739964974,0.691153161953081,4.270695952029551,4.137164559405029,3.7316994512968646,4.830311739964974,0.6792718340663283,0.691153161953081,3.6516567436233283,0.691153161953081,4.830311739964974,2.997730276216664])",0.0
F100,"['western', 'listen', 'allow', 'drop', 'discussion', 'total', 'citizen', 'necessary.', 'base', 'growth', 'discussion', 'type.', '—', 'shocking', 'claims', 'flat', 'earth', 'surface', 'internet.']","(10000,[8,320,429,503,524,1107,2918,4835,5315,5850,6279,7281,7936,8173,8338,8577,9676,9700],[4.019381523748645,4.270695952029551,4.607168188650764,0.691153161953081,3.5085558999826545,4.830311739964974,3.0385522707369192,4.019381523748645,8.541391904059102,0.691153161953081,3.7316994512968646,0.6792718340663283,0.691153161953081,3.4440173788450834,0.691153161953081,4.607168188650764,3.0385522707369192,4.830311739964974])",0.0
F246,"['understand', 'visit', 'understand', 'popular', 'song', 'design.', 'together', 'easy', 'list', 'too.', 'message', 'avoid', 'drive', 'home', 'baby', 'answer.', '—', 'shocking', 'claims', 'government', 'cover-up', 'surface', 'internet.']","(10000,[503,698,760,1348,1388,2086,2259,2715,3365,5850,6148,6325,6487,7281,7350,7425,7936,8312,8338,8728,9813,9873],[0.691153161953081,4.607168188650764,3.914021008090819,4.270695952029551,3.7316994512968646,4.830311739964974,2.849310271098391,4.137164559405029,4.019381523748645,0.691153161953081,4.607168188650764,4.607168188650764,6.766785514057298,0.6792718340663283,4.270695952029551,5.117993812416755,0.691153161953081,4.019381523748645,0.691153161953081,3.0811118851557153,2.997730276216664,5.523458920524919])",0.0
F183,"['finish', 'central', 'shoulder', 'recognize.', '—', 'shocking', 'claims', 'aliens', 'surface', 'internet.']","(10000,[503,650,5850,6578,6756,7281,7381,7936,8338,8928],[0.691153161953081,2.958509563063383,0.691153161953081,4.270695952029551,3.383392757028649,0.6792718340663283,4.42484663185681,0.691153161953081,0.691153161953081,4.270695952029551])",0.0
R063,"['local', 'perform', 'force', 'turn.', 'career', 'congress', 'research', 'in.', 'performance', 'pm', 'media', 'watch.', 'experts', 'discuss', 'ongoing', 'developments', 'policy.']","(10000,[228,391,1098,1209,1936,2519,3334,3614,4506,4687,4930,6944,7026,8728,9351,9432,9462],[3.7316994512968646,4.607168188650764,3.4440173788450834,4.270695952029551,4.607168188650764,5.523458920524919,4.270695952029551,0.6636465161632473,0.691153161953081,0.6871770135734415,3.8187108282864943,2.7200985396183848,5.523458920524919,3.0811118851557153,4.607168188650764,3.8187108282864943,0.691153161953081])",1.0
R005,"['husband', 'pass', 'specific', 'behind', 'around', 'indicate', 'training.', 'stay', 'decade', 'campaign', 'accept.', 'big', 'exist.', 'experts', 'discuss', 'ongoing', 'developments', 'election.']","(10000,[433,795,1352,2059,2764,3048,3556,3614,4346,4506,4687,6030,6197,6485,6675,7208,8392,9462],[4.019381523748645,4.830311739964974,4.830311739964974,2.579019941358479,5.117993812416755,3.914021008090819,2.8844015909096608,0.6636465161632473,4.137164559405029,0.691153161953081,0.6871770135734415,3.577548771469606,4.019381523748645,3.914021008090819,3.7316994512968646,4.42484663185681,4.019381523748645,0.691153161953081])",1.0
R084,"['chance', 'film', 'member', 'owner', 'happy.', 'perform', 'bag', 'card', 'truth.', 'experts', 'discuss', 'ongoing', 'developments', 'election.']","(10000,[346,415,1098,2144,2956,3556,3614,4506,4687,5003,6053,6373,6790,9462],[4.019381523748645,4.019381523748645,3.4440173788450834,4.270695952029551,4.607168188650764,2.8844015909096608,0.6636465161632473,0.691153161953081,0.6871770135734415,3.914021008090819,3.3262343431887,5.117993812416755,4.607168188650764,0.691153161953081])",1.0
R124,"['stop', 'style', 'budget', 'war', 'development.', 'single', 'concern', 'season', 'still', 'agency.', 'similar', 'vote', 'four', 'ask', 'memory.', 'experts', 'discuss', 'ongoing', 'developments', 'education.']","(10000,[796,913,1051,1243,1968,2358,3507,3614,3712,4506,4687,4991,5047,6079,7046,7889,8000,8719,9214,9462],[3.8187108282864943,5.523458920524919,4.830311739964974,4.607168188650764,3.914021008090819,4.42484663185681,4.607168188650764,0.6636465161632473,4.607168188650764,0.691153161953081,0.6871770135734415,2.60568818844064,2.60568818844064,4.830311739964974,4.019381523748645,3.914021008090819,4.137164559405029,4.137164559405029,4.607168188650764,0.691153161953081])",1.0
R118,"['situation', 'base', 'education.', 'authority', 'discover', 'society', 'individual', 'order.', 'experts', 'discuss', 'ongoing', 'developments', 'research.']","(10000,[327,1176,3136,3614,4170,4506,4687,5047,5564,7066,8173,8614,9462],[4.137164559405029,4.42484663185681,4.137164559405029,0.6636465161632473,5.117993812416755,0.691153161953081,0.6871770135734415,2.60568818844064,4.607168188650764,2.920769235080536,3.4440173788450834,3.8187108282864943,0.691153161953081])",1.0
F001,"['list', 'instead', 'give', 'end', 'final', 'imagine.', 'behind', 'section', 'meet', 'bill', 'though.', 'realize', 'film', 'sing', 'treat', 'character.', 'somebody', 'glass', 'thus', 'lose.', '—', 'shocking', 'claims', 'aliens', 'surface', 'internet.']","(10000,[453,503,650,1582,1653,3089,3783,4346,4527,5003,5017,5684,5850,6451,6932,6968,7281,7936,8135,8338,8530,8728,8750,9012,9026,9940],[4.137164559405029,0.691153161953081,2.958509563063383,4.42484663185681,3.914021008090819,3.914021008090819,4.830311739964974,4.137164559405029,3.914021008090819,3.914021008090819,5.117993812416755,4.270695952029551,0.691153161953081,3.577548771469606,4.019381523748645,3.914021008090819,0.6792718340663283,0.691153161953081,4.42484663185681,0.691153161953081,5.523458920524919,3.0811118851557153,5.523458920524919,4.607168188650764,4.607168188650764,3.577548771469606])",0.0
F007,"['entire', 'citizen', 'least', 'continue', 'soldier.', 'current', 'health', 'father', 'total', 'size', 'unit', 'fact.', 'student', 'tree', 'man', 'raise.', '—', 'shocking', 'claims', 'immortal', 'jellyfish', 'surface', 'internet.']","(10000,[8,503,743,939,1634,1800,2066,2569,3192,3536,5850,5871,6279,6335,7281,7593,7936,8338,8805,8824,9189,9192,9876],[4.019381523748645,0.691153161953081,4.42484663185681,4.607168188650764,4.42484663185681,4.607168188650764,2.7508701982851385,3.577548771469606,4.137164559405029,4.270695952029551,0.691153161953081,4.270695952029551,3.7316994512968646,3.7316994512968646,0.6792718340663283,5.117993812416755,0.691153161953081,0.691153161953081,3.8187108282864943,4.830311739964974,3.6516567436233283,5.523458920524919,2.7508701982851385])",0.0
F046,"['nearly', 'specific', 'hospital', 'east.', 'along', 'task', 'data.', '—', 'shocking', 'claims', 'mind', 'control', 'surface', 'internet.']","(10000,[503,1167,1208,2059,2840,2866,3184,4930,5850,6873,7281,7936,8338,8451],[0.691153161953081,5.523458920524919,2.849310271098391,2.579019941358479,4.42484663185681,3.6516567436233283,2.8844015909096608,3.8187108282864943,0.691153161953081,4.830311739964974,0.6792718340663283,0.691153161953081,0.691153161953081,4.607168188650764])",0.0
R103,"['strategy', 'stock', 'office', 'new', 'name.', 'life', 'beat', 'fly', 'describe', 'religious', 'specific', 'nor.', 'experts', 'discuss', 'ongoing', 'developments', 'research.']","(10000,[585,793,2059,2291,2569,3477,3614,4293,4506,4687,5944,7066,7085,8344,8439,8919,9462],[4.137164559405029,3.8187108282864943,2.579019941358479,3.914021008090819,3.577548771469606,3.914021008090819,0.6636465161632473,4.830311739964974,0.691153161953081,0.6871770135734415,4.42484663185681,2.920769235080536,4.270695952029551,3.914021008090819,5.117993812416755,5.117993812416755,0.691153161953081])",1.0
R037,"['lay', 'risk', 'ready.', 'simple', 'stop', 'leg', 'sport.', 'east', 'deep', 'agreement', 'attack', 'strategy.', 'experts', 'discuss', 'ongoing', 'developments', 'budget', 'report.']","(10000,[796,1762,2111,2913,3614,3978,4475,4506,4687,4991,5432,5693,6290,6576,7516,8413,8794,9462],[3.8187108282864943,3.914021008090819,5.117993812416755,3.383392757028649,0.6636465161632473,4.830311739964974,4.137164559405029,0.691153161953081,0.6871770135734415,2.60568818844064,2.661258039595451,3.914021008090819,4.42484663185681,4.137164559405029,5.117993812416755,3.2721671219184243,4.830311739964974,0.691153161953081])",1.0
F193,"['former', 'parent', 'price', 'physical', 'this.', 'writer', 'former', 'sound', 'staff', 'hour', 'sport.', 'weight', 'property', 'key', 'energy', 'rise', 'happen', 'experience.', '—', 'shocking', 'claims', 'secret', 'cure', 'surface', 'internet.']","(10000,[503,527,1738,2072,2111,2733,3131,3892,4160,4704,4816,4963,5850,6166,6224,6747,6906,7281,7936,8004,8307,8338,8649,9932],[0.691153161953081,4.270695952029551,4.607168188650764,5.117993812416755,5.117993812416755,4.607168188650764,4.830311739964974,2.5530444549552183,7.637421656572989,4.019381523748645,3.7316994512968646,5.117993812416755,0.691153161953081,3.8187108282864943,4.019381523748645,2.5530444549552183,5.117993812416755,0.6792718340663283,0.691153161953081,3.6516567436233283,4.137164559405029,0.691153161953081,3.8187108282864943,4.019381523748645])",0.0
R166,"['among', 'wrong', 'line', 'audience.', 'energy', 'bar', 'address', 'real.', 'enter', 'article', 'nearly', 'chance', 'scene', 'indeed', 'loss.', 'experts', 'discuss', 'ongoing', 'developments', 'election.']","(10000,[346,690,1182,1702,2866,3177,3556,3614,4454,4506,4687,4934,5844,5963,6512,7332,7362,7435,8307,9462],[4.019381523748645,5.117993812416755,4.830311739964974,4.137164559405029,3.6516567436233283,5.117993812416755,2.8844015909096608,0.6636465161632473,4.42484663185681,0.691153161953081,0.6871770135734415,3.4440173788450834,4.270695952029551,4.607168188650764,4.019381523748645,4.270695952029551,4.42484663185681,4.270695952029551,4.137164559405029,0.691153161953081])",1.0
F017,"['seven', 'daughter', 'final.', 'listen', 'thing', 'area', 'result', 'improve', 'interesting', 'poor.', '—', 'shocking', 'claims', 'immortal', 'jellyfish', 'surface', 'internet.']","(10000,[399,429,503,2066,2101,2408,2613,3634,3857,5649,5850,7281,7623,7850,7936,8338,9876],[4.42484663185681,4.607168188650764,0.691153161953081,2.7508701982851385,5.523458920524919,4.019381523748645,5.523458920524919,4.270695952029551,4.019381523748645,4.270695952029551,0.691153161953081,0.6792718340663283,3.7316994512968646,3.8187108282864943,0.691153161953081,0.691153161953081,2.7508701982851385])",0.0
R008,"['much', 'century', 'cut', 'less', 'control', 'recognize', 'every.', 'common', 'quickly', 'way', 'summer.', 'opportunity', 'pretty', 'respond.', 'experts', 'discuss', 'ongoing', 'developments', 'economic', 'growth.']","(10000,[524,1195,1206,1208,2191,3391,3614,3916,3919,4506,4687,6332,6976,7841,8171,8997,9034,9144,9391,9462],[3.5085558999826545,4.270695952029551,4.270695952029551,2.849310271098391,4.830311739964974,4.137164559405029,0.6636465161632473,5.117993812416755,4.019381523748645,0.691153161953081,0.6871770135734415,4.019381523748645,4.137164559405029,3.914021008090819,4.137164559405029,5.523458920524919,2.8844015909096608,2.7200985396183848,3.914021008090819,0.691153161953081])",1.0
F071,"['million', 'young', 'security', 'message', 'apply.', 'bag', 'talk', 'reveal', 'mrs', 'much', 'edge.', '—', 'shocking', 'claims', 'celebrity', 'scandal', 'surface', 'internet.']","(10000,[415,503,524,1392,1507,2634,2715,3486,4921,5850,7281,7809,7936,8338,8651,8859,8925,9751],[4.019381523748645,0.691153161953081,3.5085558999826545,5.523458920524919,4.830311739964974,3.7316994512968646,4.137164559405029,2.849310271098391,2.849310271098391,0.691153161953081,0.6792718340663283,4.137164559405029,0.691153161953081,0.691153161953081,3.8187108282864943,5.523458920524919,4.019381523748645,3.914021008090819])",0.0
F028,"['include', 'end', 'garden.', '—', 'shocking', 'claims', 'mind', 'control', 'surface', 'internet.']","(10000,[453,503,1208,2953,3184,5850,7281,7432,7936,8338],[4.137164559405029,0.691153161953081,2.849310271098391,4.607168188650764,2.8844015909096608,0.691153161953081,0.6792718340663283,5.523458920524919,0.691153161953081,0.691153161953081])",0.0
F227,"['agency', 'economic', 'never', 'year', 'decide', 'station.', 'light', 'pressure', 'garden', 'suffer.', '—', 'shocking', 'claims', 'immortal', 'jellyfish', 'surface', 'internet.']","(10000,[281,503,765,1290,1720,2066,5661,5850,5936,6731,7281,7936,8293,8338,8899,9144,9876],[4.270695952029551,0.691153161953081,4.019381523748645,5.523458920524919,4.137164559405029,2.7508701982851385,3.914021008090819,0.691153161953081,4.607168188650764,5.523458920524919,0.6792718340663283,0.691153161953081,4.607168188650764,0.691153161953081,4.019381523748645,2.7200985396183848,2.7508701982851385])",0.0
R200,"['race', 'hand', 'congress', 'improve', 'must', 'prepare', 'practice', 'trial.', 'agency', 'choice', 'country', 'sound', 'industry', 'amount', 'wonder', 'brother.', 'public', 'hold', 'large', 'thing', 'yard.', 'court', 'husband', 'exist', 'station', 'day.', 'experts', 'discuss', 'ongoing', 'developments', 'public', 'health.']","(10000,[454,765,1023,1059,1770,1842,2286,2389,2408,3010,3032,3423,3614,3857,4280,4506,4568,4687,4723,5098,6053,6166,6219,6602,7022,7208,7222,7870,8415,8728,9462],[3.5085558999826545,4.019381523748645,4.019381523748645,5.117993812416755,5.698620542196782,5.117993812416755,4.270695952029551,4.019381523748645,4.019381523748645,4.019381523748645,5.523458920524919,4.42484663185681,0.6636465161632473,4.019381523748645,3.914021008090819,0.691153161953081,4.42484663185681,0.6871770135734415,4.607168188650764,5.117993812416755,3.3262343431887,3.8187108282864943,3.0385522707369192,4.42484663185681,5.117993812416755,4.42484663185681,3.8187108282864943,4.137164559405029,4.42484663185681,3.0811118851557153,0.691153161953081])",1.0
R225,"['opportunity', 'finally', 'difficult', 'meet', 'however.', 'college', 'teacher', 'model', 'oil.', 'billion', 'long', 'statement', 'summer', 'behavior', 'coach.', 'experts', 'discuss', 'ongoing', 'developments', 'climate', 'change.']","(10000,[258,735,821,1479,1712,1817,1990,2059,3614,4506,4687,6976,7102,8057,8708,8904,9261,9462,9481,9817,9940],[4.830311739964974,3.8187108282864943,2.849310271098391,5.117993812416755,4.42484663185681,4.607168188650764,4.830311739964974,2.579019941358479,0.6636465161632473,0.691153161953081,0.6871770135734415,4.137164559405029,4.42484663185681,4.270695952029551,4.270695952029551,3.8187108282864943,5.523458920524919,0.691153161953081,4.607168188650764,3.5085558999826545,3.577548771469606])",1.0
R062,"['ready', 'film', 'forward', 'life', 'design', 'pull.', 'long', 'leave', 'hold', 'far', 'article', 'away', 'moment.', 'tv', 'sort', 'offer', 'student.', 'travel', 'law', 'several', 'responsibility', 'rise', 'area.', 'experts', 'discuss', 'ongoing', 'developments', 'budget', 'report.']","(10000,[1099,1612,1702,2389,2913,2958,3477,3502,3614,3737,3922,3979,4096,4105,4158,4506,4547,4687,4816,4991,5003,5432,5720,6557,8411,8681,8904,9227,9462],[5.523458920524919,5.523458920524919,4.137164559405029,4.019381523748645,3.383392757028649,4.270695952029551,3.914021008090819,4.42484663185681,0.6636465161632473,4.270695952029551,4.270695952029551,3.914021008090819,5.117993812416755,4.607168188650764,3.6516567436233283,0.691153161953081,4.270695952029551,0.6871770135734415,3.7316994512968646,2.60568818844064,3.914021008090819,2.661258039595451,4.830311739964974,4.019381523748645,3.577548771469606,4.019381523748645,3.8187108282864943,4.270695952029551,0.691153161953081])",1.0
F033,"['science', 'better', 'military', 'stop', 'left', 'situation.', 'simply', 'fish', 'want', 'to.', 'kitchen', 'forward', 'doctor', 'build', 'difference', 'and.', '—', 'shocking', 'claims', 'hoax', 'surface', 'internet.']","(10000,[477,503,756,777,796,1376,1642,1662,2086,2543,3014,3363,4377,5850,5877,7281,7712,7866,7936,8338,8411,9413],[5.117993812416755,0.691153161953081,4.270695952029551,4.019381523748645,3.8187108282864943,4.019381523748645,4.019381523748645,4.830311739964974,4.830311739964974,3.8187108282864943,4.019381523748645,4.42484663185681,2.60568818844064,0.691153161953081,3.914021008090819,0.6792718340663283,4.137164559405029,4.42484663185681,0.691153161953081,0.691153161953081,3.577548771469606,5.117993812416755])",0.0
F012,"['nature', 'father.', 'ground', 'home', 'sit', 'write.', '—', 'shocking', 'claims', 'hoax', 'surface', 'internet.']","(10000,[503,3365,3611,4377,5850,6487,6946,7281,7936,8338,9132,9593],[0.691153161953081,4.019381523748645,4.607168188650764,2.60568818844064,0.691153161953081,3.383392757028649,4.607168188650764,0.6792718340663283,0.691153161953081,0.691153161953081,4.830311739964974,5.523458920524919])",0.0
R121,"['indeed', 'ability', 'measure', 'government.', 'base', 'identify', 'answer', 'trouble', 'person', 'child', 'gun', 'care.', 'experts', 'discuss', 'ongoing', 'developments', 'research.']","(10000,[528,2909,3249,3614,3619,3681,3967,4506,4687,4934,5390,5710,7066,7244,8173,8313,9462],[4.019381523748645,4.42484663185681,3.4440173788450834,0.6636465161632473,4.019381523748645,4.270695952029551,4.42484663185681,0.691153161953081,0.6871770135734415,3.4440173788450834,5.117993812416755,4.830311739964974,2.920769235080536,3.5085558999826545,3.4440173788450834,4.42484663185681,0.691153161953081])",1.0
F210,"['long', 'street', 'difference', 'its.', 'financial', 'statement', 'middle', 'movie', 'hard', 'great.', 'effort', 'meet', 'serve', 'hour', 'i.', '—', 'shocking', 'claims', 'aliens', 'surface', 'internet.']","(10000,[503,527,564,650,1439,1725,3684,5125,5726,5850,6591,7015,7281,7407,7866,7936,8338,8904,9817,9878,9940],[0.691153161953081,4.270695952029551,3.914021008090819,2.958509563063383,3.914021008090819,4.270695952029551,3.7316994512968646,4.607168188650764,4.607168188650764,0.691153161953081,4.830311739964974,5.117993812416755,0.6792718340663283,3.7316994512968646,4.42484663185681,0.691153161953081,0.691153161953081,3.8187108282864943,3.5085558999826545,4.607168188650764,3.577548771469606])",0.0
F151,"['safe', 'service', 'political', 'especially.', 'season', 'wall', 'indeed', 'population', 'rather', 'might', 'size', 'different.', '—', 'shocking', 'claims', 'hoax', 'surface', 'internet.']","(10000,[503,1770,2252,2358,2837,3192,3409,3924,3935,4377,4934,5850,6404,7281,7642,7936,8338,9258],[0.691153161953081,2.849310271098391,4.42484663185681,4.42484663185681,3.8187108282864943,4.137164559405029,4.607168188650764,4.607168188650764,3.8187108282864943,2.60568818844064,3.4440173788450834,0.691153161953081,3.8187108282864943,0.6792718340663283,4.137164559405029,0.691153161953081,0.691153161953081,4.137164559405029])",0.0
F099,"['official', 'quickly', 'wear', 'center', 'policy.', 'big', 'material', 'ground', 'baby', 'part.', '—', 'shocking', 'claims', 'secret', 'cure', 'surface', 'internet.']","(10000,[503,1348,1480,3048,3231,3391,3892,4903,5850,6487,6581,6747,6944,7281,7936,8338,8485],[0.691153161953081,4.270695952029551,4.137164559405029,3.914021008090819,4.019381523748645,4.137164559405029,2.5530444549552183,4.830311739964974,0.691153161953081,3.383392757028649,4.270695952029551,2.5530444549552183,2.7200985396183848,0.6792718340663283,0.691153161953081,0.691153161953081,4.270695952029551])",0.0
R090,"['maybe', 'rate', 'star', 'network.', 'response', 'inside', 'watch', 'lose', 'pay.', 'experts', 'discuss', 'ongoing', 'developments', 'technology', 'breakthrough.']","(10000,[253,1020,1676,2227,2445,2708,3614,4422,4506,4687,4818,5170,7515,9066,9462],[4.830311739964974,2.503034034380557,5.117993812416755,2.7200985396183848,4.019381523748645,3.8187108282864943,0.6636465161632473,4.137164559405029,0.691153161953081,0.6871770135734415,4.830311739964974,4.607168188650764,5.117993812416755,5.523458920524919,0.691153161953081])",1.0
R125,"['interview', 'wear', 'charge', 'state', 'nation', 'easy', 'police.', 'east', 'understand', 'energy.', 'experts', 'discuss', 'ongoing', 'developments', 'budget', 'report.']","(10000,[760,1808,3614,4014,4391,4506,4687,4991,5432,5779,6035,6487,6576,6581,6812,9462],[3.914021008090819,5.117993812416755,0.6636465161632473,4.42484663185681,4.137164559405029,0.691153161953081,0.6871770135734415,2.60568818844064,2.661258039595451,5.523458920524919,3.914021008090819,3.383392757028649,4.137164559405029,4.270695952029551,3.7316994512968646,0.691153161953081])",1.0
R091,"['resource', 'fast', 'much', 'civil', 'improve', 'identify.', 'population', 'return', 'role', 'require', 'future', 'board.', 'experts', 'discuss', 'ongoing', 'developments', 'climate', 'change.']","(10000,[524,593,635,821,1670,2059,2408,3350,3614,4506,4687,5305,6488,7488,8449,9258,9263,9462],[3.5085558999826545,3.7316994512968646,4.137164559405029,2.849310271098391,4.42484663185681,2.579019941358479,4.019381523748645,4.137164559405029,0.6636465161632473,0.691153161953081,0.6871770135734415,4.607168188650764,4.607168188650764,5.523458920524919,4.607168188650764,4.137164559405029,4.137164559405029,0.691153161953081])",1.0
R157,"['tree', 'new', 'somebody', 'morning', 'tough.', 'seat', 'indeed', 'ahead', 'adult', 'employee.', 'experts', 'discuss', 'ongoing', 'developments', 'climate', 'change.']","(10000,[47,72,585,821,2059,3089,3160,3614,4506,4687,4934,5871,7036,8268,8408,9462],[4.42484663185681,4.137164559405029,4.137164559405029,2.849310271098391,2.579019941358479,3.914021008090819,3.914021008090819,0.6636465161632473,0.691153161953081,0.6871770135734415,3.4440173788450834,4.270695952029551,5.117993812416755,3.577548771469606,5.117993812416755,0.691153161953081])",1.0
F098,"['whose', 'card', 'first', 'fill', 'with.', 'exist', 'thing', 'mention', 'sister.', 'international', 'two', 'office', 'organization.', '—', 'shocking', 'claims', 'miracle', 'drug', 'surface', 'internet.']","(10000,[188,503,1256,2144,2664,2907,3857,4728,5850,6403,6602,7281,7640,7860,7936,8270,8338,8344,9539,9727],[4.607168188650764,0.691153161953081,3.125563647726549,4.270695952029551,3.8187108282864943,4.42484663185681,4.019381523748645,3.8187108282864943,0.691153161953081,3.6516567436233283,4.42484663185681,0.6792718340663283,4.270695952029551,2.958509563063383,0.691153161953081,4.830311739964974,0.691153161953081,3.914021008090819,4.019381523748645,4.42484663185681])",0.0
F164,"['republican', 'seat', 'recent', 'seem', 'himself.', 'perform', 'population', 'method', 'mr', 'beyond.', '—', 'shocking', 'claims', 'immortal', 'jellyfish', 'surface', 'internet.']","(10000,[47,142,503,1098,2066,2588,2647,3792,4616,5591,5850,6015,7281,7936,8338,9258,9876],[4.42484663185681,4.607168188650764,0.691153161953081,3.4440173788450834,2.7508701982851385,4.270695952029551,4.607168188650764,4.42484663185681,4.270695952029551,3.7316994512968646,0.691153161953081,4.830311739964974,0.6792718340663283,0.691153161953081,0.691153161953081,4.137164559405029,2.7508701982851385])",0.0
R050,"['happy', 'various', 'owner', 'billion.', 'fire', 'movie', 'major', 'speech', 'image', 'page', 'table.', 'daughter', 'heart', 'factor', 'if.', 'political', 'short', 'yet', 'include', 'short.', 'experts', 'discuss', 'ongoing', 'developments', 'economic', 'growth.']","(10000,[502,629,746,1058,1262,1439,2827,2953,3614,3935,4037,4506,4687,5191,5303,5347,6053,6259,6404,6647,7623,9034,9144,9462,9561,9808],[4.137164559405029,5.523458920524919,4.830311739964974,4.137164559405029,4.42484663185681,3.914021008090819,4.019381523748645,4.607168188650764,0.6636465161632473,3.8187108282864943,4.270695952029551,0.691153161953081,0.6871770135734415,4.42484663185681,4.830311739964974,4.019381523748645,3.3262343431887,5.523458920524919,3.8187108282864943,4.270695952029551,3.7316994512968646,2.8844015909096608,2.7200985396183848,0.691153161953081,3.914021008090819,3.914021008090819])",1.0
R249,"['lead', 'travel', 'area.', 'city', 'instead', 'finish', 'technology', 'beyond.', 'provide', 'let', 'grow', 'prepare', 'newspaper', 'particularly.', 'experts', 'discuss', 'ongoing', 'developments', 'climate', 'change.']","(10000,[142,821,1020,2059,2286,2404,3238,3614,4105,4506,4527,4687,5356,5495,5946,6578,8267,8681,9168,9462],[4.607168188650764,2.849310271098391,2.503034034380557,2.579019941358479,4.270695952029551,4.42484663185681,4.137164559405029,0.6636465161632473,4.607168188650764,0.691153161953081,3.914021008090819,0.6871770135734415,4.270695952029551,4.42484663185681,4.270695952029551,4.270695952029551,3.7316994512968646,4.019381523748645,5.117993812416755,0.691153161953081])",1.0
R093,"['water', 'cost', 'personal', 'beautiful.', 'instead', 'usually', 'expert', 'chance', 'marriage', 'good.', 'experts', 'discuss', 'ongoing', 'developments', 'election.']","(10000,[346,870,914,2589,2990,3079,3556,3614,4490,4506,4527,4687,6229,7939,9462],[4.019381523748645,5.117993812416755,4.42484663185681,3.6516567436233283,4.137164559405029,3.8187108282864943,2.8844015909096608,0.6636465161632473,3.5085558999826545,0.691153161953081,3.914021008090819,0.6871770135734415,4.019381523748645,3.6516567436233283,0.691153161953081])",1.0
R131,"['benefit', 'table', 'vote', 'remember', 'seek', 'middle', 'hope.', 'collection', 'fear', 'population.', 'experts', 'discuss', 'ongoing', 'developments', 'education.']","(10000,[171,3614,3931,4506,4687,5047,5653,5685,6599,8209,9214,9462,9513,9878,9918],[4.019381523748645,0.6636465161632473,4.137164559405029,0.691153161953081,0.6871770135734415,2.60568818844064,3.914021008090819,4.42484663185681,4.607168188650764,4.42484663185681,4.607168188650764,0.691153161953081,4.42484663185681,4.607168188650764,5.523458920524919])",1.0
F107,"['executive', 'much', 'even', 'happen.', 'item', 'prepare', 'identify', 'issue.', 'thousand', 'church', 'animal', 'forget', 'child.', 'respond', 'security', 'lay', 'contain.', '—', 'shocking', 'claims', 'flat', 'earth', 'surface', 'internet.']","(10000,[503,524,1273,1655,1916,2286,2500,2634,2918,3292,3378,3967,4475,5850,6235,6406,6798,7146,7281,7360,7936,8338,9676,9966],[0.691153161953081,3.5085558999826545,3.4440173788450834,4.607168188650764,4.270695952029551,4.270695952029551,3.914021008090819,3.7316994512968646,3.0385522707369192,5.523458920524919,4.830311739964974,4.42484663185681,4.137164559405029,0.691153161953081,5.523458920524919,4.42484663185681,3.3262343431887,4.270695952029551,0.6792718340663283,3.7316994512968646,0.691153161953081,0.691153161953081,3.0385522707369192,4.270695952029551])",0.0
F153,"['add', 'get', 'issue', 'fact', 'treatment', 'action', 'kind.', 'either', 'newspaper', 'financial', 'perhaps', 'whatever.', 'student', 'cut', 'learn', 'level', 'probably', 'report.', '—', 'shocking', 'claims', 'hoax', 'surface', 'internet.']","(10000,[503,1206,1259,1499,1553,2297,2784,3238,3536,4377,5432,5850,5967,6616,6633,7215,7281,7407,7936,8015,8338,9126,9426,9887],[0.691153161953081,4.270695952029551,4.137164559405029,3.4440173788450834,5.117993812416755,4.270695952029551,5.117993812416755,4.137164559405029,4.270695952029551,2.60568818844064,2.661258039595451,0.691153161953081,3.8187108282864943,4.019381523748645,3.914021008090819,4.270695952029551,0.6792718340663283,3.7316994512968646,0.691153161953081,4.42484663185681,0.691153161953081,4.42484663185681,4.42484663185681,4.830311739964974])",0.0
F091,"['hundred', 'space', 'computer', 'change', 'new', 'policy', 'imagine.', 'plan', 'beat', 'personal', 'modern.', '—', 'shocking', 'claims', 'flat', 'earth', 'surface', 'internet.']","(10000,[78,387,503,585,2569,2918,4142,5175,5850,6123,7281,7936,7939,8151,8338,9026,9188,9676],[5.523458920524919,4.270695952029551,0.691153161953081,4.137164559405029,3.577548771469606,3.0385522707369192,4.607168188650764,4.137164559405029,0.691153161953081,4.42484663185681,0.6792718340663283,0.691153161953081,3.6516567436233283,4.137164559405029,0.691153161953081,4.607168188650764,4.42484663185681,3.0385522707369192])",0.0
R246,"['example', 'seek', 'similar', 'prove.', 'however', 'southern', 'add', 'daughter', 'organization', 'floor', 'might.', 'experts', 'discuss', 'ongoing', 'developments', 'economic', 'growth.']","(10000,[171,911,1364,3614,3743,4319,4506,4687,5105,6729,7046,7623,9034,9144,9462,9606,9887],[4.019381523748645,4.019381523748645,3.914021008090819,0.6636465161632473,4.42484663185681,3.7316994512968646,0.691153161953081,0.6871770135734415,5.117993812416755,5.117993812416755,4.019381523748645,3.7316994512968646,2.8844015909096608,2.7200985396183848,0.691153161953081,4.270695952029551,4.830311739964974])",1.0
F004,"['public', 'keep', 'later', 'almost.', 'cost', 'successful', 'together', 'management', 'economic', 'despite.', '—', 'shocking', 'claims', 'secret', 'cure', 'surface', 'internet.']","(10000,[503,560,1140,1241,1770,3892,4330,4490,5659,5850,6747,7281,7936,8312,8338,9144,9594],[0.691153161953081,4.607168188650764,5.117993812416755,3.914021008090819,2.849310271098391,2.5530444549552183,4.830311739964974,3.5085558999826545,3.914021008090819,0.691153161953081,2.5530444549552183,0.6792718340663283,0.691153161953081,4.019381523748645,0.691153161953081,2.7200985396183848,3.7316994512968646])",0.0
F220,"['player', 'meet', 'local', 'face.', 'nearly', 'buy', 'mind', 'total', 'create', 'government', 'while.', '—', 'shocking', 'claims', 'celebrity', 'scandal', 'surface', 'internet.']","(10000,[80,228,503,1404,2259,2866,3184,3486,4921,5850,6279,6604,7281,7936,8338,8391,9297,9940],[4.137164559405029,3.7316994512968646,0.691153161953081,4.607168188650764,2.849310271098391,3.6516567436233283,2.8844015909096608,2.849310271098391,2.849310271098391,0.691153161953081,3.7316994512968646,4.019381523748645,0.6792718340663283,0.691153161953081,0.691153161953081,4.42484663185681,5.523458920524919,3.577548771469606])",0.0
F121,"['model', 'experience', 'indeed', 'choice', 'weight', 'type.', 'however', 'answer', 'dinner', 'indicate', 'style.', '—', 'shocking', 'claims', 'hoax', 'surface', 'internet.']","(10000,[503,911,2240,3500,3619,3635,4377,4934,5850,6053,6485,7102,7281,7936,8004,8338,9700],[0.691153161953081,4.019381523748645,3.914021008090819,4.830311739964974,4.019381523748645,4.270695952029551,2.60568818844064,3.4440173788450834,0.691153161953081,3.3262343431887,3.914021008090819,4.42484663185681,0.6792718340663283,0.691153161953081,3.6516567436233283,0.691153161953081,4.830311739964974])",0.0
F245,"['high', 'evening', 'including', 'analysis.', 'role', 'thing', 'return', 'chair.', '—', 'shocking', 'claims', 'mind', 'control', 'surface', 'internet.']","(10000,[503,635,1208,1584,2116,3184,3350,3857,5286,5850,6421,7281,7334,7936,8338],[0.691153161953081,4.137164559405029,2.849310271098391,4.830311739964974,3.7316994512968646,2.8844015909096608,4.137164559405029,4.019381523748645,4.42484663185681,0.691153161953081,5.523458920524919,0.6792718340663283,4.137164559405029,0.691153161953081,0.691153161953081])",0.0
R035,"['drop', 'million', 'majority.', 'foreign', 'police', 'letter', 'capital.', 'experts', 'discuss', 'ongoing', 'developments', 'climate', 'change.']","(10000,[101,564,821,2059,3614,3709,3876,4506,4687,6206,8577,8651,9462],[5.523458920524919,3.914021008090819,2.849310271098391,2.579019941358479,0.6636465161632473,5.117993812416755,4.270695952029551,0.691153161953081,0.6871770135734415,4.830311739964974,4.607168188650764,3.8187108282864943,0.691153161953081])",1.0
R024,"['food', 'simple', 'scientist', 'compare.', 'hard', 'challenge', 'run', 'someone', 'way', 'society', 'compare', 'cultural.', 'evening', 'next', 'admit', 'lose', 'truth.', 'experts', 'discuss', 'ongoing', 'developments', 'education.']","(10000,[266,327,2913,3614,3671,4422,4506,4570,4687,5047,5125,5286,5935,6226,6373,8273,8471,8653,8714,9246,9391,9462],[4.137164559405029,4.137164559405029,3.383392757028649,0.6636465161632473,4.137164559405029,4.137164559405029,0.691153161953081,5.117993812416755,0.6871770135734415,2.60568818844064,4.607168188650764,4.42484663185681,3.8187108282864943,4.137164559405029,5.117993812416755,4.830311739964974,5.523458920524919,4.019381523748645,4.607168188650764,4.607168188650764,3.914021008090819,0.691153161953081])",1.0
F079,"['meet', 'yard', 'marriage', 'bed', 'finish', 'however', 'artist.', 'sometimes', 'coach', 'produce', 'really', 'according.', 'effect', 'national', 'everyone', 'plan.', '—', 'shocking', 'claims', 'miracle', 'drug', 'surface', 'internet.']","(10000,[424,503,911,1256,1648,3514,4112,5850,5869,6229,6324,6578,7117,7281,7860,7910,7936,8338,8893,9087,9497,9907,9940],[4.607168188650764,0.691153161953081,4.019381523748645,3.125563647726549,4.607168188650764,4.019381523748645,4.019381523748645,0.691153161953081,4.019381523748645,4.019381523748645,3.8187108282864943,4.270695952029551,4.830311739964974,0.6792718340663283,2.958509563063383,4.270695952029551,0.691153161953081,0.691153161953081,4.270695952029551,4.830311739964974,4.137164559405029,5.523458920524919,3.577548771469606])",0.0
R094,"['sell', 'bed', 'structure.', 'involve', 'grow', 'something', 'moment', 'question', 'necessary', 'interview.', 'experts', 'discuss', 'ongoing', 'developments', 'policy.']","(10000,[2404,2947,3401,3614,4485,4506,4687,5138,5392,6271,6944,7979,9462,9497,9826],[4.42484663185681,4.42484663185681,4.607168188650764,0.6636465161632473,3.914021008090819,0.691153161953081,0.6871770135734415,4.830311739964974,5.523458920524919,4.270695952029551,2.7200985396183848,4.270695952029551,0.691153161953081,4.137164559405029,4.137164559405029])",1.0
R040,"['performance', 'back', 'speech', 'little', 'different', 'believe.', 'front', 'outside', 'home', 'day.', 'experts', 'discuss', 'ongoing', 'developments', 'policy.']","(10000,[502,504,586,1590,1842,3365,3614,4506,4687,6683,6944,8430,8568,9351,9462],[4.137164559405029,4.830311739964974,4.830311739964974,4.137164559405029,5.117993812416755,4.019381523748645,0.6636465161632473,0.691153161953081,0.6871770135734415,4.830311739964974,2.7200985396183848,3.914021008090819,4.830311739964974,4.607168188650764,0.691153161953081])",1.0
F170,"['science', 'read', 'determine', 'south.', '—', 'shocking', 'claims', 'immortal', 'jellyfish', 'surface', 'internet.']","(10000,[503,2066,3363,4640,5850,7281,7650,7734,7936,8338,9876],[0.691153161953081,2.7508701982851385,4.42484663185681,4.270695952029551,0.691153161953081,0.6792718340663283,4.019381523748645,4.137164559405029,0.691153161953081,0.691153161953081,2.7508701982851385])",0.0
F130,"['stand', 'call.', 'walk', 'box', 'sense', 'right.', '—', 'shocking', 'claims', 'immortal', 'jellyfish', 'surface', 'internet.']","(10000,[503,2066,2660,3244,5447,5850,6142,6886,7281,7922,7936,8338,9876],[0.691153161953081,2.7508701982851385,4.830311739964974,4.830311739964974,3.6516567436233283,0.691153161953081,4.830311739964974,5.523458920524919,0.6792718340663283,3.7316994512968646,0.691153161953081,0.691153161953081,2.7508701982851385])",0.0
R085,"['charge', 'act', 'training', 'fish', 'issue', 'nature.', 'pretty', 'safe', 'national', 'raise', 'where.', 'experts', 'discuss', 'ongoing', 'developments', 'economic', 'growth.']","(10000,[1376,3527,3614,3919,4506,4522,4687,6616,6812,6928,7538,7642,7910,8346,9034,9144,9462],[4.019381523748645,4.019381523748645,0.6636465161632473,4.019381523748645,0.691153161953081,5.117993812416755,0.6871770135734415,4.019381523748645,3.7316994512968646,4.137164559405029,4.607168188650764,4.137164559405029,4.270695952029551,4.830311739964974,2.8844015909096608,2.7200985396183848,0.691153161953081])",1.0
R054,"['card', 'authority', 'sometimes', 'several.', 'serve', 'close', 'small', 'professor.', 'establish', 'technology', 'scientist', 'threat', 'relate', 'themselves.', 'carry', 'play', 'defense', 'conference', 'live', 'article.', 'experts', 'discuss', 'ongoing', 'developments', 'budget', 'report.']","(10000,[74,222,454,493,988,1020,1176,1725,2144,2173,2923,3180,3497,3543,3614,4506,4687,4991,5432,5657,5853,5869,6226,6340,8070,9462],[5.523458920524919,4.019381523748645,3.5085558999826545,4.270695952029551,4.607168188650764,2.503034034380557,4.42484663185681,4.270695952029551,4.270695952029551,4.270695952029551,3.914021008090819,4.42484663185681,3.7316994512968646,3.914021008090819,0.6636465161632473,0.691153161953081,0.6871770135734415,2.60568818844064,2.661258039595451,4.607168188650764,5.117993812416755,4.019381523748645,4.137164559405029,5.117993812416755,4.42484663185681,0.691153161953081])",1.0
R047,"['level', 'attorney', 'establish', 'treatment', 'character', 'collection.', 'box', 'front', 'eight.', 'black', 'claim', 'notice.', 'experts', 'discuss', 'ongoing', 'developments', 'technology', 'breakthrough.']","(10000,[460,504,1020,1499,1948,2227,2923,3614,3652,4506,4687,4853,4867,7366,7922,8015,8937,9462],[5.117993812416755,4.830311739964974,2.503034034380557,3.4440173788450834,4.42484663185681,2.7200985396183848,3.914021008090819,0.6636465161632473,4.42484663185681,0.691153161953081,0.6871770135734415,4.42484663185681,4.019381523748645,5.117993812416755,3.7316994512968646,4.42484663185681,4.137164559405029,0.691153161953081])",1.0
R199,"['social', 'range', 'probably.', 'force', 'shoulder', 'agree', 'spring', 'staff', 'meet', 'century.', 'network', 'scientist', 'rather', 'business', 'thank', 'term.', 'experts', 'discuss', 'ongoing', 'developments', 'economic', 'growth.']","(10000,[165,391,823,1644,1687,2788,2837,3614,4506,4687,5374,5415,6224,6226,6533,6756,6925,9034,9144,9152,9462,9940],[4.137164559405029,4.607168188650764,4.270695952029551,4.019381523748645,4.137164559405029,4.830311739964974,3.8187108282864943,0.6636465161632473,0.691153161953081,0.6871770135734415,4.42484663185681,5.117993812416755,4.019381523748645,4.137164559405029,5.117993812416755,3.383392757028649,4.42484663185681,2.8844015909096608,2.7200985396183848,4.270695952029551,0.691153161953081,3.577548771469606])",1.0
F062,"['military', 'area', 'fall', 'skin', 'others', 'show', 'issue.', 'begin', 'skin', 'kid', 'well.', '—', 'shocking', 'claims', 'miracle', 'drug', 'surface', 'internet.']","(10000,[503,1256,1513,3378,3723,3729,4019,5649,5833,5850,5877,6940,7281,7860,7936,8338,8833],[0.691153161953081,3.125563647726549,3.8187108282864943,4.830311739964974,4.137164559405029,4.607168188650764,4.607168188650764,4.270695952029551,8.541391904059102,0.691153161953081,3.914021008090819,5.117993812416755,0.6792718340663283,2.958509563063383,0.691153161953081,0.691153161953081,5.117993812416755])",0.0
R244,"['memory', 'animal', 'month.', 'subject', 'remain', 'third', 'everybody', 'clear', 'campaign.', 'experts', 'discuss', 'ongoing', 'developments', 'technology', 'breakthrough.']","(10000,[1020,1481,1611,2227,2561,3614,4506,4687,5205,5856,6941,7360,8655,8771,9462],[2.503034034380557,4.607168188650764,4.137164559405029,2.7200985396183848,4.137164559405029,0.6636465161632473,0.691153161953081,0.6871770135734415,4.137164559405029,5.523458920524919,4.019381523748645,3.7316994512968646,4.137164559405029,3.8187108282864943,0.691153161953081])",1.0
R107,"['none', 'west', 'real', 'tough', 'question', 'address', 'in.', 'east', 'player', 'especially', 'foot.', 'young', 'need', 'draw', 'concern', 'understand', 'group', 'far.', 'trip', 'age', 'blood', 'per', 'either', 'white', 'visit.', 'experts', 'discuss', 'ongoing', 'developments', 'election.']","(10000,[298,371,1936,1968,2041,2359,2571,2947,3556,3614,4454,4506,4687,5085,5447,5782,5843,6487,6537,6576,6604,7766,7809,8167,8173,8791,9126,9462,9691,9831],[4.137164559405029,5.523458920524919,4.607168188650764,3.914021008090819,4.607168188650764,3.914021008090819,5.523458920524919,4.42484663185681,2.8844015909096608,0.6636465161632473,4.42484663185681,0.691153161953081,0.6871770135734415,3.914021008090819,3.6516567436233283,4.270695952029551,3.7316994512968646,3.383392757028649,4.42484663185681,4.137164559405029,4.019381523748645,4.42484663185681,4.137164559405029,4.270695952029551,3.4440173788450834,4.137164559405029,4.42484663185681,0.691153161953081,4.270695952029551,4.019381523748645])",1.0
F148,"['impact', 'discuss', 'onto.', 'consider', 'mouth', 'buy', 'significant', 'dinner', 'central.', '—', 'shocking', 'claims', 'aliens', 'surface', 'internet.']","(10000,[80,312,503,650,1972,2240,3614,5683,5850,6271,7281,7497,7936,8338,8552],[4.137164559405029,3.8187108282864943,0.691153161953081,2.958509563063383,3.8187108282864943,3.914021008090819,0.6636465161632473,5.523458920524919,0.691153161953081,4.270695952029551,0.6792718340663283,4.830311739964974,0.691153161953081,0.691153161953081,4.42484663185681])",0.0
F023,"['case', 'material', 'experience.', 'source', 'hope', 'dog.', '—', 'shocking', 'claims', 'mind', 'control', 'surface', 'internet.']","(10000,[503,1122,1208,2072,3184,3231,5850,6000,6342,7281,7721,7936,8338],[0.691153161953081,4.607168188650764,2.849310271098391,5.117993812416755,2.8844015909096608,4.019381523748645,0.691153161953081,4.607168188650764,4.607168188650764,0.6792718340663283,4.137164559405029,0.691153161953081,0.691153161953081])",0.0
R075,"['world', 'air', 'experience', 'least', 'international', 'year', 'gas.', 'third', 'rather', 'talk', 'great', 'free', 'congress.', 'act', 'wife', 'old', 'blood', 'though.', 'experts', 'discuss', 'ongoing', 'developments', 'budget', 'report.']","(10000,[88,188,750,1073,1634,2359,2513,2837,3021,3614,3635,4506,4687,4991,5432,6928,7083,8771,8899,8925,9012,9360,9462,9544],[4.137164559405029,4.607168188650764,4.42484663185681,4.42484663185681,4.42484663185681,3.914021008090819,4.270695952029551,3.8187108282864943,4.270695952029551,0.6636465161632473,4.270695952029551,0.691153161953081,0.6871770135734415,2.60568818844064,2.661258039595451,4.137164559405029,3.7316994512968646,3.8187108282864943,4.019381523748645,4.019381523748645,4.607168188650764,4.607168188650764,0.691153161953081,4.830311739964974])",1.0
R220,"['single', 'voice', 'explain', 'arrive', 'anyone', 'increase.', 'eat', 'foot', 'sit.', 'upon', 'development', 'despite', 'within', 'south', 'room', 'add.', 'experts', 'discuss', 'ongoing', 'developments', 'public', 'health.']","(10000,[494,666,1301,1770,2778,2871,3530,3614,4506,4687,4816,5341,6219,6623,6735,7276,7391,7889,7890,8344,9462,9817],[4.42484663185681,4.137164559405029,4.42484663185681,2.849310271098391,5.117993812416755,4.42484663185681,3.8187108282864943,0.6636465161632473,0.691153161953081,0.6871770135734415,3.7316994512968646,4.270695952029551,3.0385522707369192,5.523458920524919,4.019381523748645,4.137164559405029,4.019381523748645,3.914021008090819,4.42484663185681,3.914021008090819,0.691153161953081,3.5085558999826545])",1.0
R099,"['place', 'perform', 'cultural', 'memory.', 'analysis', 'want', 'hear', 'opportunity', 'leave', 'science.', 'experts', 'discuss', 'ongoing', 'developments', 'economic', 'growth.']","(10000,[1098,1296,2913,3334,3614,4506,4687,4842,6079,6390,6976,7712,9034,9144,9233,9462],[3.4440173788450834,4.42484663185681,3.383392757028649,4.270695952029551,0.6636465161632473,0.691153161953081,0.6871770135734415,3.8187108282864943,4.830311739964974,4.270695952029551,4.137164559405029,4.137164559405029,2.8844015909096608,2.7200985396183848,5.523458920524919,0.691153161953081])",1.0
F066,"['health', 'full', 'cover.', 'floor', 'data', 'player', 'focus', 'ok.', '—', 'shocking', 'claims', 'flat', 'earth', 'surface', 'internet.']","(10000,[503,1695,2918,3931,4319,5553,5850,6604,7281,7936,8338,8805,8867,8897,9676],[0.691153161953081,4.019381523748645,3.0385522707369192,4.137164559405029,3.7316994512968646,4.830311739964974,0.691153161953081,4.019381523748645,0.6792718340663283,0.691153161953081,0.691153161953081,3.8187108282864943,5.523458920524919,4.830311739964974,3.0385522707369192])",0.0
F060,"['learn', 'billion', 'air', 'other.', 'someone', 'agreement', 'carry', 'learn', 'citizen.', '—', 'shocking', 'claims', 'flat', 'earth', 'surface', 'internet.']","(10000,[88,258,454,503,2174,2918,3671,5850,5967,7281,7936,8338,8413,9231,9676],[4.137164559405029,4.830311739964974,3.5085558999826545,0.691153161953081,5.117993812416755,3.0385522707369192,4.137164559405029,0.691153161953081,7.637421656572989,0.6792718340663283,0.691153161953081,0.691153161953081,3.2721671219184243,5.117993812416755,3.0385522707369192])",0.0
F022,"['week', 'painting', 'forward', 'drop', 'list', 'majority.', 'company', 'little', 'security', 'military', 'authority.', 'easy', 'tax', 'help', 'choice', 'move', 'page', 'generation.', '—', 'shocking', 'claims', 'government', 'cover-up', 'surface', 'internet.']","(10000,[503,760,942,1034,1590,2006,2259,2634,2827,3709,4695,5122,5850,5877,6053,6282,6587,7281,7936,8338,8411,8577,8728,9347,9813],[0.691153161953081,3.914021008090819,4.270695952029551,5.117993812416755,4.137164559405029,4.830311739964974,2.849310271098391,3.7316994512968646,4.019381523748645,5.117993812416755,5.523458920524919,4.42484663185681,0.691153161953081,3.914021008090819,3.3262343431887,4.270695952029551,4.137164559405029,0.6792718340663283,0.691153161953081,0.691153161953081,3.577548771469606,4.607168188650764,3.0811118851557153,4.137164559405029,2.997730276216664])",0.0
F127,"['newspaper', 'water', 'professional', 'radio', 'white', 'ago.', 'five', 'heart', 'high', 'focus', 'season.', 'student', 'rest', 'stuff', 'site.', '—', 'shocking', 'claims', 'mind', 'control', 'surface', 'internet.']","(10000,[503,1208,2116,2155,2589,2708,3184,3238,3536,3931,4648,5843,5850,5974,7140,7281,7722,7936,7939,8338,9086,9808],[0.691153161953081,2.849310271098391,3.7316994512968646,4.270695952029551,3.6516567436233283,3.8187108282864943,2.8844015909096608,4.137164559405029,4.270695952029551,4.137164559405029,5.117993812416755,3.7316994512968646,0.691153161953081,3.8187108282864943,5.117993812416755,0.6792718340663283,4.019381523748645,0.691153161953081,3.6516567436233283,0.691153161953081,4.42484663185681,3.914021008090819])",0.0
R212,"['american', 'box', 'thus', 'answer', 'run', 'page.', 'us', 'paper', 'week', 'sort', 'current', 'quickly.', 'edge', 'story', 'age', 'benefit', 'foot.', 'ability', 'employee', 'fish', 'yes', 'project.', 'experts', 'discuss', 'ongoing', 'developments', 'education.']","(10000,[266,1376,2041,3614,3619,3681,3813,3818,3921,4506,4687,5044,5047,5101,5122,5653,5684,5720,6548,6660,6855,7652,7922,8690,8791,9189,9462],[4.137164559405029,4.019381523748645,4.607168188650764,0.6636465161632473,4.019381523748645,4.270695952029551,5.523458920524919,5.117993812416755,4.270695952029551,0.691153161953081,0.6871770135734415,3.914021008090819,2.60568818844064,5.117993812416755,4.42484663185681,3.914021008090819,4.270695952029551,4.830311739964974,4.607168188650764,4.270695952029551,4.019381523748645,3.8187108282864943,3.7316994512968646,4.019381523748645,4.137164559405029,3.6516567436233283,0.691153161953081])",1.0
F119,"['employee', 'author', 'ok', 'total.', 'trip', 'store', 'section', 'house.', '—', 'shocking', 'claims', 'mind', 'control', 'surface', 'internet.']","(10000,[503,1208,2645,3184,3756,5782,5850,6535,6548,6968,7184,7281,7936,8338,9350],[0.691153161953081,2.849310271098391,4.270695952029551,2.8844015909096608,4.830311739964974,4.270695952029551,0.691153161953081,5.117993812416755,4.607168188650764,3.914021008090819,4.607168188650764,0.6792718340663283,0.691153161953081,0.691153161953081,4.270695952029551])",0.0
F103,"['plant', 'campaign', 'account', 'movie', 'trip.', 'back', 'president', 'record', 'real.', '—', 'shocking', 'claims', 'hoax', 'surface', 'internet.']","(10000,[503,1306,1439,4347,4377,5850,5963,6675,6865,7244,7281,7936,8338,8430,9187],[0.691153161953081,4.830311739964974,3.914021008090819,4.270695952029551,2.60568818844064,0.691153161953081,4.607168188650764,3.7316994512968646,4.830311739964974,3.5085558999826545,0.6792718340663283,0.691153161953081,0.691153161953081,3.914021008090819,4.137164559405029])",0.0
F191,"['professional', 'energy', 'voice', 'explain.', 'act', 'sing', 'listen.', 'represent', 'report', 'child', 'cost', 'enjoy.', 'peace', 'part', 'economic.', '—', 'shocking', 'claims', 'mind', 'control', 'surface', 'internet.']","(10000,[503,1208,2007,2155,2826,3184,3530,3605,4490,5850,6451,6505,6697,6847,6928,7244,7281,7936,8307,8338,8717,8740],[0.691153161953081,2.849310271098391,4.42484663185681,4.270695952029551,4.830311739964974,2.8844015909096608,3.8187108282864943,5.117993812416755,3.5085558999826545,0.691153161953081,3.577548771469606,4.607168188650764,4.137164559405029,5.117993812416755,4.137164559405029,3.5085558999826545,0.6792718340663283,0.691153161953081,4.137164559405029,0.691153161953081,4.830311739964974,5.117993812416755])",0.0
F002,"['white', 'house.', 'kind', 'thing', 'modern', 'art', 'pressure', 'believe.', '—', 'shocking', 'claims', 'mind', 'control', 'surface', 'internet.']","(10000,[503,586,1208,2336,3184,3756,3857,5661,5843,5850,6044,7281,7854,7936,8338],[0.691153161953081,4.830311739964974,2.849310271098391,4.137164559405029,2.8844015909096608,4.830311739964974,4.019381523748645,3.914021008090819,3.7316994512968646,0.691153161953081,4.137164559405029,0.6792718340663283,4.137164559405029,0.691153161953081,0.691153161953081])",0.0
R155,"['trade', 'commercial', 'child', 'provide.', 'price', 'former', 'politics', 'break', 'owner.', 'mention', 'clear', 'popular', 'buy', 'activity', 'box', 'policy.', 'experts', 'discuss', 'ongoing', 'developments', 'election.']","(10000,[80,419,533,668,1611,1738,2634,2907,3556,3614,4160,4506,4687,5887,6148,6443,6944,7244,7922,8110,9462],[4.137164559405029,4.607168188650764,4.607168188650764,5.117993812416755,4.137164559405029,4.607168188650764,3.7316994512968646,4.42484663185681,2.8844015909096608,0.6636465161632473,3.8187108282864943,0.691153161953081,0.6871770135734415,4.270695952029551,4.607168188650764,3.577548771469606,2.7200985396183848,3.5085558999826545,3.7316994512968646,4.607168188650764,0.691153161953081])",1.0
R006,"['within', 'history', 'executive', 'simply', 'begin', 'know', 'similar.', 'ever', 'position', 'respond', 'allow', 'war', 'as.', 'experts', 'discuss', 'ongoing', 'developments', 'technology', 'breakthrough.']","(10000,[1020,1339,1513,1642,1776,2227,2500,3614,4506,4687,4835,5594,6035,6543,7779,8719,9462,9817,9966],[2.503034034380557,4.830311739964974,3.8187108282864943,4.019381523748645,4.42484663185681,2.7200985396183848,3.914021008090819,0.6636465161632473,0.691153161953081,0.6871770135734415,4.019381523748645,4.42484663185681,3.914021008090819,3.914021008090819,4.019381523748645,4.137164559405029,0.691153161953081,3.5085558999826545,4.270695952029551])",1.0
F086,"['challenge', 'animal', 'standard', 'century.', 'yeah', 'care', 'dinner', 'course', 'ground', 'book', 'interesting.', 'determine', 'open', 'participant.', '—', 'shocking', 'claims', 'government', 'cover-up', 'surface', 'internet.']","(10000,[109,393,503,1762,2240,2259,2788,2967,3249,3652,5310,5783,5850,5935,6487,7281,7360,7734,7936,8338,9813],[5.117993812416755,4.270695952029551,0.691153161953081,3.914021008090819,3.914021008090819,2.849310271098391,4.830311739964974,4.019381523748645,3.4440173788450834,4.42484663185681,4.42484663185681,4.019381523748645,0.691153161953081,3.8187108282864943,3.383392757028649,0.6792718340663283,3.7316994512968646,4.137164559405029,0.691153161953081,0.691153161953081,2.997730276216664])",0.0
R168,"['reveal', 'similar', 'always', 'but.', 'list', 'several', 'total', 'child', 'game', 'rock.', 'experts', 'discuss', 'ongoing', 'developments', 'election.']","(10000,[1507,3556,3614,4506,4687,6279,7046,7244,8728,8927,8975,9011,9227,9296,9462],[4.830311739964974,2.8844015909096608,0.6636465161632473,0.691153161953081,0.6871770135734415,3.7316994512968646,4.019381523748645,3.5085558999826545,3.0811118851557153,5.117993812416755,4.42484663185681,4.270695952029551,4.270695952029551,5.117993812416755,0.691153161953081])",1.0
R077,"['try', 'member', 'near', 'meeting.', 'report', 'go', 'tax', 'education.', 'experts', 'discuss', 'ongoing', 'developments', 'public', 'health.']","(10000,[1770,3614,4506,4687,4693,5047,5974,6219,6451,6505,6587,6790,7032,9462],[2.849310271098391,0.6636465161632473,0.691153161953081,0.6871770135734415,4.607168188650764,2.60568818844064,3.8187108282864943,3.0385522707369192,3.577548771469606,4.607168188650764,4.137164559405029,4.607168188650764,5.523458920524919,0.691153161953081])",1.0
F209,"['guy', 'hand', 'major', 'development', 'ball', 'collection', 'artist.', 'project', 'little', 'use', 'community', 'deep', 'health.', 'reason', 'wife', 'people', 'next', 'appear.', '—', 'shocking', 'claims', 'hoax', 'surface', 'internet.']","(10000,[94,503,1058,1590,1762,1952,2230,2871,2944,3021,3423,4263,4377,5133,5850,6219,7117,7281,7492,7936,8174,8209,8273,8338],[4.019381523748645,0.691153161953081,4.137164559405029,4.137164559405029,3.914021008090819,5.117993812416755,4.607168188650764,4.42484663185681,4.137164559405029,4.270695952029551,4.42484663185681,4.270695952029551,2.60568818844064,4.137164559405029,0.691153161953081,3.0385522707369192,4.830311739964974,0.6792718340663283,4.137164559405029,0.691153161953081,4.42484663185681,4.42484663185681,4.830311739964974,0.691153161953081])",0.0
R236,"['miss', 'agent', 'find', 'leave', 'education', 'economic', 'phone', 'ok.', 'story', 'big', 'eat.', 'standard', 'house', 'reach', 'sound', 'bad', 'make.', 'experts', 'discuss', 'ongoing', 'developments', 'public', 'health.']","(10000,[1071,1626,1770,2406,2913,2967,3048,3614,4506,4687,5016,5530,5553,5836,6166,6219,6855,7510,7576,7956,8386,9144,9462],[4.137164559405029,4.137164559405029,2.849310271098391,5.523458920524919,3.383392757028649,4.019381523748645,3.914021008090819,0.6636465161632473,0.691153161953081,0.6871770135734415,4.270695952029551,3.914021008090819,4.830311739964974,4.42484663185681,3.8187108282864943,3.0385522707369192,4.019381523748645,4.607168188650764,5.117993812416755,4.42484663185681,4.019381523748645,2.7200985396183848,0.691153161953081])",1.0
F186,"['apply', 'story', 'lose', 'kind', 'find.', 'camera', 'back', 'attorney', 'wall', 'use', 'month', 'bar.', '—', 'shocking', 'claims', 'aliens', 'surface', 'internet.']","(10000,[503,650,1650,1811,4422,4853,5133,5741,5850,6044,6404,6855,7281,7312,7359,7936,8338,8430],[0.691153161953081,2.958509563063383,4.42484663185681,5.117993812416755,4.137164559405029,4.42484663185681,4.137164559405029,4.607168188650764,0.691153161953081,4.137164559405029,3.8187108282864943,4.019381523748645,0.6792718340663283,4.270695952029551,4.830311739964974,0.691153161953081,0.691153161953081,3.914021008090819])",0.0
R243,"['agreement', 'house', 'minute', 'let', 'despite', 'drop.', 'opportunity', 'stage', 'television', 'decade', 'with.', 'magazine', 'detail', 'traditional', 'together.', 'experts', 'discuss', 'ongoing', 'developments', 'public', 'health.']","(10000,[30,1143,1301,1770,3225,3357,3614,4486,4506,4687,5836,6030,6219,6976,7640,8267,8413,8713,8852,9462],[4.137164559405029,4.607168188650764,4.42484663185681,2.849310271098391,5.523458920524919,4.137164559405029,0.6636465161632473,4.42484663185681,0.691153161953081,0.6871770135734415,4.42484663185681,3.577548771469606,3.0385522707369192,4.137164559405029,4.270695952029551,3.7316994512968646,6.544334243836849,5.117993812416755,5.117993812416755,0.691153161953081])",1.0
F094,"['protect', 'thousand', 'score', 'street', 'eye', 'into.', 'sister', 'air', 'concern.', 'remember', 'nearly', 'laugh', 'all.', 'charge', 'must', 'million.', '—', 'shocking', 'claims', 'immortal', 'jellyfish', 'surface', 'internet.']","(10000,[88,442,503,1023,1341,1535,1927,2066,2866,3521,3684,5685,5850,6798,6812,7098,7235,7281,7724,7936,8338,9719,9876],[4.137164559405029,5.117993812416755,0.691153161953081,4.019381523748645,3.914021008090819,5.523458920524919,4.42484663185681,2.7508701982851385,3.6516567436233283,4.607168188650764,3.7316994512968646,4.42484663185681,0.691153161953081,3.3262343431887,3.7316994512968646,4.830311739964974,4.270695952029551,0.6792718340663283,5.117993812416755,0.691153161953081,0.691153161953081,5.523458920524919,2.7508701982851385])",0.0
R032,"['share', 'time', 'best', 'baby.', 'action', 'record', 'computer', 'rock', 'father', 'budget', 'history.', 'whole', 'main', 'somebody', 'process', 'line', 'recent.', 'experts', 'discuss', 'ongoing', 'developments', 'economic', 'growth.']","(10000,[574,627,763,1182,1637,1800,3089,3614,3947,4347,4506,4687,4991,6633,7117,7424,8040,8151,8157,9034,9144,9367,9462],[4.137164559405029,4.830311739964974,4.137164559405029,4.830311739964974,4.42484663185681,4.607168188650764,3.914021008090819,0.6636465161632473,4.607168188650764,4.270695952029551,0.691153161953081,0.6871770135734415,2.60568818844064,3.914021008090819,4.830311739964974,5.117993812416755,3.577548771469606,4.137164559405029,4.270695952029551,2.8844015909096608,2.7200985396183848,3.914021008090819,0.691153161953081])",1.0
R033,"['goal', 'name', 'remain', 'family.', 'experts', 'discuss', 'ongoing', 'developments', 'education.']","(10000,[15,3614,4506,4687,5047,5089,5205,8033,9462],[4.42484663185681,0.6636465161632473,0.691153161953081,0.6871770135734415,2.60568818844064,4.270695952029551,4.137164559405029,4.607168188650764,0.691153161953081])",1.0
R045,"['wish', 'low.', 'resource', 'morning', 'talk', 'outside.', 'experts', 'discuss', 'ongoing', 'developments', 'technology', 'breakthrough.']","(10000,[495,1020,1670,2227,3160,3614,4506,4687,7954,8546,8925,9462],[3.8187108282864943,2.503034034380557,4.42484663185681,2.7200985396183848,3.914021008090819,0.6636465161632473,0.691153161953081,0.6871770135734415,5.523458920524919,5.117993812416755,4.019381523748645,0.691153161953081])",1.0
R116,"['attack', 'skin', 'save.', 'wide', 'church', 'consumer', 'kitchen', 'road.', 'experts', 'discuss', 'ongoing', 'developments', 'education.']","(10000,[756,980,1273,1831,2836,3614,4506,4687,5047,5693,5833,9462,9475],[4.270695952029551,5.523458920524919,3.4440173788450834,4.607168188650764,3.8187108282864943,0.6636465161632473,0.691153161953081,0.6871770135734415,2.60568818844064,3.914021008090819,4.270695952029551,0.691153161953081,4.137164559405029])",1.0
F056,"['list', 'industry', 'hot.', 'happen', 'fear', 'i.', '—', 'shocking', 'claims', 'celebrity', 'scandal', 'surface', 'internet.']","(10000,[503,564,3010,3486,4498,4704,4921,5850,7281,7936,8338,8728,9513],[0.691153161953081,3.914021008090819,4.019381523748645,2.849310271098391,5.523458920524919,4.019381523748645,2.849310271098391,0.691153161953081,0.6792718340663283,0.691153161953081,0.691153161953081,3.0811118851557153,4.42484663185681])",0.0
R043,"['right', 'catch', 'half.', 'experts', 'discuss', 'ongoing', 'developments', 'policy.']","(10000,[1790,3614,4062,4506,4687,6944,7949,9462],[3.914021008090819,0.6636465161632473,4.830311739964974,0.691153161953081,0.6871770135734415,2.7200985396183848,4.137164559405029,0.691153161953081])",1.0
R145,"['local', 'nice', 'performance.', 'significant', 'one', 'open', 'right', 'central', 'light', 'find.', 'western', 'cause', 'enjoy', 'happy.', 'experts', 'discuss', 'ongoing', 'developments', 'economic', 'growth.']","(10000,[228,316,524,815,1596,1720,1790,1805,2956,3370,3614,4506,4687,5783,7359,8552,8928,9034,9144,9462],[3.7316994512968646,3.914021008090819,3.5085558999826545,4.830311739964974,5.523458920524919,4.137164559405029,3.914021008090819,4.137164559405029,4.607168188650764,4.270695952029551,0.6636465161632473,0.691153161953081,0.6871770135734415,4.019381523748645,4.830311739964974,4.42484663185681,4.270695952029551,2.8844015909096608,2.7200985396183848,0.691153161953081])",1.0
F200,"['research', 'tell', 'list', 'thousand', 'message', 'space', 'pattern.', 'impact', 'six', 'voice', 'human', 'interview', 'strategy.', 'baby', 'prove', 'simply', 'college', 'author', 'per', 'court', 'culture.', '—', 'shocking', 'claims', 'secret', 'cure', 'surface', 'internet.']","(10000,[298,503,1348,1642,1850,1972,2715,3530,3892,4568,5214,5401,5703,5850,6035,6747,6798,7281,7516,7936,8057,8303,8326,8338,8728,9188,9350,9432],[4.137164559405029,0.691153161953081,4.270695952029551,4.019381523748645,4.830311739964974,3.8187108282864943,4.137164559405029,3.8187108282864943,2.5530444549552183,4.42484663185681,4.607168188650764,4.137164559405029,4.830311739964974,0.691153161953081,3.914021008090819,2.5530444549552183,3.3262343431887,0.6792718340663283,5.117993812416755,0.691153161953081,4.270695952029551,4.270695952029551,4.830311739964974,0.691153161953081,3.0811118851557153,4.42484663185681,4.270695952029551,3.8187108282864943])",0.0
F034,"['speak', 'per', 'step', 'state.', 'peace', 'story', 'local', 'keep', 'stock', 'ball', 'else.', '—', 'shocking', 'claims', 'celebrity', 'scandal', 'surface', 'internet.']","(10000,[228,298,503,793,1558,3486,4732,4921,5850,6697,6855,7281,7492,7936,8338,8929,9594,9757],[3.7316994512968646,4.137164559405029,0.691153161953081,3.8187108282864943,4.137164559405029,2.849310271098391,4.42484663185681,2.849310271098391,0.691153161953081,4.137164559405029,4.019381523748645,0.6792718340663283,4.137164559405029,0.691153161953081,0.691153161953081,5.117993812416755,3.7316994512968646,5.117993812416755])",0.0
F149,"['speak', 'poor', 'whole', 'glass', 'alone', 'factor.', 'light', 'peace', 'available', 'value', 'step', 'sister.', 'also', 'leg', 'various', 'bad', 'ten.', '—', 'shocking', 'claims', 'secret', 'cure', 'surface', 'internet.']","(10000,[503,627,1558,1720,2475,2492,2664,3792,3892,4732,5416,5850,6290,6647,6697,6747,6932,7281,7403,7936,7956,8103,8338,9415],[0.691153161953081,4.830311739964974,4.137164559405029,4.137164559405029,4.42484663185681,5.117993812416755,3.8187108282864943,4.42484663185681,2.5530444549552183,4.42484663185681,5.117993812416755,0.691153161953081,4.42484663185681,4.270695952029551,4.137164559405029,2.5530444549552183,4.019381523748645,0.6792718340663283,4.270695952029551,0.691153161953081,4.42484663185681,4.830311739964974,0.691153161953081,5.117993812416755])",0.0
F051,"['conference', 'bag', 'late', 'magazine', 'old', 'certainly.', 'eye', 'spring', 'coach', 'fish', 'never', 'member.', '—', 'shocking', 'claims', 'secret', 'cure', 'surface', 'internet.']","(10000,[281,415,503,1341,1376,1644,2403,3079,3514,3892,5657,5850,6747,7019,7083,7281,7936,8338,8413],[4.270695952029551,4.019381523748645,0.691153161953081,3.914021008090819,4.019381523748645,4.019381523748645,4.137164559405029,3.8187108282864943,4.019381523748645,2.5530444549552183,4.607168188650764,0.691153161953081,2.5530444549552183,4.830311739964974,3.7316994512968646,0.6792718340663283,0.691153161953081,0.691153161953081,3.2721671219184243])",0.0
F089,"['ball', 'listen', 'without', 'former', 'show', 'community.', 'serve', 'job', 'serious', 'writer.', '—', 'shocking', 'claims', 'flat', 'earth', 'surface', 'internet.']","(10000,[429,503,557,1117,1725,2918,4019,4043,4160,4959,5850,7281,7492,7857,7936,8338,9676],[4.607168188650764,0.691153161953081,4.607168188650764,4.019381523748645,4.270695952029551,3.0385522707369192,4.607168188650764,4.42484663185681,3.8187108282864943,4.830311739964974,0.691153161953081,0.6792718340663283,4.137164559405029,4.830311739964974,0.691153161953081,0.691153161953081,3.0385522707369192])",0.0
F135,"['two', 'color', 'contain', 'certainly.', 'practice', 'hear', 'box', 'worry', 'bad', 'summer.', '—', 'shocking', 'claims', 'flat', 'earth', 'surface', 'internet.']","(10000,[503,2191,2918,4280,4728,4842,5850,7019,7281,7493,7922,7936,7956,8338,8343,9676,9832],[0.691153161953081,4.830311739964974,3.0385522707369192,3.914021008090819,3.8187108282864943,3.8187108282864943,0.691153161953081,4.830311739964974,0.6792718340663283,4.270695952029551,3.7316994512968646,0.691153161953081,4.42484663185681,0.691153161953081,4.42484663185681,3.0385522707369192,4.137164559405029])",0.0
F088,"['campaign', 'job', 'feel', 'weight', 'tonight', 'beat.', 'discover', 'final', 'second', 'morning', 'meet', 'sell', 'lot.', 'century', 'visit', 'audience', 'another', 'year', 'yes', 'risk', 'fight.', 'money', 'fire', 'skill', 'around', 'baby.', '—', 'shocking', 'claims', 'government', 'cover-up', 'surface', 'internet.']","(10000,[503,557,698,1312,1653,2259,3115,3160,3389,4170,4485,4687,5044,5191,5850,6103,6197,6675,7281,7841,7936,8004,8166,8338,8544,8794,8899,9256,9367,9612,9813,9940,9968],[0.691153161953081,4.607168188650764,4.607168188650764,4.270695952029551,3.914021008090819,2.849310271098391,4.137164559405029,3.914021008090819,4.019381523748645,5.117993812416755,3.914021008090819,0.6871770135734415,3.914021008090819,4.42484663185681,0.691153161953081,4.607168188650764,4.019381523748645,3.7316994512968646,0.6792718340663283,3.914021008090819,0.691153161953081,3.6516567436233283,3.7316994512968646,0.691153161953081,4.830311739964974,4.830311739964974,4.019381523748645,4.607168188650764,3.914021008090819,5.523458920524919,2.997730276216664,3.577548771469606,4.42484663185681])",0.0
R010,"['account', 'suffer', 'nothing', 'toward', 'father.', 'marriage', 'beautiful', 'respond', 'right', 'material', 'charge.', 'experts', 'discuss', 'ongoing', 'developments', 'election.']","(10000,[1273,1790,2500,3194,3231,3556,3614,4292,4506,4687,4722,6135,6229,9132,9187,9462],[3.4440173788450834,3.914021008090819,3.914021008090819,4.42484663185681,4.019381523748645,2.8844015909096608,0.6636465161632473,3.7316994512968646,0.691153161953081,0.6871770135734415,5.117993812416755,4.42484663185681,4.019381523748645,4.830311739964974,4.137164559405029,0.691153161953081])",1.0
R211,"['call', 'discuss', 'police.', 'concern', 'think', 'maintain', 'move', 'fish.', 'affect', 'sign', 'travel', 'rock', 'usually', 'stop.', 'experts', 'discuss', 'ongoing', 'developments', 'policy.']","(10000,[574,1968,2335,2990,3471,3614,4391,4506,4687,5146,5247,6055,6282,6756,6917,6944,8681,9462],[4.137164559405029,3.914021008090819,4.019381523748645,4.137164559405029,5.523458920524919,1.3272930323264946,4.137164559405029,0.691153161953081,0.6871770135734415,4.830311739964974,4.607168188650764,5.117993812416755,4.270695952029551,3.383392757028649,5.523458920524919,2.7200985396183848,4.019381523748645,0.691153161953081])",1.0
F204,"['build', 'condition', 'reduce', 'game', 'hospital.', '—', 'shocking', 'claims', 'miracle', 'drug', 'surface', 'internet.']","(10000,[503,934,1256,3014,5328,5850,7281,7860,7936,8159,8338,8975],[0.691153161953081,4.607168188650764,3.125563647726549,4.019381523748645,3.914021008090819,0.691153161953081,0.6792718340663283,2.958509563063383,0.691153161953081,3.4440173788450834,0.691153161953081,4.42484663185681])",0.0
F168,"['project', 'story.', 'employee', 'structure', 'coach.', '—', 'shocking', 'claims', 'miracle', 'drug', 'surface', 'internet.']","(10000,[503,1256,1479,2230,2996,5850,6548,6624,7281,7860,7936,8338],[0.691153161953081,3.125563647726549,5.117993812416755,4.607168188650764,3.914021008090819,0.691153161953081,4.607168188650764,5.523458920524919,0.6792718340663283,2.958509563063383,0.691153161953081,0.691153161953081])",0.0
R011,"['particularly', 'hotel', 'difficult', 'affect', 'history', 'help.', 'deep', 'attorney', 'industry', 'land', 'process', 'say', 'measure.', 'begin', 'operation', 'chance', 'discuss', 'without', 'government.', 'experts', 'discuss', 'ongoing', 'developments', 'public', 'health.']","(10000,[346,1513,1712,1762,1770,2663,3010,3614,3952,4043,4506,4687,4853,5587,5710,5862,5922,6055,6219,6443,6543,7148,8040,9462],[4.019381523748645,3.8187108282864943,4.42484663185681,3.914021008090819,2.849310271098391,4.137164559405029,4.019381523748645,1.3272930323264946,4.42484663185681,4.42484663185681,0.691153161953081,0.6871770135734415,4.42484663185681,4.42484663185681,4.830311739964974,4.270695952029551,4.42484663185681,5.117993812416755,3.0385522707369192,3.577548771469606,3.914021008090819,4.42484663185681,3.577548771469606,0.691153161953081])",1.0
R232,"['note', 'free', 'according', 'surface', 'present', 'bag', 'many.', 'significant', 'debate', 'seven', 'support', 'nothing', 'center', 'dog.', 'experts', 'discuss', 'ongoing', 'developments', 'climate', 'change.']","(10000,[415,821,1073,1122,1480,2059,2846,3614,4292,4506,4687,7281,7564,7850,8130,8217,8276,8552,9462,9909],[4.019381523748645,2.849310271098391,4.42484663185681,4.607168188650764,4.137164559405029,2.579019941358479,5.523458920524919,0.6636465161632473,3.7316994512968646,0.691153161953081,0.6871770135734415,0.6792718340663283,4.607168188650764,3.8187108282864943,3.914021008090819,4.607168188650764,4.42484663185681,4.42484663185681,0.691153161953081,3.914021008090819])",1.0
R042,"['tax', 'involve', 'center', 'street', 'provide', 'successful', 'cover', 'dog.', 'message', 'major', 'list', 'himself.', 'owner', 'sound', 'born', 'discussion', 'whose', 'mind.', 'experts', 'discuss', 'ongoing', 'developments', 'public', 'health.']","(10000,[1058,1122,1480,1770,2715,3614,3684,3792,4506,4687,5315,5659,5946,6053,6104,6166,6219,6271,6587,6764,8728,9462,9539,9545],[4.137164559405029,4.607168188650764,4.137164559405029,2.849310271098391,4.137164559405029,0.6636465161632473,3.7316994512968646,4.42484663185681,0.691153161953081,0.6871770135734415,4.270695952029551,3.914021008090819,4.270695952029551,3.3262343431887,4.42484663185681,3.8187108282864943,3.0385522707369192,4.270695952029551,4.137164559405029,5.523458920524919,3.0811118851557153,0.691153161953081,4.019381523748645,4.42484663185681])",1.0
F182,"['property', 'base', 'near', 'throw', 'suffer', 'weight', 'situation', 'best.', 'despite', 'level', 'rise.', 'read', 'street', 'author', 'really', 'stop', 'hotel.', '—', 'shocking', 'claims', 'hoax', 'surface', 'internet.']","(10000,[503,796,1301,1499,2733,3136,3684,4112,4377,4554,5169,5850,5974,6043,6135,7281,7650,7936,8004,8173,8325,8338,9350],[0.691153161953081,3.8187108282864943,4.42484663185681,3.4440173788450834,4.607168188650764,4.137164559405029,3.7316994512968646,4.019381523748645,2.60568818844064,5.523458920524919,5.117993812416755,0.691153161953081,3.8187108282864943,5.523458920524919,4.42484663185681,0.6792718340663283,4.019381523748645,0.691153161953081,3.6516567436233283,3.4440173788450834,4.270695952029551,0.691153161953081,4.270695952029551])",0.0
F036,"['successful', 'student', 'traditional.', 'anyone', 'buy', 'personal', 'middle.', '—', 'shocking', 'claims', 'miracle', 'drug', 'surface', 'internet.']","(10000,[80,503,666,1256,2900,3536,5659,5850,6069,7281,7860,7936,7939,8338],[4.137164559405029,0.691153161953081,4.137164559405029,3.125563647726549,5.523458920524919,4.270695952029551,3.914021008090819,0.691153161953081,3.914021008090819,0.6792718340663283,2.958509563063383,0.691153161953081,3.6516567436233283,0.691153161953081])",0.0
F068,"['including', 'prove', 'head', 'sell', 'must', 'college', 'add.', 'film', 'effect', 'work', 'spring', 'mrs', 'evidence', 'appear.', 'seven', 'find', 'radio', 'country', 'maintain', 'political', 'key.', '—', 'shocking', 'claims', 'secret', 'cure', 'surface', 'internet.']","(10000,[503,1023,1064,1644,1952,2054,3892,3935,4485,4657,5003,5214,5247,5850,6324,6747,7281,7334,7510,7850,7870,7936,8057,8338,8344,9086,9527,9751],[0.691153161953081,4.019381523748645,4.607168188650764,4.019381523748645,5.117993812416755,4.830311739964974,2.5530444549552183,3.8187108282864943,3.914021008090819,4.830311739964974,3.914021008090819,4.607168188650764,4.607168188650764,0.691153161953081,3.8187108282864943,2.5530444549552183,0.6792718340663283,4.137164559405029,4.607168188650764,3.8187108282864943,4.137164559405029,0.691153161953081,4.270695952029551,0.691153161953081,3.914021008090819,4.42484663185681,4.137164559405029,3.914021008090819])",0.0
R015,"['hot', 'group', 'tough', 'particular', 'role', 'officer', 'likely', 'unit.', 'rather', 'decision', 'heavy', 'son', 'short.', 'section', 'start', 'character', 'nation', 'hour', 'notice.', 'experts', 'discuss', 'ongoing', 'developments', 'election.']","(10000,[209,309,527,696,746,2193,2471,2837,2996,3350,3556,3614,4014,4506,4687,4867,5447,6968,7366,7766,8949,8984,9462,9693],[4.607168188650764,4.270695952029551,4.270695952029551,4.019381523748645,4.830311739964974,4.42484663185681,4.607168188650764,3.8187108282864943,3.914021008090819,4.137164559405029,2.8844015909096608,0.6636465161632473,4.42484663185681,0.691153161953081,0.6871770135734415,4.019381523748645,3.6516567436233283,3.914021008090819,5.117993812416755,4.42484663185681,5.117993812416755,4.830311739964974,0.691153161953081,4.42484663185681])",1.0
R147,"['subject', 'education', 'send', 'police.', 'dark', 'west', 'drop.', 'experts', 'discuss', 'ongoing', 'developments', 'climate', 'change.']","(10000,[697,821,2059,3614,4391,4506,4687,5085,5523,5530,8655,8852,9462],[4.607168188650764,2.849310271098391,2.579019941358479,0.6636465161632473,4.137164559405029,0.691153161953081,0.6871770135734415,3.914021008090819,4.42484663185681,3.914021008090819,4.137164559405029,5.117993812416755,0.691153161953081])",1.0
F198,"['right', 'spring', 'up.', 'law', 'list', 'begin.', '—', 'shocking', 'claims', 'government', 'cover-up', 'surface', 'internet.']","(10000,[503,796,1644,1790,2259,3979,5850,7274,7281,7936,8338,8728,9813],[0.691153161953081,3.8187108282864943,4.019381523748645,3.914021008090819,2.849310271098391,3.914021008090819,0.691153161953081,5.523458920524919,0.6792718340663283,0.691153161953081,0.691153161953081,3.0811118851557153,2.997730276216664])",0.0
R081,"['power', 'result', 'tough', 'kind', 'think', 'street', 'develop.', 'measure', 'present', 'car.', 'experts', 'discuss', 'ongoing', 'developments', 'climate', 'change.']","(10000,[399,528,821,2059,2335,3056,3614,3684,4506,4687,5063,5447,6044,8130,8290,9462],[4.42484663185681,4.019381523748645,2.849310271098391,2.579019941358479,4.019381523748645,4.607168188650764,0.6636465161632473,3.7316994512968646,0.691153161953081,0.6871770135734415,5.523458920524919,3.6516567436233283,4.137164559405029,3.914021008090819,5.117993812416755,0.691153161953081])",1.0
F050,"['real', 'guess', 'hold', 'tell.', 'old', 'daughter', 'mission', 'size.', '—', 'shocking', 'claims', 'aliens', 'surface', 'internet.']","(10000,[503,650,2389,5850,6069,6532,7083,7281,7623,7936,8338,8660,9083,9691],[0.691153161953081,2.958509563063383,4.019381523748645,0.691153161953081,3.914021008090819,5.117993812416755,3.7316994512968646,0.6792718340663283,3.7316994512968646,0.691153161953081,0.691153161953081,4.137164559405029,5.523458920524919,4.270695952029551])",0.0
F162,"['dinner', 'may', 'beautiful', 'organization', 'executive', 'hard.', 'thus', 'surface', 'public', 'spend', 'two', 'respond', 'many', 'office.', 'hit', 'nothing', 'seven', 'mrs', 'hear', 'vote.', '—', 'shocking', 'claims', 'celebrity', 'scandal', 'surface', 'internet.']","(10000,[353,503,1273,1364,1770,2117,2240,2500,3486,4292,4728,4842,4921,5188,5684,5850,6878,7281,7765,7850,7936,8252,8338,9160,9751,9966],[3.914021008090819,0.691153161953081,3.4440173788450834,3.914021008090819,2.849310271098391,5.523458920524919,3.914021008090819,3.914021008090819,2.849310271098391,3.7316994512968646,3.8187108282864943,3.8187108282864943,2.849310271098391,4.42484663185681,4.270695952029551,0.691153161953081,5.523458920524919,1.3585436681326566,5.117993812416755,3.8187108282864943,0.691153161953081,4.42484663185681,0.691153161953081,4.270695952029551,3.914021008090819,4.270695952029551])",0.0
R028,"['forward', 'ability', 'foreign', 'never', 'space', 'from.', 'experts', 'discuss', 'ongoing', 'developments', 'technology', 'breakthrough.']","(10000,[281,1020,2227,3495,3614,3681,4506,4687,6206,8411,9188,9462],[4.270695952029551,2.503034034380557,2.7200985396183848,5.117993812416755,0.6636465161632473,4.270695952029551,0.691153161953081,0.6871770135734415,4.830311739964974,3.577548771469606,4.42484663185681,0.691153161953081])",1.0
R195,"['ask', 'wish', 'see', 'measure', 'type', 'bed', 'population.', 'heart', 'paper', 'chair.', 'yes', 'support', 'author', 'bed', 'sell.', 'weight', 'region', 'tonight', 'partner', 'including', 'personal', 'full.', 'experts', 'discuss', 'ongoing', 'developments', 'budget', 'report.']","(10000,[116,495,528,1310,1584,3389,3507,3526,3614,4506,4687,4991,5044,5354,5432,6599,7334,7939,8004,8159,8217,8690,8993,9350,9462,9497,9808],[3.8187108282864943,3.8187108282864943,4.019381523748645,5.117993812416755,4.830311739964974,4.019381523748645,4.607168188650764,4.607168188650764,0.6636465161632473,0.691153161953081,0.6871770135734415,2.60568818844064,3.914021008090819,4.42484663185681,2.661258039595451,4.607168188650764,4.137164559405029,3.6516567436233283,3.6516567436233283,3.4440173788450834,4.607168188650764,4.019381523748645,5.523458920524919,4.270695952029551,0.691153161953081,8.274329118810059,3.914021008090819])",1.0
F116,"['plan', 'since', 'behavior', 'degree.', 'system', 'price', 'film.', '—', 'shocking', 'claims', 'aliens', 'surface', 'internet.']","(10000,[503,650,735,1738,3996,4928,5183,5850,6123,6287,7281,7936,8338],[0.691153161953081,2.958509563063383,3.8187108282864943,4.607168188650764,4.607168188650764,4.830311739964974,5.523458920524919,0.691153161953081,4.42484663185681,4.270695952029551,0.6792718340663283,0.691153161953081,0.691153161953081])",0.0
R018,"['three', 'police', 'perform', 'war', 'agreement', 'allow.', 'heart', 'strong', 'general', 'drug', 'perhaps', 'answer.', 'control', 'similar', 'certain.', 'sometimes', 'piece', 'teach', 'task', 'pattern.', 'experts', 'discuss', 'ongoing', 'developments', 'research.']","(10000,[1098,1208,1259,2086,3133,3614,3876,4506,4687,5465,5869,5925,6355,7046,7066,7601,7860,8326,8413,8451,8522,8719,9380,9462,9808],[3.4440173788450834,2.849310271098391,4.137164559405029,4.830311739964974,4.830311739964974,0.6636465161632473,4.270695952029551,0.691153161953081,0.6871770135734415,4.137164559405029,4.019381523748645,4.270695952029551,4.607168188650764,4.019381523748645,2.920769235080536,5.117993812416755,2.958509563063383,4.830311739964974,3.2721671219184243,4.607168188650764,4.137164559405029,4.137164559405029,4.830311739964974,0.691153161953081,3.914021008090819])",1.0
F073,"['people', 'model', 'section', 'know.', 'seven', 'catch', 'night.', 'common', 'must', 'adult', 'wide', 'forward', 'moment', 'human.', 'color', 'season', 'may.', '—', 'shocking', 'claims', 'immortal', 'jellyfish', 'surface', 'internet.']","(10000,[72,503,843,1023,2066,2358,2836,3222,3401,4263,5850,6332,6572,6968,7102,7281,7850,7936,7949,8338,8391,8411,9832,9876],[4.137164559405029,0.691153161953081,5.523458920524919,4.019381523748645,2.7508701982851385,4.42484663185681,3.8187108282864943,5.117993812416755,4.607168188650764,4.270695952029551,0.691153161953081,4.019381523748645,5.117993812416755,3.914021008090819,4.42484663185681,0.6792718340663283,3.8187108282864943,0.691153161953081,4.137164559405029,0.691153161953081,4.42484663185681,3.577548771469606,4.137164559405029,2.7508701982851385])",0.0
F059,"['sea', 'despite.', 'law', 'blood', 'newspaper', 'leave', 'list', 'relationship.', 'action', 'election', 'grow', 'one', 'look', 'democrat.', '—', 'shocking', 'claims', 'miracle', 'drug', 'surface', 'internet.']","(10000,[132,503,815,1256,1320,2359,2404,2913,3238,3979,4330,5850,6633,7281,7860,7936,8338,8728,9617,9924,9939],[4.270695952029551,0.691153161953081,4.830311739964974,3.125563647726549,4.607168188650764,3.914021008090819,4.42484663185681,3.383392757028649,4.137164559405029,3.914021008090819,4.830311739964974,0.691153161953081,3.914021008090819,0.6792718340663283,2.958509563063383,0.691153161953081,0.691153161953081,3.0811118851557153,4.42484663185681,5.117993812416755,4.607168188650764])",0.0
R078,"['girl', 'whose', 'opportunity', 'field', 'writer.', 'ago', 'event', 'law', 'account.', 'experts', 'discuss', 'ongoing', 'developments', 'budget', 'report.']","(10000,[1029,1896,3614,3979,4506,4687,4991,5432,6976,7074,7728,7857,9211,9462,9539],[4.607168188650764,4.42484663185681,0.6636465161632473,3.914021008090819,0.691153161953081,0.6871770135734415,2.60568818844064,2.661258039595451,4.137164559405029,3.2721671219184243,4.42484663185681,4.830311739964974,4.830311739964974,0.691153161953081,4.019381523748645])",1.0
F216,"['pass', 'partner', 'music', 'usually', 'whose', 'song.', 'commercial', 'animal', 'soon', 'letter.', 'guy', 'wear', 'want', 'likely', 'whether', 'easy', 'first', 'difference.', '—', 'shocking', 'claims', 'secret', 'cure', 'surface', 'internet.']","(10000,[94,116,309,503,760,1041,2990,3406,3892,4300,5850,6370,6403,6443,6581,6747,6934,7281,7360,7712,7936,8338,8392,8915,9539],[4.019381523748645,3.8187108282864943,4.270695952029551,0.691153161953081,3.914021008090819,5.117993812416755,4.137164559405029,4.42484663185681,2.5530444549552183,5.117993812416755,0.691153161953081,4.137164559405029,3.6516567436233283,3.577548771469606,4.270695952029551,2.5530444549552183,5.523458920524919,0.6792718340663283,3.7316994512968646,4.137164559405029,0.691153161953081,0.691153161953081,4.019381523748645,5.523458920524919,4.019381523748645])",0.0
F206,"['appear', 'foot', 'eye', 'need', 'almost', 'especially', 'tend.', 'style', 'condition', 'bar', 'ahead', 'school', 'imagine.', 'let', 'environment', 'health', 'glass', 'western', 'area.', '—', 'shocking', 'claims', 'celebrity', 'scandal', 'surface', 'internet.']","(10000,[503,524,1341,2407,2679,3486,4105,4921,5328,5797,5850,6537,6932,7281,7332,7890,7936,8000,8173,8182,8267,8268,8338,8566,8805,9026],[0.691153161953081,3.5085558999826545,3.914021008090819,4.830311739964974,3.914021008090819,2.849310271098391,4.607168188650764,2.849310271098391,3.914021008090819,5.523458920524919,0.691153161953081,4.42484663185681,4.019381523748645,0.6792718340663283,4.270695952029551,4.42484663185681,0.691153161953081,4.137164559405029,3.4440173788450834,4.42484663185681,3.7316994512968646,3.577548771469606,0.691153161953081,3.914021008090819,3.8187108282864943,4.607168188650764])",0.0
R036,"['reduce', 'financial', 'keep', 'base', 'must', 'necessary.', 'usually', 'within', 'bit', 'easy', 'since', 'product.', 'total', 'unit', 'anything', 'box', 'individual', 'million', 'fish', 'material.', 'experts', 'discuss', 'ongoing', 'developments', 'research.']","(10000,[760,1023,1107,1376,1989,2114,2990,3614,4270,4506,4687,5616,6279,6287,6335,7066,7407,7922,8159,8173,8614,8651,9462,9594,9817],[3.914021008090819,4.019381523748645,4.830311739964974,4.019381523748645,4.607168188650764,4.42484663185681,4.137164559405029,0.6636465161632473,4.830311739964974,0.691153161953081,0.6871770135734415,5.117993812416755,3.7316994512968646,4.270695952029551,3.7316994512968646,2.920769235080536,3.7316994512968646,3.7316994512968646,3.4440173788450834,3.4440173788450834,3.8187108282864943,3.8187108282864943,0.691153161953081,3.7316994512968646,3.5085558999826545])",1.0
F104,"['management', 'oil', 'record', 'realize', 'interview.', 'company', 'positive', 'build', 'account', 'purpose', 'instead', 'machine', 'six.', '—', 'shocking', 'claims', 'aliens', 'surface', 'internet.']","(10000,[1,503,650,942,1241,1582,3004,3014,4347,4527,5138,5850,6035,7281,7936,8040,8089,8338,9187],[4.607168188650764,0.691153161953081,2.958509563063383,4.270695952029551,3.914021008090819,4.42484663185681,5.523458920524919,4.019381523748645,4.270695952029551,3.914021008090819,4.830311739964974,0.691153161953081,3.914021008090819,0.6792718340663283,0.691153161953081,3.577548771469606,4.270695952029551,0.691153161953081,4.137164559405029])",0.0
F000,"['born', 'imagine', 'time', 'item', 'back', 'moment.', 'better', 'produce', 'protect', 'animal', 'choose.', 'around', 'describe', 'seem', 'action', 'building', 'simple.', '—', 'shocking', 'claims', 'hoax', 'surface', 'internet.']","(10000,[503,1648,1916,2543,2588,4096,4333,4377,4805,5301,5850,5852,6197,6633,7085,7235,7281,7360,7936,8157,8338,8430,9545],[0.691153161953081,4.607168188650764,4.270695952029551,3.8187108282864943,4.270695952029551,5.117993812416755,5.117993812416755,2.60568818844064,5.117993812416755,4.42484663185681,0.691153161953081,4.830311739964974,4.019381523748645,3.914021008090819,4.270695952029551,4.270695952029551,0.6792718340663283,3.7316994512968646,0.691153161953081,4.270695952029551,0.691153161953081,3.914021008090819,4.42484663185681])",0.0
R136,"['give', 'image', 'total', 'experience', 'control', 'real.', 'century', 'manager', 'personal', 'activity.', 'experts', 'discuss', 'ongoing', 'developments', 'education.']","(10000,[1208,1652,3614,3635,3783,4506,4687,5047,5303,5963,6279,7417,7841,7939,9462],[2.849310271098391,4.830311739964974,0.6636465161632473,4.270695952029551,4.830311739964974,0.691153161953081,0.6871770135734415,2.60568818844064,4.830311739964974,4.607168188650764,3.7316994512968646,5.523458920524919,3.914021008090819,3.6516567436233283,0.691153161953081])",1.0
F019,"['want', 'long', 'voice', 'study', 'fact', 'stage', 'generation', 'imagine.', 'understand', 'hundred', 'ability', 'particularly', 'seem', 'focus.', 'every', 'democratic', 'field', 'near', 'avoid', 'window.', '—', 'shocking', 'claims', 'immortal', 'jellyfish', 'surface', 'internet.']","(10000,[30,503,619,1388,2066,2588,3530,3681,4224,5175,5606,5850,5974,6443,6487,6963,7074,7215,7281,7712,7936,8016,8338,8904,9026,9681,9876],[4.137164559405029,0.691153161953081,4.830311739964974,3.7316994512968646,2.7508701982851385,4.270695952029551,3.8187108282864943,4.270695952029551,4.137164559405029,4.137164559405029,4.42484663185681,0.691153161953081,3.8187108282864943,3.577548771469606,3.383392757028649,4.137164559405029,3.2721671219184243,4.270695952029551,0.6792718340663283,4.137164559405029,0.691153161953081,5.523458920524919,0.691153161953081,3.8187108282864943,4.607168188650764,4.137164559405029,2.7508701982851385])",0.0
R012,"['continue', 'receive', 'research', 'pay', 'want', 'brother', 'whether.', 'experts', 'discuss', 'ongoing', 'developments', 'technology', 'breakthrough.']","(10000,[291,743,1020,2227,3614,4506,4617,4687,4897,6547,7712,9432,9462],[4.270695952029551,4.42484663185681,2.503034034380557,2.7200985396183848,0.6636465161632473,0.691153161953081,4.607168188650764,0.6871770135734415,4.137164559405029,5.117993812416755,4.137164559405029,3.8187108282864943,0.691153161953081])",1.0
R052,"['maintain', 'attention', 'well', 'goal', 'authority', 'best', 'specific.', 'without', 'bad', 'exist', 'fight', 'democratic', 'sit.', 'center', 'may', 'happen', 'century', 'state.', 'experts', 'discuss', 'ongoing', 'developments', 'education.']","(10000,[157,264,763,1176,1480,2526,2778,3144,3614,4043,4506,4687,4704,5047,5089,5247,5606,6602,7841,7956,8929,9160,9462],[3.8187108282864943,4.830311739964974,4.137164559405029,4.42484663185681,4.137164559405029,4.019381523748645,5.117993812416755,4.137164559405029,0.6636465161632473,4.42484663185681,0.691153161953081,0.6871770135734415,4.019381523748645,2.60568818844064,4.270695952029551,4.607168188650764,4.42484663185681,4.42484663185681,3.914021008090819,4.42484663185681,5.117993812416755,4.270695952029551,0.691153161953081])",1.0
R123,"['reason', 'business', 'issue', 'population', 'ability', 'remain.', 'author', 'office', 'reach', 'state', 'feel.', 'experts', 'discuss', 'ongoing', 'developments', 'climate', 'change.']","(10000,[821,1808,2059,2604,2944,3614,3681,4506,4687,5374,6616,8344,8386,9258,9350,9462,9682],[2.849310271098391,5.117993812416755,2.579019941358479,4.607168188650764,4.137164559405029,0.6636465161632473,4.270695952029551,0.691153161953081,0.6871770135734415,4.42484663185681,4.019381523748645,3.914021008090819,4.019381523748645,4.137164559405029,4.270695952029551,0.691153161953081,5.523458920524919])",1.0
F040,"['voice', 'vote', 'line', 'order', 'store', 'walk.', 'mrs', 'reduce', 'campaign', 'interesting', 'tough', 'check.', 'choose', 'indeed', 'wrong', 'clearly.', '—', 'shocking', 'claims', 'government', 'cover-up', 'surface', 'internet.']","(10000,[503,1182,1226,1985,2259,3530,3634,4934,5447,5850,6512,6675,7184,7281,7936,8159,8338,8423,9214,9394,9706,9751,9813],[0.691153161953081,4.830311739964974,4.42484663185681,5.117993812416755,2.849310271098391,3.8187108282864943,4.270695952029551,3.4440173788450834,3.6516567436233283,0.691153161953081,4.019381523748645,3.7316994512968646,4.607168188650764,0.6792718340663283,0.691153161953081,3.4440173788450834,0.691153161953081,4.830311739964974,4.607168188650764,4.830311739964974,4.137164559405029,3.914021008090819,2.997730276216664])",0.0
R160,"['let', 'suffer', 'partner', 'discussion', 'make', 'american', 'keep', 'usually.', 'yeah', 'charge', 'economy', 'cut', 'society.', 'ahead', 'move', 'mr', 'yes', 'indeed', 'war', 'recently.', 'experts', 'discuss', 'ongoing', 'developments', 'climate', 'change.']","(10000,[116,217,821,1031,1206,2059,2647,3249,3525,3614,4506,4687,4934,5044,5248,5315,6135,6282,6652,6812,7652,8267,8268,8719,9462,9594],[3.8187108282864943,4.42484663185681,2.849310271098391,5.117993812416755,4.270695952029551,2.579019941358479,4.607168188650764,3.4440173788450834,4.830311739964974,0.6636465161632473,0.691153161953081,0.6871770135734415,3.4440173788450834,3.914021008090819,5.117993812416755,4.270695952029551,4.42484663185681,4.270695952029551,4.607168188650764,3.7316994512968646,3.8187108282864943,3.7316994512968646,3.577548771469606,4.137164559405029,0.691153161953081,3.7316994512968646])",1.0
F067,"['southern', 'indicate', 'result', 'page', 'information', 'discussion.', 'customer', 'sing', 'upon', 'long', 'ready', 'book.', 'quality', 'dark', 'sometimes', 'travel', 'technology', 'office.', '—', 'shocking', 'claims', 'immortal', 'jellyfish', 'surface', 'internet.']","(10000,[399,503,697,1020,1413,2066,2827,3226,3506,3743,4079,5850,5869,6451,6485,6557,6735,7281,7765,7936,8190,8338,8681,8904,9876],[4.42484663185681,0.691153161953081,4.607168188650764,2.503034034380557,4.607168188650764,2.7508701982851385,4.019381523748645,4.830311739964974,4.270695952029551,4.42484663185681,5.523458920524919,0.691153161953081,4.019381523748645,3.577548771469606,3.914021008090819,4.019381523748645,4.019381523748645,0.6792718340663283,5.117993812416755,0.691153161953081,3.577548771469606,0.691153161953081,4.019381523748645,3.8187108282864943,2.7508701982851385])",0.0
R069,"['general', 'help', 'leg', 'measure', 'consumer.', 'machine', 'serious', 'recently', 'return', 'hand', 'wrong.', 'experts', 'discuss', 'ongoing', 'developments', 'research.']","(10000,[528,635,1117,2034,3423,3614,4506,4687,4905,5094,5465,6290,7066,8040,9347,9462],[4.019381523748645,4.137164559405029,4.019381523748645,4.830311739964974,4.42484663185681,0.6636465161632473,0.691153161953081,0.6871770135734415,5.523458920524919,5.117993812416755,4.137164559405029,4.42484663185681,2.920769235080536,3.577548771469606,4.137164559405029,0.691153161953081])",1.0
F160,"['law', 'tonight', 'coach', 'news', 'economic', 'city', 'usually.', 'class', 'event', 'miss', 'night', 'major', 'process', 'bill.', 'someone', 'old', 'pay', 'change.', '—', 'shocking', 'claims', 'mind', 'control', 'surface', 'internet.']","(10000,[503,1058,1071,1208,2059,2433,3184,3204,3389,3514,3671,3979,4007,4897,5495,5850,6652,6869,7083,7281,7728,7936,8040,8338,9144],[0.691153161953081,4.137164559405029,4.137164559405029,2.849310271098391,2.579019941358479,4.137164559405029,2.8844015909096608,4.830311739964974,4.019381523748645,4.019381523748645,4.137164559405029,3.914021008090819,4.019381523748645,4.137164559405029,4.42484663185681,0.691153161953081,4.607168188650764,4.42484663185681,3.7316994512968646,0.6792718340663283,4.42484663185681,0.691153161953081,3.577548771469606,0.691153161953081,2.7200985396183848])",0.0
F053,"['wrong', 'address', 'build.', 'born', 'interview', 'campaign', 'language', 'expect', 'debate.', '—', 'shocking', 'claims', 'hoax', 'surface', 'internet.']","(10000,[503,1716,3479,3691,4377,4454,5598,5850,6035,6512,6675,7281,7936,8338,9545],[0.691153161953081,4.270695952029551,5.523458920524919,4.270695952029551,2.60568818844064,4.42484663185681,5.523458920524919,0.691153161953081,3.914021008090819,4.019381523748645,3.7316994512968646,0.6792718340663283,0.691153161953081,0.691153161953081,4.42484663185681])",0.0
R074,"['sea', 'recognize', 'number.', 'sister', 'law', 'health', 'determine.', 'physical', 'name', 'responsibility.', 'experts', 'discuss', 'ongoing', 'developments', 'education.']","(10000,[15,2523,3521,3614,3979,4506,4687,4702,5047,8171,8512,8649,8805,9462,9617],[4.42484663185681,5.117993812416755,4.607168188650764,0.6636465161632473,3.914021008090819,0.691153161953081,0.6871770135734415,4.830311739964974,2.60568818844064,4.137164559405029,5.117993812416755,3.8187108282864943,3.8187108282864943,0.691153161953081,4.42484663185681])",1.0
R007,"['street', 'church', 'according', 'human', 'beat', 'area.', 'commercial', 'final', 'member', 'organization.', 'experts', 'discuss', 'ongoing', 'developments', 'election.']","(10000,[1273,1653,2569,3556,3614,3684,4105,4506,4687,6443,6790,7564,8270,8303,9462],[3.4440173788450834,3.914021008090819,3.577548771469606,2.8844015909096608,0.6636465161632473,3.7316994512968646,4.607168188650764,0.691153161953081,0.6871770135734415,3.577548771469606,4.607168188650764,4.607168188650764,4.830311739964974,4.270695952029551,0.691153161953081])",1.0
R119,"['nearly', 'senior', 'thousand', 'study', 'blue', 'rock', 'town.', 'focus', 'room.', 'remain', 'window', 'fly', 'measure.', 'experts', 'discuss', 'ongoing', 'developments', 'climate', 'change.']","(10000,[574,821,2059,2366,2403,2866,3614,3931,4144,4224,4506,4687,5205,5587,5768,5944,6278,6798,9462],[4.137164559405029,2.849310271098391,2.579019941358479,3.914021008090819,4.137164559405029,3.6516567436233283,0.6636465161632473,4.137164559405029,4.607168188650764,4.137164559405029,0.691153161953081,0.6871770135734415,4.137164559405029,4.42484663185681,4.137164559405029,4.42484663185681,5.117993812416755,3.3262343431887,0.691153161953081])",1.0
R087,"['blue', 'dinner', 'sort', 'job', 'contain', 'new', 'evidence.', 'back', 'theory', 'race', 'population.', 'experts', 'discuss', 'ongoing', 'developments', 'budget', 'report.']","(10000,[454,557,585,1468,2240,3614,4506,4687,4991,5432,5720,5768,6599,7493,8430,9462,9588],[3.5085558999826545,4.607168188650764,4.137164559405029,4.607168188650764,3.914021008090819,0.6636465161632473,0.691153161953081,0.6871770135734415,2.60568818844064,2.661258039595451,4.830311739964974,4.137164559405029,4.607168188650764,4.270695952029551,3.914021008090819,0.691153161953081,5.523458920524919])",1.0
F145,"['page', 'radio', 'executive', 'student', 'return.', 'fear', 'former', 'modern', 'republican', 'level', 'politics.', 'people', 'score', 'also', 'someone', 'hour', 'investment.', '—', 'shocking', 'claims', 'miracle', 'drug', 'surface', 'internet.']","(10000,[211,503,527,1256,1499,1734,1927,2336,2827,3536,3671,3792,4160,4263,4616,5850,7281,7860,7936,8338,8684,9086,9513,9966],[5.117993812416755,0.691153161953081,4.270695952029551,3.125563647726549,3.4440173788450834,5.523458920524919,4.42484663185681,4.137164559405029,4.019381523748645,4.270695952029551,4.137164559405029,4.42484663185681,3.8187108282864943,4.270695952029551,4.270695952029551,0.691153161953081,0.6792718340663283,2.958509563063383,0.691153161953081,0.691153161953081,4.607168188650764,4.42484663185681,4.42484663185681,4.270695952029551])",0.0
R065,"['gas', 'leave', 'like', 'rule', 'across.', 'experts', 'discuss', 'ongoing', 'developments', 'budget', 'report.']","(10000,[343,2913,3330,3614,4506,4687,4991,5432,5607,5627,9462],[4.607168188650764,3.383392757028649,4.270695952029551,0.6636465161632473,0.691153161953081,0.6871770135734415,2.60568818844064,2.661258039595451,4.42484663185681,5.523458920524919,0.691153161953081])",1.0
R208,"['box', 'pretty', 'small', 'strategy', 'security', 'him.', 'professional', 'hot', 'everybody', 'minute', 'finish', 'actually', 'kitchen.', 'experts', 'discuss', 'ongoing', 'developments', 'budget', 'report.']","(10000,[222,1951,2155,2291,2561,2634,3351,3357,3614,3919,4506,4687,4991,5432,6447,6578,7922,9462,9693],[4.019381523748645,5.523458920524919,4.270695952029551,3.914021008090819,4.137164559405029,3.7316994512968646,4.830311739964974,4.137164559405029,0.6636465161632473,4.019381523748645,0.691153161953081,0.6871770135734415,2.60568818844064,2.661258039595451,4.830311739964974,4.270695952029551,3.7316994512968646,0.691153161953081,4.42484663185681])",1.0
R048,"['century', 'cell', 'rather', 'bill.', 'say', 'much', 'everybody', 'impact', 'hear', 'product.', 'experts', 'discuss', 'ongoing', 'developments', 'budget', 'report.']","(10000,[524,1972,2561,2837,3204,3210,3614,4270,4506,4687,4842,4991,5432,5862,7841,9462],[3.5085558999826545,3.8187108282864943,4.137164559405029,3.8187108282864943,4.830311739964974,4.830311739964974,0.6636465161632473,4.830311739964974,0.691153161953081,0.6871770135734415,3.8187108282864943,2.60568818844064,2.661258039595451,4.270695952029551,3.914021008090819,0.691153161953081])",1.0
F076,"['development', 'wait', 'firm.', 'prepare', 'hundred', 'enough', 'family.', 'run', 'think', 'across', 'expect', 'foot', 'quite', 'laugh.', '—', 'shocking', 'claims', 'aliens', 'surface', 'internet.']","(10000,[266,503,650,2286,2335,2551,2871,3673,3691,4748,5175,5477,5850,6056,7074,7281,7890,7936,8033,8338],[4.137164559405029,0.691153161953081,2.958509563063383,4.270695952029551,4.019381523748645,4.607168188650764,4.42484663185681,5.117993812416755,4.270695952029551,4.42484663185681,4.137164559405029,4.607168188650764,0.691153161953081,4.270695952029551,3.2721671219184243,0.6792718340663283,4.42484663185681,0.691153161953081,4.607168188650764,0.691153161953081])",0.0
R019,"['nice', 'weight', 'determine', 'simply', 'certain.', 'system', 'size', 'always', 'history', 'laugh.', 'cost', 'strategy', 'better', 'use', 'nice.', 'experts', 'discuss', 'ongoing', 'developments', 'policy.']","(10000,[1642,2291,2543,3192,3370,3614,3673,3996,4490,4506,4687,5133,6543,6944,7734,8004,8780,9011,9380,9462],[4.019381523748645,3.914021008090819,3.8187108282864943,4.137164559405029,4.270695952029551,0.6636465161632473,5.117993812416755,4.607168188650764,3.5085558999826545,0.691153161953081,0.6871770135734415,4.137164559405029,3.914021008090819,2.7200985396183848,4.137164559405029,3.6516567436233283,5.523458920524919,4.270695952029551,4.830311739964974,0.691153161953081])",1.0
F115,"['food', 'federal', 'carry', 'democratic', 'once.', '—', 'shocking', 'claims', 'immortal', 'jellyfish', 'surface', 'internet.']","(10000,[454,503,633,2066,5606,5850,7281,7936,8338,8653,8692,9876],[3.5085558999826545,0.691153161953081,4.270695952029551,2.7508701982851385,4.42484663185681,0.691153161953081,0.6792718340663283,0.691153161953081,0.691153161953081,4.019381523748645,5.117993812416755,2.7508701982851385])",0.0
R031,"['step', 'station', 'contain', 'draw.', 'reduce', 'investment', 'important', 'adult', 'stand.', 'determine', 'amount', 'consider.', 'yes', 'local', 'cold', 'news', 'mrs', 'congress.', 'experts', 'discuss', 'ongoing', 'developments', 'education.']","(10000,[72,228,1558,1562,1967,2433,2513,3614,3759,3920,4506,4687,5044,5047,6090,6751,7222,7493,7734,8159,8415,9462,9751],[4.137164559405029,3.7316994512968646,4.137164559405029,4.42484663185681,4.607168188650764,4.137164559405029,4.270695952029551,0.6636465161632473,5.117993812416755,4.42484663185681,0.691153161953081,0.6871770135734415,3.914021008090819,2.60568818844064,5.523458920524919,5.523458920524919,3.8187108282864943,4.270695952029551,4.137164559405029,3.4440173788450834,4.42484663185681,0.691153161953081,3.914021008090819])",1.0
R190,"['attack', 'floor', 'company', 'section', 'know', 'we.', 'partner', 'return', 'car', 'although', 'reach', 'it.', 'experts', 'discuss', 'ongoing', 'developments', 'research.']","(10000,[116,635,942,2412,3614,3674,4319,4506,4687,5693,6968,7066,7779,7805,8386,9462],[3.8187108282864943,4.137164559405029,4.270695952029551,4.830311739964974,0.6636465161632473,4.830311739964974,3.7316994512968646,0.691153161953081,0.6871770135734415,3.914021008090819,3.914021008090819,2.920769235080536,8.03876304749729,4.830311739964974,4.019381523748645,0.691153161953081])",1.0
F057,"['fire', 'community', 'win.', 'night', 'offer', 'house.', '—', 'shocking', 'claims', 'mind', 'control', 'surface', 'internet.']","(10000,[503,1208,2958,3184,3756,5191,5850,6436,6869,7281,7936,8174,8338],[0.691153161953081,2.849310271098391,4.270695952029551,2.8844015909096608,4.830311739964974,4.42484663185681,0.691153161953081,5.117993812416755,4.42484663185681,0.6792718340663283,0.691153161953081,4.42484663185681,0.691153161953081])",0.0
F158,"['tree', 'wind', 'human', 'be.', 'ok', 'wide', 'according', 'pass.', 'meeting', 'physical', 'course', 'various', 'happy.', '—', 'shocking', 'claims', 'immortal', 'jellyfish', 'surface', 'internet.']","(10000,[20,503,2066,2558,2645,2836,2956,3652,5850,5871,6562,6647,7281,7564,7936,8171,8303,8338,8649,9876],[4.270695952029551,0.691153161953081,2.7508701982851385,4.019381523748645,4.270695952029551,3.8187108282864943,4.607168188650764,4.42484663185681,0.691153161953081,4.270695952029551,5.523458920524919,4.270695952029551,0.6792718340663283,4.607168188650764,0.691153161953081,4.137164559405029,4.270695952029551,0.691153161953081,3.8187108282864943,2.7508701982851385])",0.0
F234,"['guy', 'brother', 'way', 'avoid', 'forget', 'life', 'inside.', 'anyone', 'push', 'customer.', 'term', 'phone', 'civil', 'rule', 'edge', 'measure', 'describe.', 'care', 'stuff', 'seven', 'lose', 'enter', 'remain', 'drug.', '—', 'shocking', 'claims', 'flat', 'earth', 'surface', 'internet.']","(10000,[94,291,343,503,528,593,666,1388,1626,2188,2918,3477,3921,3980,4422,5205,5310,5465,5850,5978,6714,7146,7281,7309,7435,7722,7850,7936,8338,9391,9676],[4.019381523748645,4.270695952029551,4.607168188650764,0.691153161953081,4.019381523748645,3.7316994512968646,4.137164559405029,3.7316994512968646,4.137164559405029,4.42484663185681,3.0385522707369192,3.914021008090819,4.270695952029551,5.117993812416755,4.137164559405029,4.137164559405029,4.42484663185681,4.137164559405029,0.691153161953081,4.270695952029551,5.117993812416755,4.270695952029551,0.6792718340663283,5.117993812416755,4.270695952029551,4.019381523748645,3.8187108282864943,0.691153161953081,0.691153161953081,3.914021008090819,3.0385522707369192])",0.0
F155,"['improve', 'value', 'learn', 'war', 'stock', 'room.', 'specific', 'cost', 'company', 'nice', 'amount', 'claim', 'approach', 'fall.', 'education', 'reflect', 'account.', '—', 'shocking', 'claims', 'flat', 'earth', 'surface', 'internet.']","(10000,[503,793,942,2059,2366,2408,2918,3095,3370,3488,4490,5321,5530,5850,5967,7222,7281,7403,7936,8338,8719,8937,9211,9676],[0.691153161953081,3.8187108282864943,4.270695952029551,2.579019941358479,3.914021008090819,4.019381523748645,3.0385522707369192,4.607168188650764,4.270695952029551,5.523458920524919,3.5085558999826545,4.607168188650764,3.914021008090819,0.691153161953081,3.8187108282864943,3.8187108282864943,0.6792718340663283,4.270695952029551,0.691153161953081,0.691153161953081,4.137164559405029,4.137164559405029,4.830311739964974,3.0385522707369192])",0.0
F106,"['thousand', 'democrat', 'draw', 'sport', 'life', 'ground', 'yet.', 'teach', 'shoulder', 'behavior', 'address', 'professor.', 'recent', 'media', 'star', 'election', 'institution', 'tax', 'prevent.', '—', 'shocking', 'claims', 'flat', 'earth', 'surface', 'internet.']","(10000,[132,503,735,1209,2338,2918,3180,3243,3477,3882,4454,5170,5234,5591,5850,6487,6587,6756,6798,7281,7936,8167,8278,8338,8522,9676],[4.270695952029551,0.691153161953081,3.8187108282864943,4.270695952029551,4.830311739964974,3.0385522707369192,4.42484663185681,4.607168188650764,3.914021008090819,4.830311739964974,4.42484663185681,4.607168188650764,4.137164559405029,3.7316994512968646,0.691153161953081,3.383392757028649,4.137164559405029,3.383392757028649,3.3262343431887,0.6792718340663283,0.691153161953081,4.270695952029551,4.830311739964974,0.691153161953081,4.137164559405029,3.0385522707369192])",0.0
R051,"['defense', 'almost', 'court', 'study', 'anything', 'hit.', 'fact', 'parent', 'school', 'thousand', 'none', 'production', 'process.', 'board', 'amount', 'threat', 'tv.', 'experts', 'discuss', 'ongoing', 'developments', 'policy.']","(10000,[885,2114,2679,3543,3614,4224,4506,4568,4687,6798,6944,7215,7222,7454,8070,8077,8353,8356,8566,9462,9831,9932],[5.117993812416755,4.42484663185681,3.914021008090819,3.914021008090819,0.6636465161632473,4.137164559405029,0.691153161953081,4.42484663185681,0.6871770135734415,3.3262343431887,2.7200985396183848,4.270695952029551,3.8187108282864943,4.42484663185681,4.42484663185681,5.523458920524919,4.270695952029551,5.117993812416755,3.914021008090819,0.691153161953081,4.019381523748645,4.019381523748645])",1.0
R203,"['heavy', 'fine', 'leader.', 'thousand', 'walk', 'early', 'something', 'sea.', 'experts', 'discuss', 'ongoing', 'developments', 'education.']","(10000,[3614,4092,4506,4687,5047,5268,6142,6431,6798,8949,9462,9495,9826],[0.6636465161632473,4.42484663185681,0.691153161953081,0.6871770135734415,2.60568818844064,5.117993812416755,4.830311739964974,4.019381523748645,3.3262343431887,5.117993812416755,0.691153161953081,4.830311739964974,4.137164559405029])",1.0
F063,"['become', 'republican', 'ability', 'thousand.', 'tend', 'public.', '—', 'shocking', 'claims', 'secret', 'cure', 'surface', 'internet.']","(10000,[503,1810,3681,3892,4616,5850,6444,6747,7090,7281,7936,8338,8366],[0.691153161953081,4.42484663185681,4.270695952029551,2.5530444549552183,4.270695952029551,0.691153161953081,5.117993812416755,2.5530444549552183,4.830311739964974,0.6792718340663283,0.691153161953081,0.691153161953081,5.117993812416755])",0.0
R080,"['keep', 'different', 'item', 'old', 'son', 'heart', 'thousand', 'field.', 'lead', 'action', 'civil', 'enjoy', 'you.', 'experts', 'discuss', 'ongoing', 'developments', 'policy.']","(10000,[4,209,593,1805,1916,3132,3614,4506,4687,5356,6633,6683,6798,6944,7083,9462,9594,9808],[5.523458920524919,4.607168188650764,3.7316994512968646,4.137164559405029,4.270695952029551,5.523458920524919,0.6636465161632473,0.691153161953081,0.6871770135734415,4.270695952029551,3.914021008090819,4.830311739964974,3.3262343431887,2.7200985396183848,3.7316994512968646,0.691153161953081,3.7316994512968646,3.914021008090819])",1.0
R226,"['day', 'time', 'computer', 'ground', 'doctor', 'answer', 'long', 'anything.', 'election', 'common', 'parent', 'quality', 'baby.', 'experts', 'discuss', 'ongoing', 'developments', 'public', 'health.']","(10000,[132,777,1770,3506,3614,3619,4506,4687,6219,6332,6487,7751,8151,8157,8904,9133,9367,9462,9932],[4.270695952029551,4.019381523748645,2.849310271098391,4.270695952029551,0.6636465161632473,4.019381523748645,0.691153161953081,0.6871770135734415,3.0385522707369192,4.019381523748645,3.383392757028649,4.607168188650764,4.137164559405029,4.270695952029551,3.8187108282864943,4.42484663185681,3.914021008090819,0.691153161953081,4.019381523748645])",1.0
F144,"['speech', 'fight', 'picture', 'successful', 'task', 'realize.', 'seat', 'player', 'culture', 'sell', 'sit', 'policy', 'again.', '—', 'shocking', 'claims', 'hoax', 'surface', 'internet.']","(10000,[47,502,503,1898,2481,2526,2710,4142,4377,4485,5659,5850,6604,6946,7281,7936,8338,8451,8645],[4.42484663185681,4.137164559405029,0.691153161953081,5.117993812416755,5.523458920524919,4.019381523748645,4.830311739964974,4.607168188650764,2.60568818844064,3.914021008090819,3.914021008090819,0.691153161953081,4.019381523748645,4.607168188650764,0.6792718340663283,0.691153161953081,0.691153161953081,4.607168188650764,5.523458920524919])",0.0
F241,"['claim', 'significant', 'ready', 'argue', 'election', 'social.', 'water', 'perhaps', 'industry', 'source.', '—', 'shocking', 'claims', 'flat', 'earth', 'surface', 'internet.']","(10000,[132,503,1259,2589,2918,3010,3707,3730,4847,5850,6557,7281,7936,8338,8552,8937,9676],[4.270695952029551,0.691153161953081,4.137164559405029,3.6516567436233283,3.0385522707369192,4.019381523748645,5.117993812416755,4.830311739964974,4.270695952029551,0.691153161953081,4.019381523748645,0.6792718340663283,0.691153161953081,0.691153161953081,4.42484663185681,4.137164559405029,3.0385522707369192])",0.0
R150,"['item', 'conference', 'third', 'book', 'attorney', 'beat', 'southern.', 'point', 'set', 'game', 'former', 'capital', 'anything.', 'soldier', 'report', 'new', 'certainly.', 'experts', 'discuss', 'ongoing', 'developments', 'election.']","(10000,[393,585,1417,1916,2569,3556,3614,4141,4160,4416,4506,4687,4853,5342,5657,6505,6541,7019,7751,8771,8975,9462],[4.270695952029551,4.137164559405029,4.137164559405029,4.270695952029551,3.577548771469606,2.8844015909096608,0.6636465161632473,4.270695952029551,3.8187108282864943,4.42484663185681,0.691153161953081,0.6871770135734415,4.42484663185681,4.270695952029551,4.607168188650764,4.607168188650764,4.830311739964974,4.830311739964974,4.607168188650764,3.8187108282864943,4.42484663185681,0.691153161953081])",1.0
R153,"['war', 'especially', 'head', 'policy.', 'program', 'seat', 'enjoy', 'class.', 'toward', 'deal', 'movement', 'pass.', 'experts', 'discuss', 'ongoing', 'developments', 'research.']","(10000,[47,573,1064,1433,1805,3194,3614,4506,4687,5241,5294,6944,7066,8171,8173,8719,9462],[4.42484663185681,4.607168188650764,4.607168188650764,4.42484663185681,4.137164559405029,4.42484663185681,0.6636465161632473,0.691153161953081,0.6871770135734415,4.830311739964974,4.270695952029551,2.7200985396183848,2.920769235080536,4.137164559405029,3.4440173788450834,4.137164559405029,0.691153161953081])",1.0
F175,"['physical', 'west', 'news', 'care.', 'cup', 'tree', 'eight.', 'style', 'daughter', 'amount', 'later', 'tough', 'beautiful.', '—', 'shocking', 'claims', 'hoax', 'surface', 'internet.']","(10000,[460,503,560,870,2433,3059,4377,5085,5390,5447,5850,5871,7222,7281,7623,7936,8000,8338,8649],[5.117993812416755,0.691153161953081,4.607168188650764,5.117993812416755,4.137164559405029,4.607168188650764,2.60568818844064,3.914021008090819,5.117993812416755,3.6516567436233283,0.691153161953081,4.270695952029551,3.8187108282864943,0.6792718340663283,3.7316994512968646,0.691153161953081,4.137164559405029,0.691153161953081,3.8187108282864943])",0.0
F161,"['small', 'owner.', 'able', 'area', 'pattern', 'month.', 'road', 'power', 'especially', 'tough', 'open', 'special.', '—', 'shocking', 'claims', 'immortal', 'jellyfish', 'surface', 'internet.']","(10000,[222,503,617,1481,2066,2634,3056,3496,5118,5447,5649,5725,5783,5850,7281,7936,8173,8338,9876],[4.019381523748645,0.691153161953081,3.914021008090819,4.607168188650764,2.7508701982851385,3.7316994512968646,4.607168188650764,4.019381523748645,5.523458920524919,3.6516567436233283,4.270695952029551,4.270695952029551,4.019381523748645,0.691153161953081,0.6792718340663283,0.691153161953081,3.4440173788450834,0.691153161953081,2.7508701982851385])",0.0
F147,"['age', 'generation', 'material', 'data', 'measure.', 'husband', 'fight', 'perhaps', 'television.', 'close', 'unit', 'old', 'situation.', 'work', 'hear', 'lot.', '—', 'shocking', 'claims', 'secret', 'cure', 'surface', 'internet.']","(10000,[477,503,1259,1365,1695,2526,3231,3497,3892,4842,5587,5850,6335,6747,6963,7083,7208,7281,7936,8338,8544,8791,9527],[5.117993812416755,0.691153161953081,4.137164559405029,5.523458920524919,4.019381523748645,4.019381523748645,4.019381523748645,3.7316994512968646,2.5530444549552183,3.8187108282864943,4.42484663185681,0.691153161953081,3.7316994512968646,2.5530444549552183,4.137164559405029,3.7316994512968646,4.42484663185681,0.6792718340663283,0.691153161953081,0.691153161953081,4.830311739964974,4.137164559405029,4.137164559405029])",0.0
F018,"['responsibility', 'skill', 'cause', 'else.', 'whose', 'fund', 'audience', 'seven', 'shake.', 'paper', 'talk', 'sense', 'education.', '—', 'shocking', 'claims', 'secret', 'cure', 'surface', 'internet.']","(10000,[316,503,1312,3502,3892,4638,5047,5447,5850,6176,6747,7281,7850,7936,8338,8690,8925,9539,9757,9968],[3.914021008090819,0.691153161953081,4.270695952029551,4.42484663185681,2.5530444549552183,4.607168188650764,2.60568818844064,3.6516567436233283,0.691153161953081,5.523458920524919,2.5530444549552183,0.6792718340663283,3.8187108282864943,0.691153161953081,0.691153161953081,4.019381523748645,4.019381523748645,4.019381523748645,5.117993812416755,4.42484663185681])",0.0
F211,"['floor', 'society', 'raise', 'leave', 'first', 'instead.', 'impact', 'book', 'end.', 'dog', 'safe', 'us', 'see', 'three', 'continue', 'hear.', 'avoid', 'stage', 'congress', 'base.', '—', 'shocking', 'claims', 'celebrity', 'scandal', 'surface', 'internet.']","(10000,[30,286,327,393,503,743,1388,1955,1972,2913,3486,3527,4319,4921,4959,5354,5850,5925,6403,6660,6838,7281,7642,7936,8338,8728,9564],[4.137164559405029,5.523458920524919,4.137164559405029,4.270695952029551,0.691153161953081,4.42484663185681,3.7316994512968646,5.117993812416755,3.8187108282864943,3.383392757028649,2.849310271098391,4.019381523748645,3.7316994512968646,2.849310271098391,4.830311739964974,4.42484663185681,0.691153161953081,4.270695952029551,3.6516567436233283,4.270695952029551,4.830311739964974,0.6792718340663283,4.137164559405029,0.691153161953081,0.691153161953081,3.0811118851557153,4.830311739964974])",0.0
R117,"['key', 'animal', 'population.', 'ahead', 'still', 'big', 'sense.', 'sit', 'list', 'personal', 'note', 'anything.', 'management', 'successful', 'pressure', 'hotel', 'team.', 'experts', 'discuss', 'ongoing', 'developments', 'research.']","(10000,[353,1241,2663,3048,3131,3614,3712,4506,4687,5659,5661,6021,6599,6946,7066,7360,7751,7939,8268,8728,9462,9909],[3.914021008090819,3.914021008090819,4.137164559405029,3.914021008090819,4.830311739964974,0.6636465161632473,4.607168188650764,0.691153161953081,0.6871770135734415,3.914021008090819,3.914021008090819,4.42484663185681,4.607168188650764,4.607168188650764,2.920769235080536,3.7316994512968646,4.607168188650764,3.6516567436233283,3.577548771469606,3.0811118851557153,0.691153161953081,3.914021008090819])",1.0
F016,"['hospital', 'subject', 'game', 'writer', 'trouble.', 'candidate', 'measure', 'across', 'organization', 'certain.', 'gun', 'describe', 'meet', 'serious', 'movie.', '—', 'shocking', 'claims', 'aliens', 'surface', 'internet.']","(10000,[317,503,528,650,1117,1364,4358,4715,4930,5850,6906,7074,7085,7281,7936,8313,8338,8655,8975,9380,9940],[4.830311739964974,0.691153161953081,4.019381523748645,2.958509563063383,4.019381523748645,3.914021008090819,4.42484663185681,4.270695952029551,3.8187108282864943,0.691153161953081,5.117993812416755,3.2721671219184243,4.270695952029551,0.6792718340663283,0.691153161953081,4.42484663185681,0.691153161953081,4.137164559405029,4.42484663185681,4.830311739964974,3.577548771469606])",0.0
F029,"['pass', 'especially', 'us', 'southern.', 'choose', 'test', 'owner', 'local', 'show.', '—', 'shocking', 'claims', 'flat', 'earth', 'surface', 'internet.']","(10000,[228,503,1417,2918,3205,5850,6053,6586,6660,7281,7936,8173,8338,8392,9676,9706],[3.7316994512968646,0.691153161953081,4.137164559405029,3.0385522707369192,5.523458920524919,0.691153161953081,3.3262343431887,4.42484663185681,4.270695952029551,0.6792718340663283,0.691153161953081,3.4440173788450834,0.691153161953081,4.019381523748645,3.0385522707369192,4.137164559405029])",0.0
F205,"['decision', 'agree', 'upon', 'follow', 'individual', 'indeed', 'power.', 'teacher', 'team', 'school', 'baby.', 'trial', 'class.', '—', 'shocking', 'claims', 'celebrity', 'scandal', 'surface', 'internet.']","(10000,[468,503,1029,2193,2679,3410,3486,4921,4934,5241,5850,6735,6925,7281,7936,8338,8614,8708,9367],[5.117993812416755,0.691153161953081,4.607168188650764,4.42484663185681,3.914021008090819,4.830311739964974,2.849310271098391,2.849310271098391,3.4440173788450834,4.830311739964974,0.691153161953081,4.019381523748645,4.42484663185681,0.6792718340663283,0.691153161953081,0.691153161953081,3.8187108282864943,4.270695952029551,7.828042016181638])",0.0
R112,"['effect', 'home', 'lot', 'instead', 'usually.', 'experts', 'discuss', 'ongoing', 'developments', 'economic', 'growth.']","(10000,[3365,3614,4506,4527,4687,4943,6324,6652,9034,9144,9462],[4.019381523748645,0.6636465161632473,0.691153161953081,3.914021008090819,0.6871770135734415,4.42484663185681,3.8187108282864943,4.607168188650764,2.8844015909096608,2.7200985396183848,0.691153161953081])",1.0
F218,"['indicate', 'bit', 'fire', 'before.', 'case', 'music', 'explain', 'write', 'coach', 'apply', 'two.', '—', 'shocking', 'claims', 'government', 'cover-up', 'surface', 'internet.']","(10000,[141,503,1989,2259,3514,5191,5341,5445,5850,6342,6370,6485,7281,7312,7696,7936,8338,9813],[4.607168188650764,0.691153161953081,4.607168188650764,2.849310271098391,4.019381523748645,4.42484663185681,4.270695952029551,4.607168188650764,0.691153161953081,4.607168188650764,4.137164559405029,3.914021008090819,0.6792718340663283,4.270695952029551,5.523458920524919,0.691153161953081,0.691153161953081,2.997730276216664])",0.0
R187,"['room', 'prove', 'wind', 'somebody', 'compare', 'forget', 'we.', 'magazine', 'open', 'quite', 'note', 'enjoy', 'forget', 'with.', 'unit', 'director', 'fill.', 'experts', 'discuss', 'ongoing', 'developments', 'education.']","(10000,[453,494,1805,1853,2412,2558,3089,3614,4506,4687,5047,5214,5783,6056,6335,7146,7640,8413,9246,9462,9909],[4.137164559405029,4.42484663185681,4.137164559405029,4.830311739964974,4.830311739964974,4.019381523748645,3.914021008090819,0.6636465161632473,0.691153161953081,0.6871770135734415,2.60568818844064,4.607168188650764,4.019381523748645,4.270695952029551,3.7316994512968646,8.541391904059102,4.270695952029551,3.2721671219184243,4.607168188650764,0.691153161953081,3.914021008090819])",1.0
F087,"['visit', 'particularly', 'democratic', 'data', 'reveal.', '—', 'shocking', 'claims', 'celebrity', 'scandal', 'surface', 'internet.']","(10000,[503,698,1695,2006,3486,4921,5606,5850,6443,7281,7936,8338],[0.691153161953081,4.607168188650764,4.019381523748645,4.830311739964974,2.849310271098391,2.849310271098391,4.42484663185681,0.691153161953081,3.577548771469606,0.6792718340663283,0.691153161953081,0.691153161953081])",0.0
R171,"['stop', 'western', 'form', 'sport', 'source', 'might', 'space.', 'system', 'clear', 'language.', 'experts', 'discuss', 'ongoing', 'developments', 'education.']","(10000,[524,796,1098,1611,3614,3924,3996,4506,4687,5047,5621,7721,8278,9462,9998],[3.5085558999826545,3.8187108282864943,3.4440173788450834,4.137164559405029,0.6636465161632473,4.607168188650764,4.607168188650764,0.691153161953081,0.6871770135734415,2.60568818844064,4.270695952029551,4.137164559405029,4.830311739964974,0.691153161953081,5.523458920524919])",1.0
R113,"['safe', 'bed', 'much', 'take', 'six', 'could.', 'work', 'cover', 'religious', 'yeah', 'news', 'level', 'value.', 'experts', 'discuss', 'ongoing', 'developments', 'technology', 'breakthrough.']","(10000,[490,524,855,1020,1499,2227,2433,3249,3614,4293,4506,4687,5401,6104,7642,7876,9462,9497,9527],[4.607168188650764,3.5085558999826545,4.830311739964974,2.503034034380557,3.4440173788450834,2.7200985396183848,4.137164559405029,3.4440173788450834,0.6636465161632473,4.830311739964974,0.691153161953081,0.6871770135734415,4.137164559405029,4.42484663185681,4.137164559405029,5.523458920524919,0.691153161953081,4.137164559405029,4.137164559405029])",1.0
R222,"['level', 'challenge', 'assume', 'interview', 'wonder', 'between.', 'citizen', 'color', 'plant', 'girl', 'agree', 'effect.', 'experts', 'discuss', 'ongoing', 'developments', 'public', 'health.']","(10000,[8,1029,1499,1770,1890,2664,3011,3614,4506,4687,4723,5935,6035,6219,6925,7244,9462,9832],[4.019381523748645,4.607168188650764,3.4440173788450834,2.849310271098391,5.523458920524919,3.8187108282864943,5.117993812416755,0.6636465161632473,0.691153161953081,0.6871770135734415,4.607168188650764,3.8187108282864943,3.914021008090819,3.0385522707369192,4.42484663185681,3.5085558999826545,0.691153161953081,4.137164559405029])",1.0
F233,"['along', 'friend', 'since', 'second', 'minute.', 'action', 'health', 'form', 'citizen', 'indeed', 'behind.', '—', 'shocking', 'claims', 'secret', 'cure', 'surface', 'internet.']","(10000,[8,488,503,2840,3892,4934,5621,5850,6287,6633,6747,7175,7281,7936,8271,8338,8805,9256],[4.019381523748645,4.607168188650764,0.691153161953081,4.42484663185681,2.5530444549552183,3.4440173788450834,4.270695952029551,0.691153161953081,4.270695952029551,3.914021008090819,2.5530444549552183,5.523458920524919,0.6792718340663283,0.691153161953081,5.117993812416755,0.691153161953081,3.8187108282864943,4.607168188650764])",0.0
R223,"['get', 'none', 'money', 'manage.', 'media', 'scientist', 'something', 'skill', 'school.', 'experts', 'discuss', 'ongoing', 'developments', 'climate', 'change.']","(10000,[821,1209,1211,2059,2483,3614,4506,4687,6103,6226,9426,9462,9826,9831,9968],[2.849310271098391,4.270695952029551,5.523458920524919,2.579019941358479,5.117993812416755,0.6636465161632473,0.691153161953081,0.6871770135734415,4.607168188650764,4.137164559405029,4.42484663185681,0.691153161953081,4.137164559405029,4.019381523748645,4.42484663185681])",1.0
F224,"['current', 'claim', 'wonder.', 'office', 'charge', 'skill', 'hit.', '—', 'shocking', 'claims', 'secret', 'cure', 'surface', 'internet.']","(10000,[503,885,3892,5850,6747,6812,7281,7936,8338,8344,8509,8937,9189,9968],[0.691153161953081,5.117993812416755,2.5530444549552183,0.691153161953081,2.5530444549552183,3.7316994512968646,0.6792718340663283,0.691153161953081,0.691153161953081,3.914021008090819,5.523458920524919,4.137164559405029,3.6516567436233283,4.42484663185681])",0.0
R181,"['senior', 'lawyer', 'increase', 'seem.', 'decade', 'road', 'letter', 'form.', 'expert', 'place', 'amount', 'former', 'school', 'religious.', 'experts', 'discuss', 'ongoing', 'developments', 'climate', 'change.']","(10000,[564,821,914,2059,2679,3614,4144,4160,4249,4502,4506,4687,5725,6030,6390,7222,7963,8444,9021,9462],[3.914021008090819,2.849310271098391,4.42484663185681,2.579019941358479,3.914021008090819,0.6636465161632473,4.607168188650764,3.8187108282864943,5.117993812416755,5.523458920524919,0.691153161953081,0.6871770135734415,4.270695952029551,3.577548771469606,4.270695952029551,3.8187108282864943,4.830311739964974,5.523458920524919,5.523458920524919,0.691153161953081])",1.0
R056,"['truth', 'around', 'attack', 'career.', 'allow', 'current', 'movie', 'agency', 'world', 'dinner.', 'factor', 'turn', 'range', 'challenge', 'range', 'guy', 'authority.', 'experts', 'discuss', 'ongoing', 'developments', 'public', 'health.']","(10000,[94,165,765,1439,1770,2006,2069,3214,3614,3886,4506,4687,4835,5693,5935,6197,6219,9118,9189,9360,9462,9561],[4.019381523748645,8.274329118810059,4.019381523748645,3.914021008090819,2.849310271098391,4.830311739964974,4.270695952029551,5.523458920524919,0.6636465161632473,4.607168188650764,0.691153161953081,0.6871770135734415,4.019381523748645,3.914021008090819,3.8187108282864943,4.019381523748645,3.0385522707369192,5.523458920524919,3.6516567436233283,4.607168188650764,0.691153161953081,3.914021008090819])",1.0
R110,"['blood', 'pretty', 'fight', 'culture.', 'whole', 'last', 'figure', 'skill', 'hit', 'wife', 'though.', 'behavior', 'country', 'risk.', 'four', 'fact', 'act', 'everyone.', 'experts', 'discuss', 'ongoing', 'developments', 'education.']","(10000,[627,735,1243,2359,2526,3021,3614,3919,3989,4110,4506,4687,5047,5563,5703,6711,6928,7215,7870,8252,9012,9462,9968],[4.830311739964974,3.8187108282864943,4.607168188650764,3.914021008090819,4.019381523748645,4.270695952029551,0.6636465161632473,4.019381523748645,4.137164559405029,4.607168188650764,0.691153161953081,0.6871770135734415,2.60568818844064,5.117993812416755,4.830311739964974,4.830311739964974,4.137164559405029,4.270695952029551,4.137164559405029,4.42484663185681,4.607168188650764,0.691153161953081,4.42484663185681])",1.0
R219,"['successful', 'traditional', 'wear', 'ground', 'pass.', 'attack', 'police', 'open', 'film', 'assume', 'catch', 'ready.', 'decide', 'different', 'exist.', 'experts', 'discuss', 'ongoing', 'developments', 'education.']","(10000,[795,2664,3614,3876,3978,4486,4506,4687,5003,5047,5659,5693,5783,6487,6581,6683,7949,8171,8293,9462],[4.830311739964974,3.8187108282864943,0.6636465161632473,4.270695952029551,4.830311739964974,4.42484663185681,0.691153161953081,0.6871770135734415,3.914021008090819,2.60568818844064,3.914021008090819,3.914021008090819,4.019381523748645,3.383392757028649,4.270695952029551,4.830311739964974,4.137164559405029,4.137164559405029,4.607168188650764,0.691153161953081])",1.0
R224,"['water', 'political', 'eye', 'hold', 'eye.', 'either', 'happen', 'easy', 'gas', 'campaign', 'around', 'prepare.', 'technology', 'information', 'morning', 'range', 'doctor', 'staff.', 'experts', 'discuss', 'ongoing', 'developments', 'education.']","(10000,[165,760,777,1020,1341,2389,2589,2600,3160,3386,3614,3935,4506,4687,4704,5047,5607,6197,6675,8190,9073,9126,9462],[4.137164559405029,3.914021008090819,4.019381523748645,2.503034034380557,3.914021008090819,4.019381523748645,3.6516567436233283,5.523458920524919,3.914021008090819,5.117993812416755,0.6636465161632473,3.8187108282864943,0.691153161953081,0.6871770135734415,4.019381523748645,2.60568818844064,4.42484663185681,4.019381523748645,3.7316994512968646,3.577548771469606,4.830311739964974,4.42484663185681,0.691153161953081])",1.0
F178,"['test', 'player', 'level.', 'ten', 'light', 'determine', 'eye', 'federal', 'issue.', 'establish', 'return', 'kitchen', 'parent', 'name', 'response', 'model', 'this.', '—', 'shocking', 'claims', 'immortal', 'jellyfish', 'surface', 'internet.']","(10000,[15,503,633,635,756,1341,1720,2066,2445,2923,3378,4963,5085,5850,6586,6604,7102,7281,7734,7936,8338,9121,9876,9932],[4.42484663185681,0.691153161953081,4.270695952029551,4.137164559405029,4.270695952029551,3.914021008090819,4.137164559405029,2.7508701982851385,4.019381523748645,3.914021008090819,4.830311739964974,5.117993812416755,3.914021008090819,0.691153161953081,4.42484663185681,4.019381523748645,4.42484663185681,0.6792718340663283,4.137164559405029,0.691153161953081,0.691153161953081,4.830311739964974,2.7508701982851385,4.019381523748645])",0.0
F074,"['rich', 'seat', 'clear', 'factor', 'month', 'quickly', 'party', 'already.', 'field', 'congress', 'although', 'social.', 'clear', 'realize', 'board.', '—', 'shocking', 'claims', 'secret', 'cure', 'surface', 'internet.']","(10000,[47,503,1379,1582,1611,3391,3892,4847,5305,5741,5850,6212,6747,7074,7281,7779,7936,8338,8728,9181,9561],[4.42484663185681,0.691153161953081,4.270695952029551,4.42484663185681,8.274329118810059,4.137164559405029,2.5530444549552183,4.270695952029551,4.607168188650764,4.607168188650764,0.691153161953081,5.117993812416755,2.5530444549552183,3.2721671219184243,0.6792718340663283,4.019381523748645,0.691153161953081,0.691153161953081,3.0811118851557153,5.523458920524919,3.914021008090819])",0.0
R034,"['see', 'positive.', 'social', 'citizen', 'strong', 'book.', 'accept', 'small', 'end', 'rather', 'blue.', 'read', 'officer', 'talk', 'police.', 'experts', 'discuss', 'ongoing', 'developments', 'budget', 'report.']","(10000,[8,222,453,696,823,2657,2722,2837,3226,3614,4391,4506,4687,4991,5354,5432,6355,7650,7801,8925,9462],[4.019381523748645,4.019381523748645,4.137164559405029,4.019381523748645,4.270695952029551,3.8187108282864943,5.523458920524919,3.8187108282864943,4.830311739964974,0.6636465161632473,4.137164559405029,0.691153161953081,0.6871770135734415,2.60568818844064,4.42484663185681,2.661258039595451,4.607168188650764,4.019381523748645,4.42484663185681,4.019381523748645,0.691153161953081])",1.0
R095,"['success', 'describe', 'team', 'job', 'subject', 'south.', 'success', 'seek', 'section', 'tend', 'what.', 'experts', 'discuss', 'ongoing', 'developments', 'policy.']","(10000,[171,468,557,1810,3614,4506,4640,4687,6944,6968,7085,8363,8655,9462,9828],[4.019381523748645,5.117993812416755,4.607168188650764,4.42484663185681,0.6636465161632473,0.691153161953081,4.270695952029551,0.6871770135734415,2.7200985396183848,3.914021008090819,4.270695952029551,5.523458920524919,4.137164559405029,0.691153161953081,8.84969326371362])",1.0
F011,"['long', 'positive', 'certain', 'opportunity', 'early', 'perform', 'open.', 'yard', 'professor', 'major.', 'local', 'majority', 'able', 'receive.', '—', 'shocking', 'claims', 'aliens', 'surface', 'internet.']","(10000,[1,228,424,503,650,1098,2543,2687,3496,4092,5850,6976,7281,7381,7936,8338,8904,9244,9288,9829],[4.607168188650764,3.7316994512968646,4.607168188650764,0.691153161953081,2.958509563063383,3.4440173788450834,3.8187108282864943,5.523458920524919,4.019381523748645,4.42484663185681,0.691153161953081,4.137164559405029,0.6792718340663283,4.42484663185681,0.691153161953081,0.691153161953081,3.8187108282864943,5.117993812416755,4.607168188650764,4.830311739964974])",0.0
R162,"['fact', 'sense', 'major.', 'trade', 'close', 'tree.', 'modern', 'tv', 'serious', 'network', 'agent', 'perform', 'respond', 'environment.', 'experts', 'discuss', 'ongoing', 'developments', 'policy.']","(10000,[419,1098,1117,2336,2500,3497,3614,4506,4547,4687,5016,5089,5447,6944,7215,9152,9357,9462,9829],[4.607168188650764,3.4440173788450834,4.019381523748645,4.137164559405029,3.914021008090819,3.7316994512968646,0.6636465161632473,0.691153161953081,4.270695952029551,0.6871770135734415,4.270695952029551,4.270695952029551,3.6516567436233283,2.7200985396183848,4.270695952029551,4.270695952029551,5.523458920524919,0.691153161953081,4.830311739964974])",1.0
R218,"['wall', 'serious', 'check', 'ago.', 'society', 'together', 'nice', 'room.', 'experts', 'discuss', 'ongoing', 'developments', 'election.']","(10000,[327,1117,2366,3370,3556,3614,3901,4506,4687,6404,7939,8312,9462],[4.137164559405029,4.019381523748645,3.914021008090819,4.270695952029551,2.8844015909096608,0.6636465161632473,4.270695952029551,0.691153161953081,0.6871770135734415,3.8187108282864943,3.6516567436233283,4.019381523748645,0.691153161953081])",1.0
F136,"['close', 'everything', 'interesting', 'member.', 'second', 'environment', 'present', 'individual', 'hour', 'form', 'piece.', 'consider', 'woman', 'piece', 'grow', 'color.', 'crime', 'military', 'watch', 'father', 'sea', 'travel', 'theory', 'wife.', '—', 'shocking', 'claims', 'miracle', 'drug', 'surface', 'internet.']","(10000,[312,503,527,731,1256,1468,1800,2403,2404,2407,2494,2708,3133,3497,3634,4563,5399,5621,5850,5877,7281,7860,7936,8130,8338,8614,8681,9156,9256,9617,9784],[3.8187108282864943,0.691153161953081,4.270695952029551,4.270695952029551,3.125563647726549,4.607168188650764,4.607168188650764,4.137164559405029,4.42484663185681,4.830311739964974,5.523458920524919,3.8187108282864943,4.830311739964974,3.7316994512968646,4.270695952029551,4.830311739964974,5.117993812416755,4.270695952029551,0.691153161953081,3.914021008090819,0.6792718340663283,2.958509563063383,0.691153161953081,3.914021008090819,0.691153161953081,3.8187108282864943,4.019381523748645,4.019381523748645,4.607168188650764,4.42484663185681,5.117993812416755])",0.0
R108,"['citizen', 'meeting', 'represent', 'rule.', 'doctor', 'american', 'eat', 'college', 'analysis', 'small', 'specific.', 'practice', 'win', 'make', 'tv', 'wide', 'education', 'rather.', 'experts', 'discuss', 'ongoing', 'developments', 'economic', 'growth.']","(10000,[8,20,222,264,777,1296,1661,2398,2836,3525,3614,4280,4506,4547,4687,5530,7276,7652,7711,8057,8717,9034,9144,9462],[4.019381523748645,4.270695952029551,4.019381523748645,4.830311739964974,4.019381523748645,4.42484663185681,5.117993812416755,4.42484663185681,3.8187108282864943,4.830311739964974,0.6636465161632473,3.914021008090819,0.691153161953081,4.270695952029551,0.6871770135734415,3.914021008090819,4.137164559405029,3.8187108282864943,5.523458920524919,4.270695952029551,4.830311739964974,2.8844015909096608,2.7200985396183848,0.691153161953081])",1.0
R186,"['fill', 'week', 'health', 'especially', 'college.', 'somebody', 'method', 'just.', 'great', 'city', 'listen.', 'experts', 'discuss', 'ongoing', 'developments', 'research.']","(10000,[750,1457,2826,3089,3614,4506,4687,5122,5495,6015,7066,8173,8805,9462,9578,9727],[4.42484663185681,5.117993812416755,4.830311739964974,3.914021008090819,0.6636465161632473,0.691153161953081,0.6871770135734415,4.42484663185681,4.42484663185681,4.830311739964974,2.920769235080536,3.4440173788450834,3.8187108282864943,0.691153161953081,5.117993812416755,4.42484663185681])",1.0
R248,"['exist', 'go', 'challenge', 'thank', 'similar.', 'board', 'woman', 'despite', 'card.', 'experts', 'discuss', 'ongoing', 'developments', 'technology', 'breakthrough.']","(10000,[1020,1301,1687,1776,2092,2227,3614,4506,4563,4687,5935,6451,6602,7454,9462],[2.503034034380557,4.42484663185681,4.137164559405029,4.42484663185681,5.523458920524919,2.7200985396183848,0.6636465161632473,0.691153161953081,4.830311739964974,0.6871770135734415,3.8187108282864943,3.577548771469606,4.42484663185681,4.42484663185681,0.691153161953081])",1.0
F045,"['range', 'partner', 'difference', 'animal', 'prevent.', 'baby', 'growth', 'sound', 'right', 'provide.', 'friend', 'party', 'win', 'assume', 'gas.', 'land', 'benefit', 'teacher', 'politics', 'ok', 'late.', '—', 'shocking', 'claims', 'immortal', 'jellyfish', 'surface', 'internet.']","(10000,[116,165,320,488,503,533,1348,1379,1790,2066,2338,2398,2645,2664,5653,5850,5887,6151,6166,7148,7281,7360,7866,7936,8338,8708,9544,9876],[3.8187108282864943,4.137164559405029,4.270695952029551,4.607168188650764,0.691153161953081,4.607168188650764,4.270695952029551,4.270695952029551,3.914021008090819,2.7508701982851385,4.830311739964974,4.42484663185681,4.270695952029551,3.8187108282864943,3.914021008090819,0.691153161953081,4.270695952029551,5.117993812416755,3.8187108282864943,4.42484663185681,0.6792718340663283,3.7316994512968646,4.42484663185681,0.691153161953081,0.691153161953081,4.270695952029551,4.830311739964974,2.7508701982851385])",0.0
F092,"['possible', 'political', 'age', 'space.', 'form', 'pattern', 'stuff', 'consumer', 'big', 'director', 'today', 'occur.', '—', 'shocking', 'claims', 'secret', 'cure', 'surface', 'internet.']","(10000,[503,617,1098,1853,2516,3048,3892,3935,5621,5850,6100,6747,7281,7722,7936,8338,8791,9475,9806],[0.691153161953081,3.914021008090819,3.4440173788450834,4.830311739964974,5.117993812416755,3.914021008090819,2.5530444549552183,3.8187108282864943,4.270695952029551,0.691153161953081,4.137164559405029,2.5530444549552183,0.6792718340663283,4.019381523748645,0.691153161953081,0.691153161953081,4.137164559405029,4.137164559405029,4.830311739964974])",0.0
R100,"['nature', 'investment', 'with.', 'pressure', 'simply', 'voice', 'concern', 'pay.', 'kind', 'career', 'first', 'director.', 'experts', 'discuss', 'ongoing', 'developments', 'technology', 'breakthrough.']","(10000,[1020,1562,1642,1676,1968,2227,3530,3611,3614,4506,4687,4930,5661,6044,6403,7640,8408,9462],[2.503034034380557,4.42484663185681,4.019381523748645,5.117993812416755,3.914021008090819,2.7200985396183848,3.8187108282864943,4.607168188650764,0.6636465161632473,0.691153161953081,0.6871770135734415,3.8187108282864943,3.914021008090819,4.137164559405029,3.6516567436233283,4.270695952029551,5.117993812416755,0.691153161953081])",1.0
F075,"['firm', 'art', 'always', 'similar', 'partner', 'information', 'foot', 'become.', 'ever', 'necessary', 'entire', 'hair', 'pick', 'part.', 'half', 'build', 'operation.', '—', 'shocking', 'claims', 'miracle', 'drug', 'surface', 'internet.']","(10000,[116,503,1256,1780,3014,4903,5594,5850,5887,7046,7281,7372,7664,7854,7860,7890,7936,7979,8190,8338,8824,8894,9011,9714],[3.8187108282864943,0.691153161953081,3.125563647726549,5.117993812416755,4.019381523748645,4.830311739964974,4.42484663185681,0.691153161953081,4.270695952029551,4.019381523748645,0.6792718340663283,4.137164559405029,4.607168188650764,4.137164559405029,2.958509563063383,4.42484663185681,0.691153161953081,4.270695952029551,3.577548771469606,0.691153161953081,4.830311739964974,4.42484663185681,4.270695952029551,5.523458920524919])",0.0
R059,"['week', 'production', 'marriage', 'blue', 'sure', 'land.', 'late', 'keep', 'soldier', 'attack', 'night.', 'experts', 'discuss', 'ongoing', 'developments', 'technology', 'breakthrough.']","(10000,[1020,1821,2227,3079,3222,3614,4141,4506,4687,5122,5693,5768,6229,8353,9123,9462,9594],[2.503034034380557,4.137164559405029,2.7200985396183848,3.8187108282864943,5.117993812416755,0.6636465161632473,4.270695952029551,0.691153161953081,0.6871770135734415,4.42484663185681,3.914021008090819,4.137164559405029,4.019381523748645,4.270695952029551,5.523458920524919,0.691153161953081,3.7316994512968646])",1.0
F213,"['interesting', 'cold', 'right', 'region', 'buy', 'discussion', 'do.', 'suddenly', 'election', 'range', 'sign', 'decade', 'pass', 'either.', 'book', 'weight', 'market', 'young', 'third.', '—', 'shocking', 'claims', 'hoax', 'surface', 'internet.']","(10000,[80,132,165,393,503,1790,1862,2657,3634,3920,4377,5315,5850,6030,6756,7281,7632,7809,7936,8004,8151,8159,8338,8392,8581],[4.137164559405029,4.270695952029551,4.137164559405029,4.270695952029551,0.691153161953081,3.914021008090819,5.523458920524919,3.8187108282864943,4.270695952029551,4.42484663185681,2.60568818844064,4.270695952029551,0.691153161953081,3.577548771469606,3.383392757028649,0.6792718340663283,5.117993812416755,4.137164559405029,0.691153161953081,3.6516567436233283,4.137164559405029,3.4440173788450834,0.691153161953081,4.019381523748645,4.42484663185681])",0.0
R233,"['give', 'happy', 'million', 'part.', 'respond', 'modern', 'work', 'smile', 'budget', 'article', 'hotel', 'since.', 'market', 'plan', 'sure', 'part', 'arm.', 'experts', 'discuss', 'ongoing', 'developments', 'education.']","(10000,[1702,1821,2336,2500,2657,2663,2713,3614,3783,4506,4687,4903,4991,5047,5347,6123,7699,8497,8651,8740,9462,9527],[4.137164559405029,4.137164559405029,4.137164559405029,3.914021008090819,3.8187108282864943,4.137164559405029,4.607168188650764,0.6636465161632473,4.830311739964974,0.691153161953081,0.6871770135734415,4.830311739964974,2.60568818844064,2.60568818844064,4.019381523748645,4.42484663185681,5.523458920524919,5.117993812416755,3.8187108282864943,5.117993812416755,0.691153161953081,4.137164559405029])",1.0
F072,"['sound', 'almost', 'citizen', 'particularly.', 'ten', 'defense', 'civil', 'think.', '—', 'shocking', 'claims', 'mind', 'control', 'surface', 'internet.']","(10000,[8,503,593,1208,1948,3184,3543,5085,5850,6166,7281,7936,8338,8566,9168],[4.019381523748645,0.691153161953081,3.7316994512968646,2.849310271098391,4.42484663185681,2.8844015909096608,3.914021008090819,3.914021008090819,0.691153161953081,3.8187108282864943,0.6792718340663283,0.691153161953081,0.691153161953081,3.914021008090819,5.117993812416755])",0.0
R184,"['whether', 'order', 'brother', 'network', 'wait', 'responsibility.', 'truth', 'research', 'support', 'behind', 'among', 'despite.', 'building', 'seek', 'order', 'interest.', 'experts', 'discuss', 'ongoing', 'developments', 'budget', 'report.']","(10000,[171,291,1226,1511,2069,2523,3406,3614,4330,4346,4506,4687,4991,5432,5477,5852,7362,8217,9152,9432,9462],[4.019381523748645,4.270695952029551,8.84969326371362,5.117993812416755,4.270695952029551,5.117993812416755,4.42484663185681,0.6636465161632473,4.830311739964974,4.137164559405029,0.691153161953081,0.6871770135734415,2.60568818844064,2.661258039595451,4.607168188650764,4.830311739964974,4.42484663185681,4.607168188650764,4.270695952029551,3.8187108282864943,0.691153161953081])",1.0
F134,"['actually', 'live', 'note', 'activity', 'indeed', 'or.', 'meet', 'body', 'score.', '—', 'shocking', 'claims', 'secret', 'cure', 'surface', 'internet.']","(10000,[493,503,841,3892,4934,5850,6447,6747,7195,7281,7936,8110,8338,9718,9909,9940],[4.270695952029551,0.691153161953081,4.607168188650764,2.5530444549552183,3.4440173788450834,0.691153161953081,4.830311739964974,2.5530444549552183,4.830311739964974,0.6792718340663283,0.691153161953081,4.607168188650764,0.691153161953081,5.523458920524919,3.914021008090819,3.577548771469606])",0.0
R096,"['wish', 'change', 'develop', 'sing', 'far', 'condition', 'yet.', 'dog', 'individual', 'toward', 'future', 'remain.', 'push', 'strategy', 'expect', 'wrong', 'friend.', 'experts', 'discuss', 'ongoing', 'developments', 'research.']","(10000,[387,495,1241,2291,2604,3194,3228,3614,3691,3882,4158,4506,4687,5328,5978,6451,6488,6512,7066,8614,9462,9564],[4.270695952029551,3.8187108282864943,3.914021008090819,3.914021008090819,4.607168188650764,4.42484663185681,5.523458920524919,0.6636465161632473,4.270695952029551,4.830311739964974,3.6516567436233283,0.691153161953081,0.6871770135734415,3.914021008090819,4.270695952029551,3.577548771469606,4.607168188650764,4.019381523748645,2.920769235080536,3.8187108282864943,0.691153161953081,4.830311739964974])",1.0
R020,"['voice', 'magazine', 'raise', 'bar', 'clearly', 'college.', 'lot', 'color', 'entire.', 'traditional', 'man', 'class', 'home', 'nothing', 'travel.', 'experts', 'discuss', 'ongoing', 'developments', 'policy.']","(10000,[656,2569,2959,3365,3527,3530,3614,4007,4292,4486,4506,4687,4943,6944,7332,8238,8413,9462,9578,9832],[4.830311739964974,3.577548771469606,5.117993812416755,4.019381523748645,4.019381523748645,3.8187108282864943,0.6636465161632473,4.019381523748645,3.7316994512968646,4.42484663185681,0.691153161953081,0.6871770135734415,4.42484663185681,2.7200985396183848,4.270695952029551,5.523458920524919,3.2721671219184243,0.691153161953081,5.117993812416755,4.137164559405029])",1.0
R067,"['spring', 'door', 'significant.', 'political', 'else', 'final', 'time.', 'experts', 'discuss', 'ongoing', 'developments', 'policy.']","(10000,[1644,1653,2126,3614,3935,4506,4687,4847,5034,5276,6944,9462],[4.019381523748645,3.914021008090819,5.117993812416755,0.6636465161632473,3.8187108282864943,0.691153161953081,0.6871770135734415,4.270695952029551,4.137164559405029,5.523458920524919,2.7200985396183848,0.691153161953081])",1.0
R215,"['rate', 'quite', 'member', 'world', 'arrive', 'child', 'rather.', 'site', 'manager', 'boy', 'young', 'in.', 'really', 'rate', 'new', 'back.', 'experts', 'discuss', 'ongoing', 'developments', 'education.']","(10000,[157,253,585,1652,1661,1936,2110,3614,4112,4506,4687,5047,5891,6056,6790,7244,7391,7809,9360,9462],[3.8187108282864943,9.660623479929948,4.137164559405029,4.830311739964974,5.117993812416755,4.607168188650764,5.117993812416755,0.6636465161632473,4.019381523748645,0.691153161953081,0.6871770135734415,2.60568818844064,4.019381523748645,4.270695952029551,4.607168188650764,3.5085558999826545,4.019381523748645,4.137164559405029,4.607168188650764,0.691153161953081])",1.0
R127,"['heart', 'available', 'light.', 'movie', 'memory', 'hold.', 'education', 'upon', 'every', 'window', 'process', 'rest', 'miss', 'west.', 'experts', 'discuss', 'ongoing', 'developments', 'policy.']","(10000,[23,1071,1439,2403,2475,2708,3614,4390,4506,4687,5530,5987,6735,6941,6944,8040,9462,9681,9808],[4.830311739964974,4.137164559405029,3.914021008090819,4.137164559405029,4.42484663185681,3.8187108282864943,0.6636465161632473,4.830311739964974,0.691153161953081,0.6871770135734415,3.914021008090819,5.117993812416755,4.019381523748645,4.019381523748645,2.7200985396183848,3.577548771469606,0.691153161953081,4.137164559405029,3.914021008090819])",1.0
R235,"['policy', 'every', 'new', 'number', 'put', 'help.', 'happen', 'chair', 'evening', 'sell', 'mrs', 'key.', 'guy', 'sit', 'news', 'member.', 'common', 'true', 'program', 'cup', 'great', 'none', 'plan.', 'experts', 'discuss', 'ongoing', 'developments', 'technology', 'breakthrough.']","(10000,[94,573,585,681,750,1020,2227,2403,2433,3059,3614,3952,4142,4485,4506,4657,4687,4704,5286,6332,6946,7188,8519,8871,9087,9462,9681,9751,9831],[4.019381523748645,4.607168188650764,4.137164559405029,4.42484663185681,4.42484663185681,2.503034034380557,2.7200985396183848,4.137164559405029,4.137164559405029,4.607168188650764,0.6636465161632473,4.42484663185681,4.607168188650764,3.914021008090819,0.691153161953081,4.830311739964974,0.6871770135734415,4.019381523748645,4.42484663185681,4.019381523748645,4.607168188650764,4.270695952029551,4.137164559405029,4.607168188650764,4.830311739964974,0.691153161953081,4.137164559405029,3.914021008090819,4.019381523748645])",1.0
R163,"['last', 'official', 'help', 'clearly.', 'bed', 'third', 'fall', 'day', 'energy', 'baby', 'end.', 'continue', 'material', 'response.', 'experts', 'discuss', 'ongoing', 'developments', 'climate', 'change.']","(10000,[743,821,1348,1868,1985,2059,3231,3614,3729,3989,4506,4687,4959,8307,8485,8771,9133,9347,9462,9497],[4.42484663185681,2.849310271098391,4.270695952029551,5.523458920524919,5.117993812416755,2.579019941358479,4.019381523748645,0.6636465161632473,4.607168188650764,4.137164559405029,0.691153161953081,0.6871770135734415,4.830311739964974,4.137164559405029,4.270695952029551,3.8187108282864943,4.42484663185681,4.137164559405029,0.691153161953081,4.137164559405029])",1.0
R002,"['class', 'physical', 'item', 'player', 'owner', 'sing', 'child.', 'experts', 'discuss', 'ongoing', 'developments', 'education.']","(10000,[1655,1916,3614,4007,4506,4687,5047,6053,6451,6604,8649,9462],[4.607168188650764,4.270695952029551,0.6636465161632473,4.019381523748645,0.691153161953081,0.6871770135734415,2.60568818844064,3.3262343431887,3.577548771469606,4.019381523748645,3.8187108282864943,0.691153161953081])",1.0
R021,"['skin', 'agreement', 'else', 'positive.', 'drive', 'find', 'test', 'entire.', 'sing', 'ready', 'level.', 'experts', 'discuss', 'ongoing', 'developments', 'education.']","(10000,[656,3614,4506,4687,5034,5047,5833,6325,6451,6557,6586,7510,7801,8413,9121,9462],[4.830311739964974,0.6636465161632473,0.691153161953081,0.6871770135734415,4.137164559405029,2.60568818844064,4.270695952029551,4.607168188650764,3.577548771469606,4.019381523748645,4.42484663185681,4.607168188650764,4.42484663185681,3.2721671219184243,4.830311739964974,0.691153161953081])",1.0
R013,"['mr', 'little', 'financial', 'current.', 'surface', 'hope', 'individual', 'million', 'rather', 'positive.', 'experts', 'discuss', 'ongoing', 'developments', 'technology', 'breakthrough.']","(10000,[1020,1590,2227,2647,2837,3614,4506,4687,6000,7281,7407,7801,8614,8651,9462],[2.503034034380557,4.137164559405029,2.7200985396183848,4.607168188650764,3.8187108282864943,0.6636465161632473,0.691153161953081,0.6871770135734415,9.214336377301528,0.6792718340663283,3.7316994512968646,4.42484663185681,3.8187108282864943,3.8187108282864943,0.691153161953081])",1.0
F195,"['return', 'note', 'popular', 'federal.', 'red', 'action', 'rate.', '—', 'shocking', 'claims', 'flat', 'earth', 'surface', 'internet.']","(10000,[52,503,635,1637,2782,2918,5850,6148,6633,7281,7936,8338,9676,9909],[4.137164559405029,0.691153161953081,4.137164559405029,4.42484663185681,4.607168188650764,3.0385522707369192,0.691153161953081,4.607168188650764,3.914021008090819,0.6792718340663283,0.691153161953081,0.691153161953081,3.0385522707369192,3.914021008090819])",0.0
R101,"['prevent', 'lead', 'travel.', 'five', 'doctor', 'deep', 'key.', 'respond', 'matter.', 'experts', 'discuss', 'ongoing', 'developments', 'research.']","(10000,[777,1762,2500,2959,3252,3614,4506,4657,4687,5356,5974,7066,7968,9462],[4.019381523748645,3.914021008090819,3.914021008090819,5.117993812416755,4.42484663185681,0.6636465161632473,0.691153161953081,4.830311739964974,0.6871770135734415,4.270695952029551,3.8187108282864943,2.920769235080536,5.523458920524919,0.691153161953081])",1.0
R055,"['old', 'account', 'behavior', 'i.', 'arm', 'identify', 'medical', 'indicate', 'ever', 'management', 'particularly', 'feeling.', 'first', 'understand', 'cost', 'memory', 'western', 'star', 'phone.', 'experts', 'discuss', 'ongoing', 'developments', 'research.']","(10000,[524,564,735,1241,3614,3967,3984,4490,4506,4687,5170,5594,5643,6403,6443,6485,6487,6941,7066,7083,8268,9109,9187,9462],[3.5085558999826545,3.914021008090819,3.8187108282864943,3.914021008090819,0.6636465161632473,4.42484663185681,3.8187108282864943,3.5085558999826545,0.691153161953081,0.6871770135734415,4.607168188650764,4.42484663185681,5.523458920524919,3.6516567436233283,3.577548771469606,3.914021008090819,3.383392757028649,4.019381523748645,2.920769235080536,3.7316994512968646,3.577548771469606,5.523458920524919,4.137164559405029,0.691153161953081])",1.0
F190,"['product', 'move', 'voice', 'sign', 'help.', 'everybody', 'thing', 'present', 'smile', 'father', 'lay.', 'daughter', 'stock', 'bank', 'practice', 'worker', 'hotel', 'gas.', '—', 'shocking', 'claims', 'secret', 'cure', 'surface', 'internet.']","(10000,[447,503,793,899,1800,2561,2663,2676,2713,3530,3857,3892,3952,4280,5850,6282,6747,6756,7281,7623,7936,8130,8338,8982,9544],[4.270695952029551,0.691153161953081,3.8187108282864943,5.523458920524919,4.607168188650764,4.137164559405029,4.137164559405029,4.607168188650764,4.607168188650764,3.8187108282864943,4.019381523748645,2.5530444549552183,4.42484663185681,3.914021008090819,0.691153161953081,4.270695952029551,2.5530444549552183,3.383392757028649,0.6792718340663283,3.7316994512968646,0.691153161953081,3.914021008090819,0.691153161953081,4.42484663185681,4.830311739964974])",0.0
R004,"['meet', 'true', 'card', 'central', 'worker.', 'enter', 'information', 'dream', 'add.', 'site', 'stock', 'drive', 'reason', 'activity', 'two', 'unit.', 'experts', 'discuss', 'ongoing', 'developments', 'education.']","(10000,[793,2144,2366,2471,2944,3614,4506,4687,4728,5047,5371,5891,6325,7188,7435,8110,8190,8344,8928,9462,9940],[3.8187108282864943,4.270695952029551,3.914021008090819,4.607168188650764,4.137164559405029,0.6636465161632473,0.691153161953081,0.6871770135734415,3.8187108282864943,2.60568818844064,5.523458920524919,4.019381523748645,4.607168188650764,4.270695952029551,4.270695952029551,4.607168188650764,3.577548771469606,3.914021008090819,4.270695952029551,0.691153161953081,3.577548771469606])",1.0
F080,"['somebody', 'last', 'town', 'section.', 'nation', 'develop', 'best', 'middle.', 'human', 'back', 'card', 'dinner', 'tv', 'staff', 'north.', '—', 'shocking', 'claims', 'celebrity', 'scandal', 'surface', 'internet.']","(10000,[503,763,1133,1241,2144,2240,2802,3089,3486,3989,4014,4547,4715,4921,5850,6069,6224,7281,7936,8303,8338,8430],[0.691153161953081,4.137164559405029,5.117993812416755,3.914021008090819,4.270695952029551,3.914021008090819,5.523458920524919,3.914021008090819,2.849310271098391,4.137164559405029,4.42484663185681,4.270695952029551,4.270695952029551,2.849310271098391,0.691153161953081,3.914021008090819,4.019381523748645,0.6792718340663283,0.691153161953081,4.270695952029551,0.691153161953081,3.914021008090819])",0.0
F049,"['start', 'play', 'car', 'owner.', 'door', 'rather', 'always', 'morning', 'store', 'movement.', 'probably', 'fine', 'project', 'four', 'share', 'discover.', 'three', 'party', 'another', 'agreement', 'career', 'nature.', '—', 'shocking', 'claims', 'hoax', 'surface', 'internet.']","(10000,[503,1243,1379,1848,2173,2230,2297,2634,2837,2996,3160,3674,3947,4377,4395,4847,4930,5850,5925,6431,7184,7281,7936,8166,8338,8346,8413,9011],[0.691153161953081,4.607168188650764,4.270695952029551,4.830311739964974,4.270695952029551,4.607168188650764,4.270695952029551,3.7316994512968646,3.8187108282864943,3.914021008090819,3.914021008090819,4.830311739964974,4.607168188650764,2.60568818844064,5.523458920524919,4.270695952029551,3.8187108282864943,0.691153161953081,4.270695952029551,4.019381523748645,4.607168188650764,0.6792718340663283,0.691153161953081,3.7316994512968646,0.691153161953081,4.830311739964974,3.2721671219184243,4.270695952029551])",0.0
F184,"['film', 'operation', 'floor', 'develop', 'recently', 'woman', 'change', 'deep.', 'yet', 'develop', 'level', 'recent', 'make.', 'power', 'cause', 'hold', 'hold', 'plan.', '—', 'shocking', 'claims', 'secret', 'cure', 'surface', 'internet.']","(10000,[316,387,503,1241,1499,1982,2034,2389,3056,3892,4037,4319,4563,5003,5591,5850,5922,6747,7281,7576,7936,8338,9087],[3.914021008090819,4.270695952029551,0.691153161953081,7.828042016181638,3.4440173788450834,5.523458920524919,4.830311739964974,8.03876304749729,4.607168188650764,2.5530444549552183,4.270695952029551,3.7316994512968646,4.830311739964974,3.914021008090819,3.7316994512968646,0.691153161953081,4.42484663185681,2.5530444549552183,0.6792718340663283,5.117993812416755,0.691153161953081,0.691153161953081,4.830311739964974])",0.0
F030,"['police', 'may', 'minute', 'of.', 'money', 'democratic', 'wrong', 'relate', 'morning.', 'nearly', 'size', 'best', 'improve', 'heart.', '—', 'shocking', 'claims', 'secret', 'cure', 'surface', 'internet.']","(10000,[503,691,763,988,2408,2759,2866,3192,3357,3876,3892,4115,5606,5850,6103,6512,6747,7281,7936,8338,9160],[0.691153161953081,4.830311739964974,4.137164559405029,4.607168188650764,4.019381523748645,5.523458920524919,3.6516567436233283,4.137164559405029,4.137164559405029,4.270695952029551,2.5530444549552183,4.830311739964974,4.42484663185681,0.691153161953081,4.607168188650764,4.019381523748645,2.5530444549552183,0.6792718340663283,0.691153161953081,0.691153161953081,4.270695952029551])",0.0
R213,"['crime', 'fight', 'admit', 'particular.', 'spend', 'yet', 'read', 'benefit', 'site', 'person.', 'experts', 'discuss', 'ongoing', 'developments', 'budget', 'report.']","(10000,[353,731,1750,2526,3614,4037,4506,4687,4991,5432,5653,5891,7650,8633,8714,9462],[3.914021008090819,4.270695952029551,5.117993812416755,4.019381523748645,0.6636465161632473,4.270695952029551,0.691153161953081,0.6871770135734415,2.60568818844064,2.661258039595451,3.914021008090819,4.019381523748645,4.019381523748645,4.607168188650764,4.607168188650764,0.691153161953081])",1.0
F128,"['red', 'blood', 'begin', 'two', 'adult', 'mother', 'recent', 'foreign.', 'anything', 'take', 'former', 'event', 'window', 'public.', 'fly', 'civil', 'hundred', 'staff', 'special', 'term', 'rock', 'through.', 'contain', 'prevent', 'meeting', 'establish', 'near', 'light.', '—', 'shocking', 'claims', 'immortal', 'jellyfish', 'surface', 'internet.']","(10000,[20,52,72,354,503,574,593,781,855,1055,1513,2066,2114,2188,2359,2403,2923,3252,3822,4160,4390,4728,5175,5591,5850,5944,5974,6224,7281,7493,7728,7936,8338,8366,9876],[4.270695952029551,4.137164559405029,4.137164559405029,5.117993812416755,0.691153161953081,4.137164559405029,3.7316994512968646,5.523458920524919,4.830311739964974,4.607168188650764,3.8187108282864943,2.7508701982851385,4.42484663185681,4.42484663185681,3.914021008090819,4.137164559405029,3.914021008090819,4.42484663185681,5.523458920524919,3.8187108282864943,4.830311739964974,3.8187108282864943,4.137164559405029,3.7316994512968646,0.691153161953081,4.42484663185681,3.8187108282864943,4.019381523748645,0.6792718340663283,4.270695952029551,4.42484663185681,0.691153161953081,0.691153161953081,5.117993812416755,2.7508701982851385])",0.0
R231,"['pay', 'customer', 'million', 'sure.', 'draw', 'indicate', 'think.', 'experts', 'discuss', 'ongoing', 'developments', 'policy.']","(10000,[1173,1413,1948,3614,4506,4687,4897,6485,6944,8167,8651,9462],[5.523458920524919,4.607168188650764,4.42484663185681,0.6636465161632473,0.691153161953081,0.6871770135734415,4.137164559405029,3.914021008090819,2.7200985396183848,4.270695952029551,3.8187108282864943,0.691153161953081])",1.0
R061,"['check', 'stock', 'industry', 'born.', 'experts', 'discuss', 'ongoing', 'developments', 'technology', 'breakthrough.']","(10000,[793,1020,2227,3010,3286,3614,3901,4506,4687,9462],[3.8187108282864943,2.503034034380557,2.7200985396183848,4.019381523748645,5.117993812416755,0.6636465161632473,4.270695952029551,0.691153161953081,0.6871770135734415,0.691153161953081])",1.0
R137,"['south', 'debate', 'suddenly', 'reason', 'life.', 'study', 'impact', 'kid.', 'experts', 'discuss', 'ongoing', 'developments', 'education.']","(10000,[856,1972,2944,3614,4224,4506,4687,4816,5047,5535,8276,8581,9462],[5.117993812416755,3.8187108282864943,4.137164559405029,0.6636465161632473,4.137164559405029,0.691153161953081,0.6871770135734415,3.7316994512968646,2.60568818844064,5.117993812416755,4.42484663185681,4.42484663185681,0.691153161953081])",1.0
R185,"['movie', 'attack', 'civil', 'gun', 'recently.', 'record', 'represent', 'deep', 'much', 'specific', 'perhaps.', 'experts', 'discuss', 'ongoing', 'developments', 'technology', 'breakthrough.']","(10000,[524,593,1020,1031,1439,1762,2059,2227,3614,4347,4506,4687,5441,5693,8313,8717,9462],[3.5085558999826545,3.7316994512968646,2.503034034380557,5.117993812416755,3.914021008090819,3.914021008090819,2.579019941358479,2.7200985396183848,0.6636465161632473,4.270695952029551,0.691153161953081,0.6871770135734415,5.117993812416755,3.914021008090819,4.42484663185681,4.830311739964974,0.691153161953081])",1.0
R204,"['attorney', 'threat', 'bill', 'must', 'at.', 'able', 'necessary', 'oil', 'surface.', 'medical', 'history', 'nearly', 'wall', 'catch.', 'experts', 'discuss', 'ongoing', 'developments', 'technology', 'breakthrough.']","(10000,[1020,1023,2227,2866,3496,3614,4506,4687,4853,5417,6035,6404,6426,6543,7152,7979,8070,8135,8268,9462],[2.503034034380557,4.019381523748645,2.7200985396183848,3.6516567436233283,4.019381523748645,0.6636465161632473,0.691153161953081,0.6871770135734415,4.42484663185681,5.523458920524919,3.914021008090819,3.8187108282864943,5.117993812416755,3.914021008090819,5.523458920524919,4.270695952029551,4.42484663185681,4.42484663185681,3.577548771469606,0.691153161953081])",1.0
F217,"['amount', 'kid', 'sound', 'month.', 'end', 'note', 'cold', 'speak.', 'production', 'take', 'market', 'area', 'artist', 'ability.', '—', 'shocking', 'claims', 'immortal', 'jellyfish', 'surface', 'internet.']","(10000,[226,453,503,855,1481,2066,2657,3723,3920,5649,5750,5850,6166,7222,7281,7936,8338,8353,8931,9876,9909],[5.523458920524919,4.137164559405029,0.691153161953081,4.830311739964974,4.607168188650764,2.7508701982851385,3.8187108282864943,4.137164559405029,4.42484663185681,4.270695952029551,5.117993812416755,0.691153161953081,3.8187108282864943,3.8187108282864943,0.6792718340663283,0.691153161953081,0.691153161953081,4.270695952029551,4.607168188650764,2.7508701982851385,3.914021008090819])",0.0
F176,"['weight', 'glass', 'high', 'market', 'computer', 'section.', 'enough', 'thought', 'study', 'speech', 'pretty', 'professor.', 'magazine', 'third', 'everybody', 'may', 'boy', 'road.', '—', 'shocking', 'claims', 'miracle', 'drug', 'surface', 'internet.']","(10000,[55,157,502,503,1133,1256,1831,2116,2561,2657,3180,3919,4224,4748,5850,6932,7281,7860,7936,8004,8151,8338,8413,8771,9160],[4.830311739964974,3.8187108282864943,4.137164559405029,0.691153161953081,5.117993812416755,3.125563647726549,4.607168188650764,3.7316994512968646,4.137164559405029,3.8187108282864943,4.42484663185681,4.019381523748645,4.137164559405029,4.42484663185681,0.691153161953081,4.019381523748645,0.6792718340663283,2.958509563063383,0.691153161953081,3.6516567436233283,4.137164559405029,0.691153161953081,3.2721671219184243,3.8187108282864943,4.270695952029551])",0.0
R245,"['respond', 'mrs', 'example', 'thus', 'note', 'drug', 'specific.', 'experts', 'discuss', 'ongoing', 'developments', 'technology', 'breakthrough.']","(10000,[264,1020,2227,2500,3614,4506,4687,5684,7860,9462,9606,9751,9909],[4.830311739964974,2.503034034380557,2.7200985396183848,3.914021008090819,0.6636465161632473,0.691153161953081,0.6871770135734415,4.270695952029551,2.958509563063383,0.691153161953081,4.270695952029551,3.914021008090819,3.914021008090819])",1.0
R104,"['music', 'serious', 'less', 'federal', 'computer.', 'away', 'eye', 'impact', 'miss', 'truth', 'choose', 'whole.', 'kitchen', 'plant', 'dog.', 'experts', 'discuss', 'ongoing', 'developments', 'election.']","(10000,[633,756,1071,1117,1122,1195,1341,1972,2069,3073,3556,3614,3737,4506,4687,6370,7244,7393,9462,9706],[4.270695952029551,4.270695952029551,4.137164559405029,4.019381523748645,4.607168188650764,4.270695952029551,3.914021008090819,3.8187108282864943,4.270695952029551,5.523458920524919,2.8844015909096608,0.6636465161632473,4.270695952029551,0.691153161953081,0.6871770135734415,4.137164559405029,3.5085558999826545,5.117993812416755,0.691153161953081,4.137164559405029])",1.0
F156,"['able', 'final', 'purpose', 'movement', 'head.', '—', 'shocking', 'claims', 'flat', 'earth', 'surface', 'internet.']","(10000,[503,1653,2918,3496,3593,5294,5850,7281,7936,8089,8338,9676],[0.691153161953081,3.914021008090819,3.0385522707369192,4.019381523748645,5.117993812416755,4.270695952029551,0.691153161953081,0.6792718340663283,0.691153161953081,4.270695952029551,0.691153161953081,3.0385522707369192])",0.0
R194,"['agent', 'anything', 'pick', 'production', 'feel', 'budget.', 'call', 'lay', 'fund', 'heart', 'role', 'begin', 'picture.', 'election', 'value', 'trouble', 'design', 'prove', 'second.', 'discussion', 'expert', 'hope', 'language', 'alone.', 'experts', 'discuss', 'ongoing', 'developments', 'election.']","(10000,[132,190,914,1222,1513,1716,2114,2887,2909,3115,3350,3556,3614,3922,4475,4506,4638,4687,5016,5146,5214,5315,6000,7372,7403,8353,9462,9808,9925],[4.270695952029551,5.117993812416755,4.42484663185681,5.523458920524919,3.8187108282864943,4.270695952029551,4.42484663185681,4.830311739964974,4.42484663185681,4.137164559405029,4.137164559405029,2.8844015909096608,0.6636465161632473,4.270695952029551,4.137164559405029,0.691153161953081,4.607168188650764,0.6871770135734415,4.270695952029551,4.830311739964974,4.607168188650764,4.270695952029551,4.607168188650764,4.137164559405029,4.270695952029551,4.270695952029551,0.691153161953081,3.914021008090819,4.830311739964974])",1.0
R161,"['thought', 'follow', 'star', 'color', 'material', 'unit', 'various.', 'cost', 'tell', 'generation', 'check.', 'experts', 'discuss', 'ongoing', 'developments', 'technology', 'breakthrough.']","(10000,[55,1020,1850,2227,3231,3614,4490,4506,4687,5170,6335,6584,6963,9367,9394,9462,9832],[4.830311739964974,2.503034034380557,4.830311739964974,2.7200985396183848,4.019381523748645,0.6636465161632473,3.5085558999826545,0.691153161953081,0.6871770135734415,4.607168188650764,3.7316994512968646,4.830311739964974,4.137164559405029,3.914021008090819,4.830311739964974,0.691153161953081,4.137164559405029])",1.0
F113,"['example', 'health', 'scientist', 'hundred', 'agreement', 'measure.', 'property', 'able', 'firm', 'political.', 'single', 'turn', 'scene', 'seven', 'series.', '—', 'shocking', 'claims', 'immortal', 'jellyfish', 'surface', 'internet.']","(10000,[503,2066,2603,2733,3496,3886,5175,5587,5844,5850,6226,7281,7850,7889,7936,8338,8413,8667,8805,8894,9606,9876],[0.691153161953081,2.7508701982851385,5.523458920524919,4.607168188650764,4.019381523748645,4.607168188650764,4.137164559405029,4.42484663185681,4.270695952029551,0.691153161953081,4.137164559405029,0.6792718340663283,3.8187108282864943,3.914021008090819,0.691153161953081,0.691153161953081,3.2721671219184243,5.117993812416755,3.8187108282864943,4.42484663185681,4.270695952029551,2.7508701982851385])",0.0
F150,"['person', 'quality', 'begin', 'sound.', 'case', 'place', 'care', 'risk.', 'people', 'business', 'see', 'bar', 'wonder', 'fine', 'them.', '—', 'shocking', 'claims', 'hoax', 'surface', 'internet.']","(10000,[503,1513,3249,3506,4263,4377,4723,5310,5354,5374,5401,5850,6342,6390,6431,6711,7281,7332,7936,8338,8957],[0.691153161953081,3.8187108282864943,3.4440173788450834,4.270695952029551,4.270695952029551,2.60568818844064,4.607168188650764,4.42484663185681,4.42484663185681,4.42484663185681,4.137164559405029,0.691153161953081,4.607168188650764,4.270695952029551,4.019381523748645,4.830311739964974,0.6792718340663283,4.270695952029551,0.691153161953081,0.691153161953081,5.523458920524919])",0.0
F047,"['region', 'floor', 'staff', 'ground', 'various', 'subject.', 'food', 'skin', 'certain', 'network', 'bring', 'check', 'figure.', 'camera', 'every', 'statement', 'laugh', 'history', 'name.', '—', 'shocking', 'claims', 'miracle', 'drug', 'surface', 'internet.']","(10000,[503,1256,1650,3057,3901,4247,4319,5833,5850,6224,6487,6543,6647,7098,7281,7860,7936,8159,8338,8653,8919,9152,9189,9288,9681,9817],[0.691153161953081,3.125563647726549,4.42484663185681,4.830311739964974,4.270695952029551,5.523458920524919,3.7316994512968646,4.270695952029551,0.691153161953081,4.019381523748645,3.383392757028649,3.914021008090819,4.270695952029551,4.830311739964974,0.6792718340663283,2.958509563063383,0.691153161953081,3.4440173788450834,0.691153161953081,4.019381523748645,5.117993812416755,4.270695952029551,3.6516567436233283,4.607168188650764,4.137164559405029,3.5085558999826545])",0.0
F008,"['number', 'nothing', 'seem', 'green', 'read', 'life.', '—', 'shocking', 'claims', 'hoax', 'surface', 'internet.']","(10000,[503,551,2588,4292,4377,5535,5850,7281,7650,7936,8338,8519],[0.691153161953081,4.42484663185681,4.270695952029551,3.7316994512968646,2.60568818844064,5.117993812416755,0.691153161953081,0.6792718340663283,4.019381523748645,0.691153161953081,0.691153161953081,4.137164559405029])",0.0
F229,"['question', 'list', 'believe', 'far', 'learn', 'stop', 'real.', 'several', 'really', 'wait', 'speak.', 'appear', 'together', 'dinner', 'congress', 'matter', 'claim', 'reason', 'exist.', '—', 'shocking', 'claims', 'aliens', 'surface', 'internet.']","(10000,[503,533,650,795,796,2240,2402,2944,2947,4112,4158,5477,5750,5850,5963,5967,7281,7936,8182,8312,8338,8728,8937,9227],[0.691153161953081,4.607168188650764,2.958509563063383,4.830311739964974,3.8187108282864943,3.914021008090819,5.523458920524919,4.137164559405029,4.42484663185681,4.019381523748645,3.6516567436233283,4.607168188650764,5.117993812416755,0.691153161953081,4.607168188650764,3.8187108282864943,0.6792718340663283,0.691153161953081,4.42484663185681,4.019381523748645,0.691153161953081,6.162223770311431,4.137164559405029,4.270695952029551])",0.0
R001,"['wife', 'speak', 'sing', 'wind', 'him.', 'miss', 'let', 'partner', 'security.', 'experts', 'discuss', 'ongoing', 'developments', 'research.']","(10000,[116,1071,2558,3021,3351,3614,4506,4687,4732,6451,7066,8267,8423,9462],[3.8187108282864943,4.137164559405029,4.019381523748645,4.270695952029551,4.830311739964974,0.6636465161632473,0.691153161953081,0.6871770135734415,4.42484663185681,3.577548771469606,2.920769235080536,3.7316994512968646,4.830311739964974,0.691153161953081])",1.0
R241,"['however', 'vote', 'maybe.', 'yes', 'official', 'green', 'table.', 'experts', 'discuss', 'ongoing', 'developments', 'public', 'health.']","(10000,[551,911,1770,2875,3614,4506,4687,5044,6219,6404,8485,9214,9462],[4.42484663185681,4.019381523748645,2.849310271098391,5.523458920524919,0.6636465161632473,0.691153161953081,0.6871770135734415,3.914021008090819,3.0385522707369192,3.8187108282864943,4.270695952029551,4.607168188650764,0.691153161953081])",1.0
R198,"['however', 'else', 'range', 'however', 'everyone.', 'financial', 'always', 'indicate', 'require', 'often', 'heart.', 'message', 'beyond', 'act', 'church', 'old', 'speak', 'determine.', 'experts', 'discuss', 'ongoing', 'developments', 'climate', 'change.']","(10000,[7,165,691,821,911,1273,2059,2715,3614,4506,4687,4732,5034,5563,6485,6928,7083,7407,8449,8512,8900,9011,9462],[4.270695952029551,4.137164559405029,4.830311739964974,2.849310271098391,8.03876304749729,3.4440173788450834,2.579019941358479,4.137164559405029,0.6636465161632473,0.691153161953081,0.6871770135734415,4.42484663185681,4.137164559405029,5.117993812416755,3.914021008090819,4.137164559405029,3.7316994512968646,3.7316994512968646,4.607168188650764,5.117993812416755,5.117993812416755,4.270695952029551,0.691153161953081])",1.0
R229,"['south', 'seven', 'magazine', 'quickly.', 'cell', 'movement', 'eat', 'country', 'effect', 'sound', 'traditional', 'subject.', 'understand', 'big', 'people', 'another', 'per.', 'experts', 'discuss', 'ongoing', 'developments', 'research.']","(10000,[1236,3048,3210,3614,3818,4263,4486,4506,4687,4816,5294,6166,6324,6487,7066,7276,7850,7870,8166,8413,9189,9462],[4.830311739964974,3.914021008090819,4.830311739964974,0.6636465161632473,5.117993812416755,4.270695952029551,4.42484663185681,0.691153161953081,0.6871770135734415,3.7316994512968646,4.270695952029551,3.8187108282864943,3.8187108282864943,3.383392757028649,2.920769235080536,4.137164559405029,3.8187108282864943,4.137164559405029,3.7316994512968646,3.2721671219184243,3.6516567436233283,0.691153161953081])",1.0
R205,"['finally', 'kid', 'single', 'future', 'upon.', 'set', 'husband', 'like', 'will.', 'experts', 'discuss', 'ongoing', 'developments', 'public', 'health.']","(10000,[1770,1817,3330,3614,3723,4506,4687,5087,5342,6219,6488,7208,7889,8656,9462],[2.849310271098391,4.607168188650764,4.270695952029551,0.6636465161632473,4.137164559405029,0.691153161953081,0.6871770135734415,5.523458920524919,4.270695952029551,3.0385522707369192,4.607168188650764,4.42484663185681,3.914021008090819,5.523458920524919,0.691153161953081])",1.0
F123,"['air', 'answer', 'throw', 'media', 'although', 'stock.', 'red', 'attention', 'even', 'town', 'positive', 'occur', 'guess.', 'allow', 'live', 'open', 'gas', 'though', 'more.', '—', 'shocking', 'claims', 'celebrity', 'scandal', 'surface', 'internet.']","(10000,[1,52,88,416,493,503,1209,1921,3144,3385,3486,3619,4644,4715,4835,4921,5607,5783,5850,6406,7255,7281,7779,7936,8325,8338],[4.607168188650764,4.137164559405029,4.137164559405029,5.523458920524919,4.270695952029551,0.691153161953081,4.270695952029551,4.42484663185681,4.137164559405029,5.117993812416755,2.849310271098391,4.019381523748645,5.523458920524919,4.270695952029551,4.019381523748645,2.849310271098391,4.42484663185681,4.019381523748645,0.691153161953081,4.42484663185681,5.117993812416755,0.6792718340663283,4.019381523748645,0.691153161953081,4.270695952029551,0.691153161953081])",0.0
F043,"['quite', 'far', 'light.', 'democrat', 'mission', 'something.', '—', 'shocking', 'claims', 'celebrity', 'scandal', 'surface', 'internet.']","(10000,[503,3486,4158,4240,4390,4921,5234,5850,6056,6069,7281,7936,8338],[0.691153161953081,2.849310271098391,3.6516567436233283,5.523458920524919,4.830311739964974,2.849310271098391,4.137164559405029,0.691153161953081,4.270695952029551,3.914021008090819,0.6792718340663283,0.691153161953081,0.691153161953081])",0.0
F097,"['mind', 'paper', 'window', 'present', 'fact', 'push.', 'tough', 'painting', 'order.', 'yes', 'fish', 'try', 'indeed', 'everyone', 'value.', 'exactly', 'look', 'red', 'effect', 'base', 'pattern.', '—', 'shocking', 'claims', 'celebrity', 'scandal', 'surface', 'internet.']","(10000,[52,490,503,1034,1376,2096,2403,3184,3486,4693,4921,4934,5044,5447,5564,5850,6324,7074,7215,7281,7936,8130,8173,8326,8338,8690,8893,9939],[4.137164559405029,4.607168188650764,0.691153161953081,5.117993812416755,4.019381523748645,4.830311739964974,4.137164559405029,2.8844015909096608,2.849310271098391,4.607168188650764,2.849310271098391,3.4440173788450834,3.914021008090819,3.6516567436233283,4.607168188650764,0.691153161953081,3.8187108282864943,3.2721671219184243,4.270695952029551,0.6792718340663283,0.691153161953081,3.914021008090819,3.4440173788450834,4.830311739964974,0.691153161953081,4.019381523748645,4.270695952029551,4.607168188650764])",0.0
R014,"['national', 'clear', 'carry', 'anyone', 'nature', 'south.', 'amount', 'important', 'firm', 'one', 'either', 'sell', 'station', 'professional.', 'apply', 'real', 'ten', 'write', 'book', 'contain', 'than.', 'experts', 'discuss', 'ongoing', 'developments', 'research.']","(10000,[393,454,666,815,1611,1822,1967,3611,3614,4485,4506,4640,4687,5085,5445,7066,7222,7312,7493,7691,7910,8415,8894,9126,9462,9691],[4.270695952029551,3.5085558999826545,4.137164559405029,4.830311739964974,4.137164559405029,5.523458920524919,4.607168188650764,4.607168188650764,0.6636465161632473,3.914021008090819,0.691153161953081,4.270695952029551,0.6871770135734415,3.914021008090819,4.607168188650764,2.920769235080536,3.8187108282864943,4.270695952029551,4.270695952029551,5.117993812416755,4.270695952029551,4.42484663185681,4.42484663185681,4.42484663185681,0.691153161953081,4.270695952029551])",1.0
F005,"['west', 'politics', 'cup', 'similar.', 'box', 'return.', '—', 'shocking', 'claims', 'flat', 'earth', 'surface', 'internet.']","(10000,[503,1776,2918,3059,5085,5850,5887,7281,7922,7936,8338,8684,9676],[0.691153161953081,4.42484663185681,3.0385522707369192,4.607168188650764,3.914021008090819,0.691153161953081,4.270695952029551,0.6792718340663283,3.7316994512968646,0.691153161953081,0.691153161953081,4.607168188650764,3.0385522707369192])",0.0
R234,"['nothing', 'enjoy', 'unit.', 'cost', 'design', 'town', 'play', 'article.', 'key', 'meet', 'white', 'begin', 'firm', 'nature.', 'experts', 'discuss', 'ongoing', 'developments', 'research.']","(10000,[1513,1805,2173,2471,3131,3614,3922,4292,4490,4506,4687,4715,5843,6340,7066,8346,8894,9462,9940],[3.8187108282864943,4.137164559405029,4.270695952029551,4.607168188650764,4.830311739964974,0.6636465161632473,4.270695952029551,3.7316994512968646,3.5085558999826545,0.691153161953081,0.6871770135734415,4.270695952029551,3.7316994512968646,5.117993812416755,2.920769235080536,4.830311739964974,4.42484663185681,0.691153161953081,3.577548771469606])",1.0
F143,"['difficult', 'decision', 'relate', 'character', 'last', 'reflect', 'everything.', 'food', 'figure', 'health', 'include.', '—', 'shocking', 'claims', 'aliens', 'surface', 'internet.']","(10000,[503,650,988,1712,2193,3989,4110,4442,4867,5321,5850,7281,7936,8338,8403,8653,8805],[0.691153161953081,2.958509563063383,4.607168188650764,4.42484663185681,4.42484663185681,4.137164559405029,4.607168188650764,4.830311739964974,4.019381523748645,4.607168188650764,0.691153161953081,0.6792718340663283,0.691153161953081,0.691153161953081,5.523458920524919,4.019381523748645,3.8187108282864943])",0.0
R073,"['suddenly', 'total.', 'experts', 'discuss', 'ongoing', 'developments', 'economic', 'growth.']","(10000,[3614,4506,4687,6535,8581,9034,9144,9462],[0.6636465161632473,0.691153161953081,0.6871770135734415,5.117993812416755,4.42484663185681,2.8844015909096608,2.7200985396183848,0.691153161953081])",1.0
R239,"['six', 'clear', 'let', 'station', 'serve', 'source.', 'possible', 'table.', 'experts', 'discuss', 'ongoing', 'developments', 'education.']","(10000,[1611,1725,3614,3707,4506,4687,5047,5401,6100,6404,8267,8415,9462],[4.137164559405029,4.270695952029551,0.6636465161632473,5.117993812416755,0.691153161953081,0.6871770135734415,2.60568818844064,4.137164559405029,4.137164559405029,3.8187108282864943,3.7316994512968646,4.42484663185681,0.691153161953081])",1.0
F181,"['first', 'person', 'establish', 'step', 'among.', 'night', 'draw', 'push', 'value.', 'another', 'movement', 'ready.', '—', 'shocking', 'claims', 'aliens', 'surface', 'internet.']","(10000,[490,503,650,1558,2071,2923,3249,3978,5294,5850,5978,6403,6869,7281,7936,8166,8167,8338],[4.607168188650764,0.691153161953081,2.958509563063383,4.137164559405029,5.117993812416755,3.914021008090819,3.4440173788450834,4.830311739964974,4.270695952029551,0.691153161953081,4.270695952029551,3.6516567436233283,4.42484663185681,0.6792718340663283,0.691153161953081,3.7316994512968646,4.270695952029551,0.691153161953081])",0.0
R138,"['throw', 'professional', 'fall', 'reduce', 'interesting.', 'true', 'less', 'set', 'machine', 'toward', 'white.', 'level', 'tax', 'walk', 'song', 'next.', 'heart', 'product', 'often', 'back', 'medical', 'reality', 'drop', 'bank.', 'experts', 'discuss', 'ongoing', 'developments', 'election.']","(10000,[7,109,447,680,1195,1499,2155,3194,3556,3614,3729,4506,4687,5342,5844,6142,6587,6877,7188,7350,8040,8159,8268,8325,8430,8577,9462,9615,9808],[4.270695952029551,5.117993812416755,4.270695952029551,4.137164559405029,4.270695952029551,3.4440173788450834,4.270695952029551,4.42484663185681,2.8844015909096608,0.6636465161632473,4.607168188650764,0.691153161953081,0.6871770135734415,4.270695952029551,4.270695952029551,4.830311739964974,4.137164559405029,5.523458920524919,4.270695952029551,4.270695952029551,3.577548771469606,3.4440173788450834,3.577548771469606,4.270695952029551,3.914021008090819,4.607168188650764,0.691153161953081,5.523458920524919,3.914021008090819])",1.0
R172,"['reality', 'owner', 'while.', 'expert', 'generation', 'purpose', 'piece.', 'authority', 'carry', 'ok', 'push.', 'experts', 'discuss', 'ongoing', 'developments', 'economic', 'growth.']","(10000,[454,680,914,1176,2645,3614,4506,4687,6053,6963,7074,8089,8391,9034,9144,9462,9784],[3.5085558999826545,4.137164559405029,4.42484663185681,4.42484663185681,4.270695952029551,0.6636465161632473,0.691153161953081,0.6871770135734415,3.3262343431887,4.137164559405029,3.2721671219184243,4.270695952029551,4.42484663185681,2.8844015909096608,2.7200985396183848,0.691153161953081,5.117993812416755])",1.0
R143,"['mention', 'head.', 'someone', 'weight', 'hair', 'resource', 'traditional', 'size', 'guess.', 'experts', 'discuss', 'ongoing', 'developments', 'policy.']","(10000,[1670,2907,3192,3593,3614,3671,4486,4506,4687,6944,7255,7664,8004,9462],[4.42484663185681,4.42484663185681,4.137164559405029,5.117993812416755,0.6636465161632473,4.137164559405029,4.42484663185681,0.691153161953081,0.6871770135734415,2.7200985396183848,5.117993812416755,4.607168188650764,3.6516567436233283,0.691153161953081])",1.0
F166,"['military', 'information', 'trip.', 'plan', 'yes', 'sister', 'technology.', 'sometimes', 'recently', 'young', 'mouth.', '—', 'shocking', 'claims', 'mind', 'control', 'surface', 'internet.']","(10000,[503,1208,2034,3184,3283,3521,5044,5850,5869,5877,6123,6865,7281,7809,7936,8190,8338,8893],[0.691153161953081,2.849310271098391,4.830311739964974,2.8844015909096608,5.523458920524919,4.607168188650764,3.914021008090819,0.691153161953081,4.019381523748645,3.914021008090819,4.42484663185681,4.830311739964974,0.6792718340663283,4.137164559405029,0.691153161953081,3.577548771469606,0.691153161953081,4.270695952029551])",0.0
R003,"['offer', 'onto', 'try', 'follow', 'page', 'bag.', 'general', 'option', 'when.', 'anyone', 'wear', 'system', 'reach', 'turn', 'finally.', 'local', 'perform', 'garden', 'product.', 'experts', 'discuss', 'ongoing', 'developments', 'budget', 'report.']","(10000,[228,666,1098,1619,2827,2958,3614,3886,3996,4270,4319,4506,4687,4693,4991,5432,5465,5891,5936,6422,6581,8386,9367,9462,9613],[3.7316994512968646,4.137164559405029,3.4440173788450834,5.117993812416755,4.019381523748645,4.270695952029551,0.6636465161632473,4.607168188650764,4.607168188650764,4.830311739964974,3.7316994512968646,0.691153161953081,0.6871770135734415,4.607168188650764,2.60568818844064,2.661258039595451,4.137164559405029,4.019381523748645,4.607168188650764,5.117993812416755,4.270695952029551,4.019381523748645,3.914021008090819,0.691153161953081,4.607168188650764])",1.0
R167,"['realize', 'nature', 'somebody', 'tonight', 'chair', 'near.', 'list', 'single', 'story', 'experience', 'southern', 'site', 'letter.', 'stuff', 'born', 'manage', 'strategy', 'treatment.', 'less', 'rise', 'hotel.', 'experts', 'discuss', 'ongoing', 'developments', 'climate', 'change.']","(10000,[681,821,1195,1582,2059,2291,3089,3143,3389,3611,3614,3635,3743,4300,4506,4687,4816,5169,5891,6817,6855,7722,7883,7889,8728,9462,9545],[4.42484663185681,2.849310271098391,4.270695952029551,4.42484663185681,2.579019941358479,3.914021008090819,3.914021008090819,4.830311739964974,4.019381523748645,4.607168188650764,0.6636465161632473,4.270695952029551,4.42484663185681,5.117993812416755,0.691153161953081,0.6871770135734415,3.7316994512968646,5.117993812416755,4.019381523748645,5.117993812416755,4.019381523748645,4.019381523748645,4.607168188650764,3.914021008090819,3.0811118851557153,0.691153161953081,4.42484663185681])",1.0
R183,"['per', 'help', 'operation', 'within', 'up.', 'particularly', 'staff', 'stage', 'physical', 'class', 'tonight', 'movement', 'along.', 'fast', 'anyone', 'thus', 'alone.', 'experts', 'discuss', 'ongoing', 'developments', 'climate', 'change.']","(10000,[30,298,666,796,821,1766,2059,3389,3614,4007,4506,4687,5294,5684,5922,6224,6443,8649,9263,9347,9462,9817,9925],[4.137164559405029,4.137164559405029,4.137164559405029,3.8187108282864943,2.849310271098391,4.830311739964974,2.579019941358479,4.019381523748645,0.6636465161632473,4.019381523748645,0.691153161953081,0.6871770135734415,4.270695952029551,4.270695952029551,4.42484663185681,4.019381523748645,3.577548771469606,3.8187108282864943,4.137164559405029,4.137164559405029,0.691153161953081,3.5085558999826545,4.830311739964974])",1.0
R238,"['might', 'deal', 'arrive', 'outside', 'explain', 'thousand', 'nation.', 'morning', 'better', 'ahead', 'help.', 'experts', 'discuss', 'ongoing', 'developments', 'technology', 'breakthrough.']","(10000,[1020,1433,2227,2543,3160,3614,3924,3952,4506,4687,5341,6798,7391,7725,8268,8568,9462],[2.503034034380557,4.42484663185681,2.7200985396183848,3.8187108282864943,3.914021008090819,0.6636465161632473,4.607168188650764,4.42484663185681,0.691153161953081,0.6871770135734415,4.270695952029551,3.3262343431887,4.019381523748645,5.523458920524919,3.577548771469606,4.830311739964974,0.691153161953081])",1.0
R041,"['campaign', 'number', 'grow.', 'imagine', 'organization', 'benefit', 'everything', 'ball', 'case', 'data', 'short.', 'experts', 'discuss', 'ongoing', 'developments', 'election.']","(10000,[746,1364,1695,3556,3614,4506,4687,5301,5653,6342,6675,7492,8094,8519,9156,9462],[4.830311739964974,3.914021008090819,4.019381523748645,2.8844015909096608,0.6636465161632473,0.691153161953081,0.6871770135734415,4.42484663185681,3.914021008090819,4.607168188650764,3.7316994512968646,4.137164559405029,5.523458920524919,4.137164559405029,4.019381523748645,0.691153161953081])",1.0
F237,"['quality', 'market', 'statement', 'standard', 'practice', 'modern', 'follow.', 'economy', 'later', 'agent', 'way', 'close', 'past', 'pull', 'design.', '—', 'shocking', 'claims', 'government', 'cover-up', 'surface', 'internet.']","(10000,[217,503,560,2259,2336,2657,2967,3497,3506,4280,5016,5850,6597,7281,7425,7870,7936,8338,9275,9391,9813,9817],[4.42484663185681,0.691153161953081,4.607168188650764,2.849310271098391,4.137164559405029,3.8187108282864943,4.019381523748645,3.7316994512968646,4.270695952029551,3.914021008090819,4.270695952029551,0.691153161953081,4.830311739964974,0.6792718340663283,5.117993812416755,4.137164559405029,0.691153161953081,0.691153161953081,5.117993812416755,3.914021008090819,2.997730276216664,3.5085558999826545])",0.0
R086,"['style', 'follow', 'lay', 'hand', 'letter', 'serve', 'five.', 'save', 'group', 'boy', 'effect', 'art', 'spend.', 'experts', 'discuss', 'ongoing', 'developments', 'research.']","(10000,[157,564,1725,1776,3423,3614,4475,4506,4516,4520,4687,6324,7066,7766,7854,8000,9367,9462],[3.8187108282864943,3.914021008090819,4.270695952029551,4.42484663185681,4.42484663185681,0.6636465161632473,4.137164559405029,0.691153161953081,5.117993812416755,4.607168188650764,0.6871770135734415,3.8187108282864943,2.920769235080536,4.42484663185681,4.137164559405029,4.137164559405029,3.914021008090819,0.691153161953081])",1.0
R240,"['three', 'democrat', 'spend', 'weight', 'note.', 'news', 'perform', 'pretty', 'unit', 'subject.', 'experts', 'discuss', 'ongoing', 'developments', 'policy.']","(10000,[353,1098,2433,3614,3919,4506,4687,5234,5925,6335,6944,8004,9189,9462,9599],[3.914021008090819,3.4440173788450834,4.137164559405029,0.6636465161632473,4.019381523748645,0.691153161953081,0.6871770135734415,4.137164559405029,4.270695952029551,3.7316994512968646,2.7200985396183848,3.6516567436233283,3.6516567436233283,0.691153161953081,5.523458920524919])",1.0
R133,"['best', 'visit', 'lose', 'year', 'officer', 'southern.', 'reality', 'stay', 'suddenly', 'smile.', 'enough', 'although', 'cause', 'main', 'successful', 'still.', 'far', 'true', 'ever', 'change', 'still', 'local.', 'experts', 'discuss', 'ongoing', 'developments', 'public', 'health.']","(10000,[316,387,433,680,696,698,763,1417,1637,1649,1770,3614,3712,4158,4422,4506,4687,4748,4827,5594,5659,6219,7188,7779,8581,8899,9325,9462],[3.914021008090819,4.270695952029551,4.019381523748645,4.137164559405029,4.019381523748645,4.607168188650764,4.137164559405029,4.137164559405029,4.42484663185681,5.117993812416755,2.849310271098391,0.6636465161632473,4.607168188650764,3.6516567436233283,4.137164559405029,0.691153161953081,0.6871770135734415,4.42484663185681,5.117993812416755,4.42484663185681,3.914021008090819,3.0385522707369192,4.270695952029551,4.019381523748645,4.42484663185681,4.019381523748645,4.830311739964974,0.691153161953081])",1.0
F044,"['decision', 'side', 'pressure', 'usually', 'ok.', 'nation', 'happy', 'enough', 'lay', 'space.', 'accept', 'image', 'similar', 'specific', 'pretty', 'base.', '—', 'shocking', 'claims', 'hoax', 'surface', 'internet.']","(10000,[503,1098,2059,2193,2657,2990,3919,4014,4377,4475,4748,5303,5347,5553,5661,5850,6838,7046,7281,7936,8338,9781],[0.691153161953081,3.4440173788450834,2.579019941358479,4.42484663185681,3.8187108282864943,4.137164559405029,4.019381523748645,4.42484663185681,2.60568818844064,4.137164559405029,4.42484663185681,4.830311739964974,4.019381523748645,4.830311739964974,3.914021008090819,0.691153161953081,4.830311739964974,4.019381523748645,0.6792718340663283,0.691153161953081,0.691153161953081,4.137164559405029])",0.0
F125,"['defense', 'join', 'often', 'debate', 'democrat', 'develop', 'recognize.', 'food', 'education', 'behind', 'police', 'collection', 'trouble.', 'cold', 'color', 'space', 'present', 'tonight', 'important.', '—', 'shocking', 'claims', 'government', 'cover-up', 'surface', 'internet.']","(10000,[7,317,503,1241,2259,3065,3389,3543,3876,3920,4346,5234,5530,5850,7281,7381,7936,8130,8209,8276,8338,8653,8952,9188,9813,9832],[4.270695952029551,4.830311739964974,0.691153161953081,3.914021008090819,2.849310271098391,5.117993812416755,4.019381523748645,3.914021008090819,4.270695952029551,4.42484663185681,4.137164559405029,4.137164559405029,3.914021008090819,0.691153161953081,0.6792718340663283,4.42484663185681,0.691153161953081,3.914021008090819,4.42484663185681,4.42484663185681,0.691153161953081,4.019381523748645,5.523458920524919,4.42484663185681,2.997730276216664,4.137164559405029])",0.0
F165,"['body', 'thousand', 'catch', 'nothing', 'single', 'history.', 'alone', 'little', 'training', 'bring', 'serious', 'particularly', 'street.', '—', 'shocking', 'claims', 'secret', 'cure', 'surface', 'internet.']","(10000,[503,841,1117,1590,2492,3057,3892,4292,5850,6443,6747,6798,7281,7424,7538,7889,7936,7949,8338,9372],[0.691153161953081,4.607168188650764,4.019381523748645,4.137164559405029,5.117993812416755,4.830311739964974,2.5530444549552183,3.7316994512968646,0.691153161953081,3.577548771469606,2.5530444549552183,3.3262343431887,0.6792718340663283,5.117993812416755,4.607168188650764,3.914021008090819,0.691153161953081,4.137164559405029,0.691153161953081,5.523458920524919])",0.0
F137,"['national', 'five.', 'involve', 'organization', 'western.', '—', 'shocking', 'claims', 'flat', 'earth', 'surface', 'internet.']","(10000,[503,1364,1776,2918,3497,5850,6271,7281,7910,7936,8338,9676],[0.691153161953081,3.914021008090819,4.42484663185681,3.0385522707369192,3.7316994512968646,0.691153161953081,4.270695952029551,0.6792718340663283,4.270695952029551,0.691153161953081,0.691153161953081,3.0385522707369192])",0.0
R088,"['southern', 'generation', 'history', 'worry', 'theory', 'foreign', 'effort.', 'common', 'return', 'one.', 'experts', 'discuss', 'ongoing', 'developments', 'research.']","(10000,[635,1468,2466,2912,3614,3743,4506,4687,6206,6332,6543,6963,7066,8343,9462],[4.137164559405029,4.607168188650764,5.523458920524919,5.117993812416755,0.6636465161632473,4.42484663185681,0.691153161953081,0.6871770135734415,4.830311739964974,4.019381523748645,3.914021008090819,4.137164559405029,2.920769235080536,4.42484663185681,0.691153161953081])",1.0
R169,"['simply', 'process', 'service', 'white', 'wide.', 'third', 'usually', 'hold.', 'tend', 'field', 'spend.', 'experts', 'discuss', 'ongoing', 'developments', 'technology', 'breakthrough.']","(10000,[23,1020,1642,1810,2227,2252,2990,3614,4321,4506,4516,4687,5843,7074,8040,8771,9462],[4.830311739964974,2.503034034380557,4.019381523748645,4.42484663185681,2.7200985396183848,4.42484663185681,4.137164559405029,0.6636465161632473,5.523458920524919,0.691153161953081,5.117993812416755,0.6871770135734415,3.7316994512968646,3.2721671219184243,3.577548771469606,3.8187108282864943,0.691153161953081])",1.0
R193,"['summer', 'back', 'behind', 'behavior', 'walk.', 'ten', 'american', 'role', 'herself.', 'experts', 'discuss', 'ongoing', 'developments', 'technology', 'breakthrough.']","(10000,[735,1020,2227,2238,3350,3614,4346,4506,4687,5085,7652,8423,8430,9462,9481],[3.8187108282864943,2.503034034380557,2.7200985396183848,5.117993812416755,4.137164559405029,0.6636465161632473,4.137164559405029,0.691153161953081,0.6871770135734415,3.914021008090819,3.8187108282864943,4.830311739964974,3.914021008090819,0.691153161953081,4.607168188650764])",1.0
F247,"['million', 'green', 'forget', 'daughter', 'later', 'with.', 'special', 'character', 'pay', 'let', 'open', 'particular.', 'account', 'garden', 'official', 'west.', 'boy', 'want', 'magazine', 'itself.', '—', 'shocking', 'claims', 'mind', 'control', 'surface', 'internet.']","(10000,[157,503,551,560,1055,1208,2862,3184,4867,4897,5783,5850,5936,5987,7146,7281,7623,7640,7712,7936,8267,8338,8413,8485,8633,8651,9187],[3.8187108282864943,0.691153161953081,4.42484663185681,4.607168188650764,4.607168188650764,2.849310271098391,5.117993812416755,2.8844015909096608,4.019381523748645,4.137164559405029,4.019381523748645,0.691153161953081,4.607168188650764,5.117993812416755,4.270695952029551,0.6792718340663283,3.7316994512968646,4.270695952029551,4.137164559405029,0.691153161953081,3.7316994512968646,0.691153161953081,3.2721671219184243,4.270695952029551,4.607168188650764,3.8187108282864943,4.137164559405029])",0.0
R179,"['surface', 'product', 'including', 'fear', 'resource', 'base', 'natural', 'black.', 'experts', 'discuss', 'ongoing', 'developments', 'technology', 'breakthrough.']","(10000,[447,1020,1670,2227,2611,3614,4506,4687,4988,7281,7334,8173,9462,9513],[4.270695952029551,2.503034034380557,4.42484663185681,2.7200985396183848,5.117993812416755,0.6636465161632473,0.691153161953081,0.6871770135734415,5.523458920524919,0.6792718340663283,4.137164559405029,3.4440173788450834,0.691153161953081,4.42484663185681])",1.0
F138,"['every', 'success', 'benefit', 'article', 'government', 'water', 'ground.', 'us', 'positive', 'civil', 'quickly', 'director', 'score.', '—', 'shocking', 'claims', 'immortal', 'jellyfish', 'surface', 'internet.']","(10000,[1,503,593,1702,1853,2066,2259,2589,3391,5653,5850,6660,7195,7281,7936,8338,8678,9681,9828,9876],[4.607168188650764,0.691153161953081,3.7316994512968646,4.137164559405029,4.830311739964974,2.7508701982851385,2.849310271098391,3.6516567436233283,4.137164559405029,3.914021008090819,0.691153161953081,4.270695952029551,4.830311739964974,0.6792718340663283,0.691153161953081,0.691153161953081,4.830311739964974,4.137164559405029,4.42484663185681,2.7508701982851385])",0.0
R017,"['eight', 'point', 'upon', 'international', 'white', 'wish', 'position.', 'sell', 'source', 'arm', 'financial', 'side', 'open.', 'experts', 'discuss', 'ongoing', 'developments', 'policy.']","(10000,[188,495,1819,3614,3984,4416,4485,4506,4687,5843,6735,6944,7381,7407,7721,8482,9462,9781],[4.607168188650764,3.8187108282864943,5.523458920524919,0.6636465161632473,3.8187108282864943,4.42484663185681,3.914021008090819,0.691153161953081,0.6871770135734415,3.7316994512968646,4.019381523748645,2.7200985396183848,4.42484663185681,3.7316994512968646,4.137164559405029,5.117993812416755,0.691153161953081,4.137164559405029])",1.0
F090,"['white', 'note', 'assume', 'list', 'law', 'conference.', 'leg', 'medical', 'close', 'claim', 'stop', 'else', 'but.', '—', 'shocking', 'claims', 'mind', 'control', 'surface', 'internet.']","(10000,[503,796,1208,1898,2664,3184,3497,3979,5034,5843,5850,6290,7281,7936,8268,8338,8728,8927,8937,9909],[0.691153161953081,3.8187108282864943,2.849310271098391,5.117993812416755,3.8187108282864943,2.8844015909096608,3.7316994512968646,3.914021008090819,4.137164559405029,3.7316994512968646,0.691153161953081,4.42484663185681,0.6792718340663283,0.691153161953081,3.577548771469606,0.691153161953081,3.0811118851557153,5.117993812416755,4.137164559405029,3.914021008090819])",0.0
F222,"['old', 'including', 'remember', 'memory', 'arm', 'believe.', 'box', 'build', 'occur', 'bed', 'small.', 'discuss', 'community', 'car.', '—', 'shocking', 'claims', 'mind', 'control', 'surface', 'internet.']","(10000,[503,586,1208,1921,3014,3184,3445,3614,3984,5685,5850,6941,7083,7281,7334,7922,7936,8174,8290,8338,9497],[0.691153161953081,4.830311739964974,2.849310271098391,4.42484663185681,4.019381523748645,2.8844015909096608,4.830311739964974,0.6636465161632473,3.8187108282864943,4.42484663185681,0.691153161953081,4.019381523748645,3.7316994512968646,0.6792718340663283,4.137164559405029,3.7316994512968646,0.691153161953081,4.42484663185681,5.117993812416755,0.691153161953081,4.137164559405029])",0.0
R114,"['write', 'process', 'eat', 'pick', 'list', 'establish', 'him.', 'term', 'whatever', 'dark', 'memory.', 'experts', 'discuss', 'ongoing', 'developments', 'climate', 'change.']","(10000,[697,821,2059,2188,2923,3351,3614,4506,4687,5445,6079,7276,7372,7695,8040,8728,9462],[4.607168188650764,2.849310271098391,2.579019941358479,4.42484663185681,3.914021008090819,4.830311739964974,0.6636465161632473,0.691153161953081,0.6871770135734415,4.607168188650764,4.830311739964974,4.137164559405029,4.137164559405029,5.117993812416755,3.577548771469606,3.0811118851557153,0.691153161953081])",1.0
F235,"['official', 'easy', 'notice', 'certainly', 'possible', 'guy', 'require.', 'happy', 'officer', 'last', 'economy', 'hospital', 'picture.', '—', 'shocking', 'claims', 'celebrity', 'scandal', 'surface', 'internet.']","(10000,[94,217,503,673,696,760,1525,2887,3486,3989,4921,4930,5347,5716,5850,6100,7281,7936,8338,8485],[4.019381523748645,4.42484663185681,0.691153161953081,4.607168188650764,4.019381523748645,3.914021008090819,4.42484663185681,4.830311739964974,2.849310271098391,4.137164559405029,2.849310271098391,3.8187108282864943,4.019381523748645,5.523458920524919,0.691153161953081,4.137164559405029,0.6792718340663283,0.691153161953081,0.691153161953081,4.270695952029551])",0.0
F185,"['nearly', 'right', 'voice.', 'standard', 'late', 'trial', 'past', 'skin', 'detail', 'trade.', 'white', 'night', 'course', 'arm', 'lead.', '—', 'shocking', 'claims', 'hoax', 'surface', 'internet.']","(10000,[217,503,1143,1790,2866,2967,3079,3410,3652,3984,4377,5833,5843,5850,6869,7166,7281,7386,7936,8338,9275],[4.42484663185681,0.691153161953081,4.607168188650764,3.914021008090819,3.6516567436233283,4.019381523748645,3.8187108282864943,4.830311739964974,4.42484663185681,3.8187108282864943,2.60568818844064,4.270695952029551,3.7316994512968646,0.691153161953081,4.42484663185681,5.523458920524919,0.6792718340663283,5.523458920524919,0.691153161953081,0.691153161953081,5.117993812416755])",0.0
F221,"['analysis', 'wide', 'loss', 'thing.', 'month', 'necessary', 'machine', 'method.', 'everybody', 'far', 'method', 'daughter', 'marriage', 'impact.', '—', 'shocking', 'claims', 'flat', 'earth', 'surface', 'internet.']","(10000,[503,1296,2561,2735,2836,2918,4158,5324,5329,5741,5850,6015,6229,7281,7623,7936,7979,8040,8338,8463,9676],[0.691153161953081,4.42484663185681,4.137164559405029,4.830311739964974,3.8187108282864943,3.0385522707369192,3.6516567436233283,5.117993812416755,4.607168188650764,4.607168188650764,0.691153161953081,4.830311739964974,4.019381523748645,0.6792718340663283,3.7316994512968646,0.691153161953081,4.270695952029551,3.577548771469606,0.691153161953081,5.117993812416755,3.0385522707369192])",0.0
F054,"['main', 'great', 'government', 'training', 'page', 'word', 'market.', '—', 'shocking', 'claims', 'secret', 'cure', 'surface', 'internet.']","(10000,[503,750,1637,2259,2827,3519,3892,5850,6747,7281,7538,7936,8338,8353],[0.691153161953081,4.42484663185681,4.42484663185681,2.849310271098391,4.019381523748645,5.117993812416755,2.5530444549552183,0.691153161953081,2.5530444549552183,0.6792718340663283,4.607168188650764,0.691153161953081,0.691153161953081,4.270695952029551])",0.0
R000,"['run', 'late', 'skin', 'indeed', 'beat', 'land', 'create.', 'teach', 'time', 'clear', 'any.', 'whether', 'chance', 'public', 'yet', 'church', 'medical.', 'experts', 'discuss', 'ongoing', 'developments', 'public', 'health.']","(10000,[266,346,1273,1611,1770,2569,3079,3406,3614,4037,4506,4687,4934,5547,5833,6219,6808,7148,8157,8522,9210,9462],[4.137164559405029,4.019381523748645,3.4440173788450834,4.137164559405029,5.698620542196782,3.577548771469606,3.8187108282864943,4.42484663185681,0.6636465161632473,4.270695952029551,0.691153161953081,0.6871770135734415,3.4440173788450834,5.523458920524919,4.270695952029551,3.0385522707369192,5.523458920524919,4.42484663185681,4.270695952029551,4.137164559405029,5.117993812416755,0.691153161953081])",1.0
R178,"['million', 'point', 'establish', 'available', 'drive.', 'common', 'fight', 'win', 'away', 'result.', 'experts', 'discuss', 'ongoing', 'developments', 'budget', 'report.']","(10000,[2398,2475,2526,2923,3614,3737,4416,4506,4687,4991,5432,6332,7670,8651,9391,9462],[4.42484663185681,4.42484663185681,4.019381523748645,3.914021008090819,0.6636465161632473,4.270695952029551,4.42484663185681,0.691153161953081,0.6871770135734415,2.60568818844064,2.661258039595451,4.019381523748645,5.523458920524919,3.8187108282864943,3.914021008090819,0.691153161953081])",1.0
F006,"['attention', 'data', 'name', 'consider', 'week.', 'top', 'hit', 'without', 'language', 'minute', 'local', 'by.', 'long', 'animal', 'black', 'tv.', '—', 'shocking', 'claims', 'hoax', 'surface', 'internet.']","(10000,[15,228,312,503,1695,1716,1804,1948,2302,3144,3357,4043,4377,5328,5850,7281,7360,7936,8252,8338,8356,8904],[4.42484663185681,3.7316994512968646,3.8187108282864943,0.691153161953081,4.019381523748645,4.270695952029551,5.523458920524919,4.42484663185681,5.117993812416755,4.137164559405029,4.137164559405029,4.42484663185681,2.60568818844064,3.914021008090819,0.691153161953081,0.6792718340663283,3.7316994512968646,0.691153161953081,4.42484663185681,0.691153161953081,5.117993812416755,3.8187108282864943])",0.0
F174,"['republican', 'white', 'bill', 'single', 'leave', 'pressure', 'war.', 'room', 'kind', 'financial', 'society', 'high', 'from.', '—', 'shocking', 'claims', 'secret', 'cure', 'surface', 'internet.']","(10000,[327,494,503,2116,2913,3495,3892,4616,5661,5843,5850,6044,6747,6749,7281,7407,7889,7936,8135,8338],[4.137164559405029,4.42484663185681,0.691153161953081,3.7316994512968646,3.383392757028649,5.117993812416755,2.5530444549552183,4.270695952029551,3.914021008090819,3.7316994512968646,0.691153161953081,4.137164559405029,2.5530444549552183,5.523458920524919,0.6792718340663283,3.7316994512968646,3.914021008090819,0.691153161953081,4.42484663185681,0.691153161953081])",0.0
R009,"['edge', 'daughter', 'drive.', 'perhaps', 'rich', 'another', 'guess', 'life', 'exactly.', 'art', 'real', 'peace', 'amount.', 'experts', 'discuss', 'ongoing', 'developments', 'election.']","(10000,[160,1259,2095,3477,3556,3614,3921,4506,4687,6212,6697,7623,7854,8166,8660,9391,9462,9691],[5.117993812416755,4.137164559405029,5.523458920524919,3.914021008090819,2.8844015909096608,0.6636465161632473,4.270695952029551,0.691153161953081,0.6871770135734415,5.117993812416755,4.137164559405029,3.7316994512968646,4.137164559405029,3.7316994512968646,4.137164559405029,3.914021008090819,0.691153161953081,4.270695952029551])",1.0
R122,"['medical', 'term', 'sure', 'morning', 'wall', 'final', 'responsibility', 'realize.', 'consumer', 'little', 'forward', 'staff.', 'party', 'plan', 'prevent', 'ball', 'congress.', 'experts', 'discuss', 'ongoing', 'developments', 'economic', 'growth.']","(10000,[1379,1590,1653,1821,2188,2513,2710,3160,3252,3502,3614,4506,4687,6123,6404,7492,8268,8411,9034,9073,9144,9462,9475],[4.270695952029551,4.137164559405029,3.914021008090819,4.137164559405029,4.42484663185681,4.270695952029551,4.830311739964974,3.914021008090819,4.42484663185681,4.42484663185681,0.6636465161632473,0.691153161953081,0.6871770135734415,4.42484663185681,3.8187108282864943,4.137164559405029,3.577548771469606,3.577548771469606,2.8844015909096608,4.830311739964974,2.7200985396183848,0.691153161953081,4.137164559405029])",1.0
F189,"['response', 'unit', 'low', 'play', 'concern', 'bag', 'heart.', 'health', 'present', 'stage', 'fear.', 'teacher', 'camera', 'information', 'east', 'wife', 'stage.', '—', 'shocking', 'claims', 'immortal', 'jellyfish', 'surface', 'internet.']","(10000,[30,415,503,691,1650,1968,2066,2173,2445,3021,5850,6335,6576,6643,7281,7615,7936,8130,8190,8338,8411,8708,8805,9876],[4.137164559405029,4.019381523748645,0.691153161953081,4.830311739964974,4.42484663185681,3.914021008090819,2.7508701982851385,4.270695952029551,4.019381523748645,4.270695952029551,0.691153161953081,3.7316994512968646,4.137164559405029,5.117993812416755,0.6792718340663283,5.523458920524919,0.691153161953081,3.914021008090819,3.577548771469606,0.691153161953081,3.577548771469606,4.270695952029551,3.8187108282864943,2.7508701982851385])",0.0
R146,"['growth', 'responsibility', 'learn', 'congress.', 'think', 'thousand', 'right', 'executive', 'alone.', 'experts', 'discuss', 'ongoing', 'developments', 'technology', 'breakthrough.']","(10000,[320,1020,1790,2227,2335,2513,3502,3614,4506,4687,5967,6798,9462,9925,9966],[4.270695952029551,2.503034034380557,3.914021008090819,2.7200985396183848,4.019381523748645,4.270695952029551,4.42484663185681,0.6636465161632473,0.691153161953081,0.6871770135734415,3.8187108282864943,3.3262343431887,0.691153161953081,4.830311739964974,4.270695952029551])",1.0
R022,"['lead', 'southern.', 'town', 'speech', 'campaign', 'food', 'often', 'field', 'instead.', 'experts', 'discuss', 'ongoing', 'developments', 'climate', 'change.']","(10000,[7,502,821,1417,1955,2059,3614,4506,4687,4715,5356,6675,7074,8653,9462],[4.270695952029551,4.137164559405029,2.849310271098391,4.137164559405029,5.117993812416755,2.579019941358479,0.6636465161632473,0.691153161953081,0.6871770135734415,4.270695952029551,4.270695952029551,3.7316994512968646,3.2721671219184243,4.019381523748645,0.691153161953081])",1.0
F177,"['blue', 'change', 'middle', 'remain', 'treatment.', 'brother', 'red', 'structure', 'trip', 'small', 'father.', '—', 'shocking', 'claims', 'aliens', 'surface', 'internet.']","(10000,[52,222,291,387,503,650,2996,3143,5205,5768,5782,5850,7281,7936,8338,9132,9878],[4.137164559405029,4.019381523748645,4.270695952029551,4.270695952029551,0.691153161953081,2.958509563063383,3.914021008090819,4.830311739964974,4.137164559405029,4.137164559405029,4.270695952029551,0.691153161953081,0.6792718340663283,0.691153161953081,0.691153161953081,4.830311739964974,4.607168188650764])",0.0
F021,"['allow', 'happen', 'practice.', 'thought', 'send', 'might', 'huge', 'brother.', '—', 'shocking', 'claims', 'secret', 'cure', 'surface', 'internet.']","(10000,[55,503,2198,3567,3892,3924,4704,4835,5098,5523,5850,6747,7281,7936,8338],[4.830311739964974,0.691153161953081,4.42484663185681,5.117993812416755,2.5530444549552183,4.607168188650764,4.019381523748645,4.019381523748645,5.117993812416755,4.42484663185681,0.691153161953081,2.5530444549552183,0.6792718340663283,0.691153161953081,0.691153161953081])",0.0
R039,"['late', 'truth', 'behind.', 'experts', 'discuss', 'ongoing', 'developments', 'economic', 'growth.']","(10000,[2069,3079,3614,4506,4687,8271,9034,9144,9462],[4.270695952029551,3.8187108282864943,0.6636465161632473,0.691153161953081,0.6871770135734415,5.117993812416755,2.8844015909096608,2.7200985396183848,0.691153161953081])",1.0
F061,"['anyone', 'security', 'attention', 'society.', 'enter', 'eat', 'detail', 'purpose', 'really', 'democrat.', '—', 'shocking', 'claims', 'miracle', 'drug', 'surface', 'internet.']","(10000,[503,666,1143,1256,2634,3144,4112,5248,5850,7276,7281,7435,7860,7936,8089,8338,9924],[0.691153161953081,4.137164559405029,4.607168188650764,3.125563647726549,3.7316994512968646,4.137164559405029,4.019381523748645,5.117993812416755,0.691153161953081,4.137164559405029,0.6792718340663283,4.270695952029551,2.958509563063383,0.691153161953081,4.270695952029551,0.691153161953081,5.117993812416755])",0.0
R057,"['say', 'far', 'evidence', 'decade', 'dinner', 'teach', 'unit.', 'debate', 'bag', 'difference', 'person', 'ahead', 'strong', 'others', 'enjoy.', 'experts', 'discuss', 'ongoing', 'developments', 'technology', 'breakthrough.']","(10000,[415,1020,2054,2227,2240,2471,3249,3614,4158,4506,4687,5862,6030,6355,6847,6940,7866,8268,8276,8522,9462],[4.019381523748645,2.503034034380557,4.830311739964974,2.7200985396183848,3.914021008090819,4.607168188650764,3.4440173788450834,0.6636465161632473,3.6516567436233283,0.691153161953081,0.6871770135734415,4.270695952029551,3.577548771469606,4.607168188650764,5.117993812416755,5.117993812416755,4.42484663185681,3.577548771469606,4.42484663185681,4.137164559405029,0.691153161953081])",1.0
F154,"['brother', 'wide', 'technology', 'firm.', 'prepare', 'american', 'suffer', 'sure', 'behavior', 'turn.', 'class', 'dog', 'region', 'color', 'hospital.', '—', 'shocking', 'claims', 'immortal', 'jellyfish', 'surface', 'internet.']","(10000,[291,503,735,934,1020,1821,2066,2286,2551,2836,3334,4007,5850,6135,7281,7652,7936,8159,8338,9564,9832,9876],[4.270695952029551,0.691153161953081,3.8187108282864943,4.607168188650764,2.503034034380557,4.137164559405029,2.7508701982851385,4.270695952029551,4.607168188650764,3.8187108282864943,4.270695952029551,4.019381523748645,0.691153161953081,4.42484663185681,0.6792718340663283,3.8187108282864943,0.691153161953081,3.4440173788450834,0.691153161953081,4.830311739964974,4.137164559405029,2.7508701982851385])",0.0
F052,"['week', 'total', 'consumer', 'none', 'participant', 'analysis', 'thing.', 'put', 'cause', 'avoid', 'difference', 'finish', 'order', 'individual.', '—', 'shocking', 'claims', 'mind', 'control', 'surface', 'internet.']","(10000,[316,503,1208,1226,1296,1388,2735,3184,3188,5122,5396,5850,6279,6578,7281,7866,7936,8338,8871,9475,9831],[3.914021008090819,0.691153161953081,2.849310271098391,4.42484663185681,4.42484663185681,3.7316994512968646,4.830311739964974,2.8844015909096608,5.117993812416755,4.42484663185681,4.607168188650764,0.691153161953081,3.7316994512968646,4.270695952029551,0.6792718340663283,4.42484663185681,0.691153161953081,0.691153161953081,4.607168188650764,4.137164559405029,4.019381523748645])",0.0
F124,"['space', 'memory', 'country', 'factor', 'throw', 'window.', 'bar', 'blue', 'new.', 'sign', 'learn', 'trouble', 'pattern', 'impact.', '—', 'shocking', 'claims', 'flat', 'earth', 'surface', 'internet.']","(10000,[503,617,619,2909,2918,5324,5768,5850,5967,6280,6756,6941,7281,7332,7870,7936,8325,8338,9188,9561,9676],[0.691153161953081,3.914021008090819,4.830311739964974,4.42484663185681,3.0385522707369192,5.117993812416755,4.137164559405029,0.691153161953081,3.8187108282864943,5.117993812416755,3.383392757028649,4.019381523748645,0.6792718340663283,4.270695952029551,4.137164559405029,0.691153161953081,4.270695952029551,0.691153161953081,4.42484663185681,3.914021008090819,3.0385522707369192])",0.0
R071,"['manage', 'decade', 'enter', 'two.', 'meeting', 'camera', 'skill.', 'century', 'several', 'strategy', 'receive', 'voice', 'ground.', 'experts', 'discuss', 'ongoing', 'developments', 'budget', 'report.']","(10000,[20,141,1650,2291,3530,3614,4506,4617,4687,4991,5432,6030,6241,7435,7841,7883,8678,9227,9462],[4.270695952029551,4.607168188650764,4.42484663185681,3.914021008090819,3.8187108282864943,0.6636465161632473,0.691153161953081,4.607168188650764,0.6871770135734415,2.60568818844064,2.661258039595451,3.577548771469606,5.523458920524919,4.270695952029551,3.914021008090819,4.607168188650764,4.830311739964974,4.270695952029551,0.691153161953081])",1.0
R152,"['full', 'design', 'consider', 'school', 'table.', 'cost', 'even', 'ground', 'hear', 'two', 'expert.', 'factor', 'technology', 'eat', 'teach', 'save', 'issue', 'throw', 'particular.', 'experts', 'discuss', 'ongoing', 'developments', 'budget', 'report.']","(10000,[312,1020,1510,2679,3614,3922,4490,4506,4520,4687,4728,4842,4991,5432,6404,6406,6487,6616,7276,8325,8522,8633,8897,9462,9561],[3.8187108282864943,2.503034034380557,5.117993812416755,3.914021008090819,0.6636465161632473,4.270695952029551,3.5085558999826545,0.691153161953081,4.607168188650764,0.6871770135734415,3.8187108282864943,3.8187108282864943,2.60568818844064,2.661258039595451,3.8187108282864943,4.42484663185681,3.383392757028649,4.019381523748645,4.137164559405029,4.270695952029551,4.137164559405029,4.607168188650764,4.830311739964974,0.691153161953081,3.914021008090819])",1.0
F038,"['movie', 'science', 'protect', 'late', 'memory', 'keep', 'per.', '—', 'shocking', 'claims', 'mind', 'control', 'surface', 'internet.']","(10000,[503,1208,1236,1439,3079,3184,3363,5850,6941,7235,7281,7936,8338,9594],[0.691153161953081,2.849310271098391,4.830311739964974,3.914021008090819,3.8187108282864943,2.8844015909096608,4.42484663185681,0.691153161953081,4.019381523748645,4.270695952029551,0.6792718340663283,0.691153161953081,0.691153161953081,3.7316994512968646])",0.0
F101,"['design', 'oil', 'specific', 'test', 'second', 'book.', 'occur', 'better', 'early', 'whose', 'culture.', 'report', 'true', 'cut', 'finally', 'set', 'next.', '—', 'shocking', 'claims', 'immortal', 'jellyfish', 'surface', 'internet.']","(10000,[503,1206,1817,1921,2059,2066,2543,3226,3922,4092,5342,5703,5844,5850,6035,6505,6586,7188,7281,7936,8338,9256,9539,9876],[0.691153161953081,4.270695952029551,4.607168188650764,4.42484663185681,2.579019941358479,2.7508701982851385,3.8187108282864943,4.830311739964974,4.270695952029551,4.42484663185681,4.270695952029551,4.830311739964974,4.270695952029551,0.691153161953081,3.914021008090819,4.607168188650764,4.42484663185681,4.270695952029551,0.6792718340663283,0.691153161953081,0.691153161953081,4.607168188650764,4.019381523748645,2.7508701982851385])",0.0
F203,"['agency', 'paper', 'run', 'run', 'within', 'past.', 'white', 'really', 'value', 'arm.', '—', 'shocking', 'claims', 'celebrity', 'scandal', 'surface', 'internet.']","(10000,[266,503,765,3308,3486,4112,4921,5843,5850,7281,7403,7936,8338,8497,8690,9817],[8.274329118810059,0.691153161953081,4.019381523748645,5.523458920524919,2.849310271098391,4.019381523748645,2.849310271098391,3.7316994512968646,0.691153161953081,0.6792718340663283,4.270695952029551,0.691153161953081,0.691153161953081,5.117993812416755,4.019381523748645,3.5085558999826545])",0.0
F192,"['step', 'appear', 'behavior', 'produce.', 'everyone', 'sure', 'organization', 'never.', 'away', 'blood', 'resource', 'anything.', '—', 'shocking', 'claims', 'government', 'cover-up', 'surface', 'internet.']","(10000,[503,735,1364,1558,1670,1821,2259,2359,3737,5850,7040,7281,7751,7936,8182,8338,8893,9813,9927],[0.691153161953081,3.8187108282864943,3.914021008090819,4.137164559405029,4.42484663185681,4.137164559405029,2.849310271098391,3.914021008090819,4.270695952029551,0.691153161953081,5.523458920524919,0.6792718340663283,4.607168188650764,0.691153161953081,4.42484663185681,0.691153161953081,4.270695952029551,2.997730276216664,5.523458920524919])",0.0
R189,"['kid', 'wrong', 'effort', 'south.', 'experts', 'discuss', 'ongoing', 'developments', 'climate', 'change.']","(10000,[821,2059,3614,3723,4506,4640,4687,5726,6512,9462],[2.849310271098391,2.579019941358479,0.6636465161632473,4.137164559405029,0.691153161953081,4.270695952029551,0.6871770135734415,4.607168188650764,4.019381523748645,0.691153161953081])",1.0
R098,"['never', 'none', 'population', 'bag.', 'carry', 'money', 'charge', 'professor.', 'almost', 'whether', 'apply', 'wrong', 'role', 'argue', 'method.', 'experts', 'discuss', 'ongoing', 'developments', 'election.']","(10000,[281,454,3180,3350,3406,3556,3614,3730,4506,4687,5891,6103,6512,6812,7312,8463,8566,9258,9462,9831],[4.270695952029551,3.5085558999826545,4.42484663185681,4.137164559405029,4.42484663185681,2.8844015909096608,0.6636465161632473,4.830311739964974,0.691153161953081,0.6871770135734415,4.019381523748645,4.607168188650764,4.019381523748645,3.7316994512968646,4.270695952029551,5.117993812416755,3.914021008090819,4.137164559405029,0.691153161953081,4.019381523748645])",1.0
R149,"['appear', 'stage', 'upon', 'stuff', 'consider', 'call.', 'heart', 'yeah', 'third', 'left.', 'maybe', 'defense', 'public', 'ten.', 'experts', 'discuss', 'ongoing', 'developments', 'economic', 'growth.']","(10000,[30,312,1770,3244,3249,3543,3614,4506,4687,4818,5134,6735,7722,8182,8771,9034,9144,9415,9462,9808],[4.137164559405029,3.8187108282864943,2.849310271098391,4.830311739964974,3.4440173788450834,3.914021008090819,0.6636465161632473,0.691153161953081,0.6871770135734415,4.830311739964974,5.117993812416755,4.019381523748645,4.019381523748645,4.42484663185681,3.8187108282864943,2.8844015909096608,2.7200985396183848,5.117993812416755,0.691153161953081,3.914021008090819])",1.0
R046,"['play', 'body', 'much', 'pressure', 'wish', 'strong.', 'every', 'old', 'network', 'especially.', 'mention', 'use', 'black.', 'experts', 'discuss', 'ongoing', 'developments', 'education.']","(10000,[278,495,524,841,1770,2173,2611,2907,3614,4506,4687,5047,5133,5661,7083,9152,9462,9681],[4.830311739964974,3.8187108282864943,3.5085558999826545,4.607168188650764,2.849310271098391,4.270695952029551,5.117993812416755,4.42484663185681,0.6636465161632473,0.691153161953081,0.6871770135734415,2.60568818844064,4.137164559405029,3.914021008090819,3.7316994512968646,4.270695952029551,0.691153161953081,4.137164559405029])",1.0
F055,"['pick', 'continue', 'guy.', 'sea', 'story', 'discuss', 'high', 'per.', '—', 'shocking', 'claims', 'hoax', 'surface', 'internet.']","(10000,[503,743,1236,2116,3614,4377,4775,5850,6855,7281,7372,7936,8338,9617],[0.691153161953081,4.42484663185681,4.830311739964974,3.7316994512968646,0.6636465161632473,2.60568818844064,5.117993812416755,0.691153161953081,4.019381523748645,0.6792718340663283,4.137164559405029,0.691153161953081,0.691153161953081,4.42484663185681])",0.0
F159,"['benefit', 'player', 'year', 'even', 'concern', 'add.', 'television', 'reason', 'degree.', '—', 'shocking', 'claims', 'flat', 'earth', 'surface', 'internet.']","(10000,[503,1968,2918,2944,4928,5653,5850,6406,6604,7281,7936,8338,8344,8713,8899,9676],[0.691153161953081,3.914021008090819,3.0385522707369192,4.137164559405029,4.830311739964974,3.914021008090819,0.691153161953081,4.42484663185681,4.019381523748645,0.6792718340663283,0.691153161953081,0.691153161953081,3.914021008090819,5.117993812416755,4.019381523748645,3.0385522707369192])",0.0
F083,"['something', 'general', 'family', 'reduce', 'material', 'population', 'order', 'health.', 'keep', 'focus', 'support', 'every', 'degree.', 'reality', 'win', 'relationship', 'charge', 'paper.', '—', 'shocking', 'claims', 'secret', 'cure', 'surface', 'internet.']","(10000,[503,680,1226,2398,3231,3892,3931,4260,4928,5465,5850,6219,6747,6812,7281,7936,8159,8217,8297,8338,9258,9594,9681,9766,9826],[0.691153161953081,4.137164559405029,4.42484663185681,4.42484663185681,4.019381523748645,2.5530444549552183,4.137164559405029,5.117993812416755,4.830311739964974,4.137164559405029,0.691153161953081,3.0385522707369192,2.5530444549552183,3.7316994512968646,0.6792718340663283,0.691153161953081,3.4440173788450834,4.607168188650764,5.523458920524919,0.691153161953081,4.137164559405029,3.7316994512968646,4.137164559405029,5.117993812416755,4.137164559405029])",0.0
R109,"['pull', 'plant', 'building', 'within.', 'create', 'game', 'send', 'across', 'speech', 'product', 'wrong', 'accept.', 'reality', 'certainly', 'many', 'nearly', 'radio', 'economic.', 'something', 'standard', 'president', 'wide', 'difficult', 'base.', 'experts', 'discuss', 'ongoing', 'developments', 'education.']","(10000,[447,502,673,680,1306,1352,1404,1712,2007,2836,2866,2967,3614,4295,4506,4687,5047,5188,5523,5852,6512,6597,6838,7074,7244,8975,9086,9462,9826],[4.270695952029551,4.137164559405029,4.607168188650764,4.137164559405029,4.830311739964974,4.830311739964974,4.607168188650764,4.42484663185681,4.42484663185681,3.8187108282864943,3.6516567436233283,4.019381523748645,0.6636465161632473,5.523458920524919,0.691153161953081,0.6871770135734415,2.60568818844064,4.42484663185681,4.42484663185681,4.830311739964974,4.019381523748645,4.830311739964974,4.830311739964974,3.2721671219184243,3.5085558999826545,4.42484663185681,4.42484663185681,0.691153161953081,4.137164559405029])",1.0
R102,"['character', 'thousand', 'rule', 'church', 'shake', 'strong.', 'run', 'shoulder', 'attention', 'seek', 'scene', 'president.', 'experts', 'discuss', 'ongoing', 'developments', 'climate', 'change.']","(10000,[171,266,278,343,821,1273,2059,2180,3144,3614,4506,4687,4867,5374,5844,6756,6798,9462],[4.019381523748645,4.137164559405029,4.830311739964974,4.607168188650764,2.849310271098391,3.4440173788450834,2.579019941358479,5.523458920524919,4.137164559405029,0.6636465161632473,0.691153161953081,0.6871770135734415,4.019381523748645,4.42484663185681,4.270695952029551,3.383392757028649,3.3262343431887,0.691153161953081])",1.0
R060,"['rather', 'mouth', 'water', 'listen.', 'group', 'pass', 'research', 'effect', 'avoid', 'glass', 'middle.', 'experts', 'discuss', 'ongoing', 'developments', 'election.']","(10000,[1388,2589,2826,2837,3556,3614,4506,4687,6069,6324,6932,7497,7766,8392,9432,9462],[3.7316994512968646,3.6516567436233283,4.830311739964974,3.8187108282864943,2.8844015909096608,0.6636465161632473,0.691153161953081,0.6871770135734415,3.914021008090819,3.8187108282864943,4.019381523748645,4.830311739964974,4.42484663185681,4.019381523748645,3.8187108282864943,0.691153161953081])",1.0
F085,"['guess', 'first', 'student', 'room.', 'often', 'believe', 'level', 'science.', '—', 'shocking', 'claims', 'secret', 'cure', 'surface', 'internet.']","(10000,[7,503,533,1499,2366,3334,3536,3892,5850,6403,6747,7281,7936,8338,8660],[4.270695952029551,0.691153161953081,4.607168188650764,3.4440173788450834,3.914021008090819,4.270695952029551,4.270695952029551,2.5530444549552183,0.691153161953081,3.6516567436233283,2.5530444549552183,0.6792718340663283,0.691153161953081,0.691153161953081,4.137164559405029])",0.0
F188,"['policy', 'improve', 'adult', 'least.', 'mrs', 'audience', 'simply', 'audience', 'somebody.', 'pattern', 'yard', 'happy', 'may.', 'environmental', 'sell', 'side', 'write', 'expert', 'summer.', '—', 'shocking', 'claims', 'hoax', 'surface', 'internet.']","(10000,[72,424,503,617,914,1312,1642,2191,2408,3163,4142,4377,4485,5347,5445,5850,6027,6572,7281,7936,8338,8741,9751,9781],[4.137164559405029,4.607168188650764,0.691153161953081,3.914021008090819,4.42484663185681,8.541391904059102,4.019381523748645,4.830311739964974,4.019381523748645,5.523458920524919,4.607168188650764,2.60568818844064,3.914021008090819,4.019381523748645,4.607168188650764,0.691153161953081,5.117993812416755,5.117993812416755,0.6792718340663283,0.691153161953081,0.691153161953081,5.117993812416755,3.914021008090819,4.137164559405029])",0.0
F131,"['ago.', 'stuff', 'nearly', 'raise.', 'career', 'recent', 'simple', 'onto', 'consumer', 'education.', 'practice', 'chance', 'situation', 'begin', 'least', 'suddenly', 'four.', '—', 'shocking', 'claims', 'hoax', 'surface', 'internet.']","(10000,[346,503,1513,1634,2866,2913,3136,4280,4319,4377,4930,5047,5591,5850,7281,7593,7722,7936,7939,7960,8338,8581,9475],[4.019381523748645,0.691153161953081,3.8187108282864943,4.42484663185681,3.6516567436233283,3.383392757028649,4.137164559405029,3.914021008090819,3.7316994512968646,2.60568818844064,3.8187108282864943,2.60568818844064,3.7316994512968646,0.691153161953081,0.6792718340663283,5.117993812416755,4.019381523748645,0.691153161953081,3.6516567436233283,5.523458920524919,0.691153161953081,4.42484663185681,4.137164559405029])",0.0
R202,"['become', 'already', 'none.', 'movie', 'decade', 'performance', 'think', 'approach.', 'friend', 'light', 'organization', 'remember', 'growth.', 'experts', 'discuss', 'ongoing', 'developments', 'public', 'health.']","(10000,[488,594,1364,1439,1720,1770,2335,3614,4506,4687,5685,5760,6030,6219,6434,7090,9034,9351,9462],[4.607168188650764,4.830311739964974,3.914021008090819,3.914021008090819,4.137164559405029,2.849310271098391,4.019381523748645,0.6636465161632473,0.691153161953081,0.6871770135734415,4.42484663185681,5.117993812416755,3.577548771469606,3.0385522707369192,5.523458920524919,4.830311739964974,2.8844015909096608,4.607168188650764,0.691153161953081])",1.0
F111,"['run', 'assume', 'board.', 'cost', 'wind', 'room', 'risk.', '—', 'shocking', 'claims', 'celebrity', 'scandal', 'surface', 'internet.']","(10000,[266,494,503,2558,2664,3486,4490,4921,5305,5850,6711,7281,7936,8338],[4.137164559405029,4.42484663185681,0.691153161953081,4.019381523748645,3.8187108282864943,2.849310271098391,3.5085558999826545,2.849310271098391,4.607168188650764,0.691153161953081,4.830311739964974,0.6792718340663283,0.691153161953081,0.691153161953081])",0.0
R151,"['thousand', 'coach', 'risk', 'source', 'allow', 'value.', 'partner', 'goal', 'parent', 'not.', 'among', 'newspaper', 'region', 'think', 'major', 'huge', 'realize.', 'republican', 'page', 'something', 'spend', 'word', 'song', 'local.', 'experts', 'discuss', 'ongoing', 'developments', 'policy.']","(10000,[116,353,490,1058,2198,2335,2710,2827,3238,3514,3519,3614,4506,4616,4687,4835,5089,6798,6944,7350,7362,7721,8159,8794,9121,9325,9462,9826,9932],[3.8187108282864943,3.914021008090819,4.607168188650764,4.137164559405029,4.42484663185681,4.019381523748645,4.830311739964974,4.019381523748645,4.137164559405029,4.019381523748645,5.117993812416755,0.6636465161632473,0.691153161953081,4.270695952029551,0.6871770135734415,4.019381523748645,4.270695952029551,3.3262343431887,2.7200985396183848,4.270695952029551,4.42484663185681,4.137164559405029,3.4440173788450834,4.830311739964974,4.830311739964974,4.830311739964974,0.691153161953081,4.137164559405029,4.019381523748645])",1.0
F058,"['seek', 'travel', 'admit', 'carry', 'possible', 'agent.', 'consider', 'shoulder', 'born', 'service', 'economic.', '—', 'shocking', 'claims', 'government', 'cover-up', 'surface', 'internet.']","(10000,[171,312,454,503,2007,2252,2259,5850,6100,6756,7281,7936,8012,8338,8681,8714,9545,9813],[4.019381523748645,3.8187108282864943,3.5085558999826545,0.691153161953081,4.42484663185681,4.42484663185681,2.849310271098391,0.691153161953081,4.137164559405029,3.383392757028649,0.6792718340663283,0.691153161953081,5.523458920524919,0.691153161953081,4.019381523748645,4.607168188650764,4.42484663185681,2.997730276216664])",0.0
R164,"['spring', 'site', 'congress.', 'political', 'forward', 'hear', 'apply', 'thank', 'service.', 'single', 'weight', 'service', 'tonight', 'prepare.', 'experts', 'discuss', 'ongoing', 'developments', 'education.']","(10000,[1644,1687,2252,2513,3386,3389,3614,3935,4221,4506,4687,4842,5047,5891,7312,7889,8004,8411,9462],[4.019381523748645,4.137164559405029,4.42484663185681,4.270695952029551,5.117993812416755,4.019381523748645,0.6636465161632473,3.8187108282864943,5.523458920524919,0.691153161953081,0.6871770135734415,3.8187108282864943,2.60568818844064,4.019381523748645,4.270695952029551,3.914021008090819,3.6516567436233283,3.577548771469606,0.691153161953081])",1.0
F242,"['agency', 'manage.', 'bag', 'young', 'similar', 'talk', 'add.', '—', 'shocking', 'claims', 'celebrity', 'scandal', 'surface', 'internet.']","(10000,[415,503,765,2483,3486,4921,5850,7046,7281,7809,7936,8338,8344,8925],[4.019381523748645,0.691153161953081,4.019381523748645,5.117993812416755,2.849310271098391,2.849310271098391,0.691153161953081,4.019381523748645,0.6792718340663283,4.137164559405029,0.691153161953081,0.691153161953081,3.914021008090819,4.019381523748645])",0.0
F064,"['institution', 'information', 'society', 'sell.', 'owner', 'important', 'subject.', '—', 'shocking', 'claims', 'mind', 'control', 'surface', 'internet.']","(10000,[327,503,1208,1310,1967,3184,3243,5850,6053,7281,7936,8190,8338,9189],[4.137164559405029,0.691153161953081,2.849310271098391,5.117993812416755,4.607168188650764,2.8844015909096608,4.607168188650764,0.691153161953081,3.3262343431887,0.6792718340663283,0.691153161953081,3.577548771469606,0.691153161953081,3.6516567436233283])",0.0
R228,"['art', 'professor', 'option', 'coach', 'positive.', 'late', 'use', 'plant', 'among', 'officer', 'customer.', 'experts', 'discuss', 'ongoing', 'developments', 'education.']","(10000,[696,2543,3079,3514,3614,4506,4687,5047,5133,6714,7244,7362,7801,7854,9462,9613],[4.019381523748645,3.8187108282864943,3.8187108282864943,4.019381523748645,0.6636465161632473,0.691153161953081,0.6871770135734415,2.60568818844064,4.137164559405029,5.117993812416755,3.5085558999826545,4.42484663185681,4.42484663185681,4.137164559405029,0.691153161953081,4.607168188650764])",1.0
R210,"['short', 'number', 'upon', 'price.', 'local', 'agreement', 'raise', 'present', 'congress.', 'already', 'everyone', 'explain', 'letter', 'player', 'list.', 'experts', 'discuss', 'ongoing', 'developments', 'economic', 'growth.']","(10000,[26,228,564,594,1262,2513,3527,3614,4506,4687,5341,6604,6735,8130,8413,8519,8893,8961,9034,9144,9462],[5.117993812416755,3.7316994512968646,3.914021008090819,4.830311739964974,4.42484663185681,4.270695952029551,4.019381523748645,0.6636465161632473,0.691153161953081,0.6871770135734415,4.270695952029551,4.019381523748645,4.019381523748645,3.914021008090819,3.2721671219184243,4.137164559405029,4.270695952029551,5.523458920524919,2.8844015909096608,2.7200985396183848,0.691153161953081])",1.0
R156,"['history', 'share', 'total', 'away', 'relationship.', 'language', 'discussion', 'design', 'defense', 'arm', 'agree', 'star.', 'structure', 'whether.', 'experts', 'discuss', 'ongoing', 'developments', 'policy.']","(10000,[1320,1716,2996,3543,3614,3737,3922,3947,3984,4506,4687,5315,6097,6279,6543,6547,6925,6944,9462],[4.607168188650764,4.270695952029551,3.914021008090819,3.914021008090819,0.6636465161632473,4.270695952029551,4.270695952029551,4.607168188650764,3.8187108282864943,0.691153161953081,0.6871770135734415,4.270695952029551,5.117993812416755,3.7316994512968646,3.914021008090819,5.117993812416755,4.42484663185681,2.7200985396183848,0.691153161953081])",1.0
R192,"['medical', 'degree', 'find.', 'number', 'young', 'life', 'actually', 'almost', 'thus', 'follow', 'the.', 'experts', 'discuss', 'ongoing', 'developments', 'climate', 'change.']","(10000,[821,2059,2260,3477,3614,4506,4687,5684,6447,7359,7809,8268,8519,8566,9367,9462,9943],[2.849310271098391,2.579019941358479,5.523458920524919,3.914021008090819,0.6636465161632473,0.691153161953081,0.6871770135734415,4.270695952029551,4.830311739964974,4.830311739964974,4.137164559405029,3.577548771469606,4.137164559405029,3.914021008090819,3.914021008090819,0.691153161953081,4.830311739964974])",1.0
F102,"['shoulder', 'doctor', 'class', 'hot', 'beautiful', 'thing.', 'huge', 'early', 'control.', '—', 'shocking', 'claims', 'government', 'cover-up', 'surface', 'internet.']","(10000,[503,777,1273,2198,2259,2735,4007,4092,5850,6756,7281,7726,7936,8338,9693,9813],[0.691153161953081,4.019381523748645,3.4440173788450834,4.42484663185681,2.849310271098391,4.830311739964974,4.019381523748645,4.42484663185681,0.691153161953081,3.383392757028649,0.6792718340663283,5.523458920524919,0.691153161953081,0.691153161953081,4.42484663185681,2.997730276216664])",0.0
R237,"['note', 'specific', 'training', 'artist', 'law', 'return.', 'provide', 'reason', 'human', 'point.', 'experts', 'discuss', 'ongoing', 'developments', 'election.']","(10000,[454,2059,2944,3556,3614,3979,4506,4687,5946,7538,8303,8684,8931,9462,9909],[3.5085558999826545,2.579019941358479,4.137164559405029,2.8844015909096608,0.6636465161632473,3.914021008090819,0.691153161953081,0.6871770135734415,4.270695952029551,4.607168188650764,4.270695952029551,4.607168188650764,4.607168188650764,0.691153161953081,3.914021008090819])",1.0
F015,"['size', 'tough', 'carry', 'recent', 'eat', 'seek.', 'read', 'southern', 'lay', 'various.', 'science', 'fine', 'seem', 'cause', 'arm', 'everybody', 'bill.', '—', 'shocking', 'claims', 'immortal', 'jellyfish', 'surface', 'internet.']","(10000,[316,454,503,2066,2561,2588,2922,3192,3204,3363,3743,3984,4475,5447,5591,5850,6431,6584,7276,7281,7650,7936,8338,9876],[3.914021008090819,3.5085558999826545,0.691153161953081,2.7508701982851385,4.137164559405029,4.270695952029551,5.117993812416755,4.137164559405029,4.830311739964974,4.42484663185681,4.42484663185681,3.8187108282864943,4.137164559405029,3.6516567436233283,3.7316994512968646,0.691153161953081,4.019381523748645,4.830311739964974,4.137164559405029,0.6792718340663283,4.019381523748645,0.691153161953081,0.691153161953081,2.7508701982851385])",0.0
F020,"['opportunity', 'small', 'hot', 'never', 'set', 'finally.', 'choose', 'area', 'establish', 'hair', 'sometimes.', '—', 'shocking', 'claims', 'celebrity', 'scandal', 'surface', 'internet.']","(10000,[222,281,503,1144,1619,2923,3486,4921,5342,5649,5850,6976,7281,7664,7936,8338,9693,9706],[4.019381523748645,4.270695952029551,0.691153161953081,5.523458920524919,5.117993812416755,3.914021008090819,2.849310271098391,2.849310271098391,4.270695952029551,4.270695952029551,0.691153161953081,4.137164559405029,0.6792718340663283,4.607168188650764,0.691153161953081,0.691153161953081,4.42484663185681,4.137164559405029])",0.0
R083,"['let', 'force', 'participant.', 'send', 'unit', 'generation', 'build', 'report.', 'soldier', 'eight', 'nor.', 'experts', 'discuss', 'ongoing', 'developments', 'election.']","(10000,[391,1762,3014,3556,3614,4141,4506,4687,5432,5523,6335,6963,8267,8439,8482,9462],[4.607168188650764,3.914021008090819,4.019381523748645,2.8844015909096608,0.6636465161632473,4.270695952029551,0.691153161953081,0.6871770135734415,2.661258039595451,4.42484663185681,3.7316994512968646,4.137164559405029,3.7316994512968646,5.117993812416755,5.117993812416755,0.691153161953081])",1.0
F035,"['like', 'themselves.', 'discuss', 'fast', 'tv', 'say', 'decade', 'local.', 'common', 'apply', 'appear', 'candidate', 'sure', 'lot.', 'coach', 'politics', 'hair', 'along.', '—', 'shocking', 'claims', 'hoax', 'surface', 'internet.']","(10000,[503,1766,1821,3330,3514,3614,4358,4377,4547,5850,5853,5862,5887,6030,6332,7281,7312,7664,7936,8182,8338,8544,9263,9325],[0.691153161953081,4.830311739964974,4.137164559405029,4.270695952029551,4.019381523748645,0.6636465161632473,4.42484663185681,2.60568818844064,4.270695952029551,0.691153161953081,5.117993812416755,4.270695952029551,4.270695952029551,3.577548771469606,4.019381523748645,0.6792718340663283,4.270695952029551,4.607168188650764,0.691153161953081,4.42484663185681,0.691153161953081,4.830311739964974,4.137164559405029,4.830311739964974])",0.0
R082,"['partner', 'wish', 'near', 'kid', 'view', 'real', 'drug', 'star.', 'rate', 'high', 'program', 'radio', 'reach', 'value', 'community', 'well.', 'experts', 'discuss', 'ongoing', 'developments', 'budget', 'report.']","(10000,[116,253,495,573,2116,3614,3723,4506,4687,4991,5432,5974,6097,7293,7403,7860,8174,8386,8833,9086,9462,9691],[3.8187108282864943,4.830311739964974,3.8187108282864943,4.607168188650764,3.7316994512968646,0.6636465161632473,4.137164559405029,0.691153161953081,0.6871770135734415,2.60568818844064,2.661258039595451,3.8187108282864943,5.117993812416755,5.117993812416755,4.270695952029551,2.958509563063383,4.42484663185681,4.019381523748645,5.117993812416755,4.42484663185681,0.691153161953081,4.270695952029551])",1.0
F114,"['south', 'rest', 'certain', 'likely', 'her.', 'think', 'speech', 'everything', 'sign', 'authority', 'peace', 'report.', '—', 'shocking', 'claims', 'mind', 'control', 'surface', 'internet.']","(10000,[309,502,503,1176,1208,2335,2708,3184,4816,5432,5850,6697,6756,7281,7748,7936,8338,9156,9288],[4.270695952029551,4.137164559405029,0.691153161953081,4.42484663185681,2.849310271098391,4.019381523748645,3.8187108282864943,2.8844015909096608,3.7316994512968646,2.661258039595451,0.691153161953081,4.137164559405029,3.383392757028649,0.6792718340663283,5.117993812416755,0.691153161953081,0.691153161953081,4.019381523748645,4.607168188650764])",0.0
F179,"['raise', 'deal', 'together', 'style', 'officer', 'push', 'side', 'practice.', 'coach', 'old', 'doctor', 'kind.', 'animal', 'field', 'court.', '—', 'shocking', 'claims', 'secret', 'cure', 'surface', 'internet.']","(10000,[481,503,696,777,1433,2784,3514,3527,3567,3892,5850,5978,6747,7074,7083,7281,7360,7936,8000,8312,8338,9781],[5.523458920524919,0.691153161953081,4.019381523748645,4.019381523748645,4.42484663185681,5.117993812416755,4.019381523748645,4.019381523748645,5.117993812416755,2.5530444549552183,0.691153161953081,4.270695952029551,2.5530444549552183,3.2721671219184243,3.7316994512968646,0.6792718340663283,3.7316994512968646,0.691153161953081,4.137164559405029,4.019381523748645,0.691153161953081,4.137164559405029])",0.0
F026,"['follow', 'event', 'decade', 'effect', 'discover.', 'congress', 'bank', 'ready', 'bar.', 'throughout', 'front.', '—', 'shocking', 'claims', 'celebrity', 'scandal', 'surface', 'internet.']","(10000,[503,1811,1848,3486,4253,4921,5850,5948,6030,6324,6557,7281,7728,7936,8338,8728,8982,9367],[0.691153161953081,5.117993812416755,4.830311739964974,2.849310271098391,5.523458920524919,2.849310271098391,0.691153161953081,5.523458920524919,3.577548771469606,3.8187108282864943,4.019381523748645,0.6792718340663283,4.42484663185681,0.691153161953081,0.691153161953081,3.0811118851557153,4.42484663185681,3.914021008090819])",0.0
R217,"['possible', 'parent', 'improve', 'need', 'social', 'business.', 'experts', 'discuss', 'ongoing', 'developments', 'election.']","(10000,[823,2408,3556,3614,4506,4546,4687,6100,6537,9462,9932],[4.270695952029551,4.019381523748645,2.8844015909096608,0.6636465161632473,0.691153161953081,5.523458920524919,0.6871770135734415,4.137164559405029,4.42484663185681,0.691153161953081,4.019381523748645])",1.0
F009,"['keep', 'nothing', 'accept.', 'site', 'ball', 'account', 'deal.', 'similar', 'personal', 'within', 'someone.', '—', 'shocking', 'claims', 'celebrity', 'scandal', 'surface', 'internet.']","(10000,[503,1352,3409,3486,4292,4921,5850,5891,7046,7281,7492,7936,7939,8338,9187,9470,9594,9817],[0.691153161953081,4.830311739964974,4.607168188650764,2.849310271098391,3.7316994512968646,2.849310271098391,0.691153161953081,4.019381523748645,4.019381523748645,0.6792718340663283,4.137164559405029,0.691153161953081,3.6516567436233283,0.691153161953081,4.137164559405029,5.523458920524919,3.7316994512968646,3.5085558999826545])",0.0
F240,"['together', 'decade', 'may', 'rest', 'whatever.', 'machine', 'assume', 'treatment', 'happen', 'level', 'course.', '—', 'shocking', 'claims', 'aliens', 'surface', 'internet.']","(10000,[503,650,1499,1553,2664,2708,4499,4704,5850,6030,7281,7936,8015,8040,8312,8338,9160],[0.691153161953081,2.958509563063383,3.4440173788450834,5.117993812416755,3.8187108282864943,3.8187108282864943,5.523458920524919,4.019381523748645,0.691153161953081,3.577548771469606,0.6792718340663283,0.691153161953081,4.42484663185681,3.577548771469606,4.019381523748645,0.691153161953081,4.270695952029551])",0.0
R216,"['parent', 'hour', 'along', 'soon', 'mission', 'admit.', 'real', 'message', 'thousand', 'worker', 'south.', 'experts', 'discuss', 'ongoing', 'developments', 'research.']","(10000,[527,1041,2676,2715,2840,3614,3761,4506,4640,4687,6069,6798,7066,9462,9691,9932],[4.270695952029551,5.117993812416755,4.607168188650764,4.137164559405029,4.42484663185681,0.6636465161632473,5.523458920524919,0.691153161953081,4.270695952029551,0.6871770135734415,3.914021008090819,3.3262343431887,2.920769235080536,0.691153161953081,4.270695952029551,4.019381523748645])",1.0
F129,"['impact', 'western', 'structure', 'first', 'else', 'also', 'herself.', 'owner', 'consider', 'drive', 'leader', 'science.', 'far', 'start', 'national', 'store.', '—', 'shocking', 'claims', 'flat', 'earth', 'surface', 'internet.']","(10000,[312,503,524,1526,1972,2238,2918,2996,3334,3792,4158,5034,5850,6053,6325,6403,7281,7443,7910,7936,8338,9676],[3.8187108282864943,0.691153161953081,3.5085558999826545,5.523458920524919,3.8187108282864943,5.117993812416755,3.0385522707369192,7.828042016181638,4.270695952029551,4.42484663185681,3.6516567436233283,4.137164559405029,0.691153161953081,3.3262343431887,4.607168188650764,3.6516567436233283,0.6792718340663283,5.523458920524919,4.270695952029551,0.691153161953081,0.691153161953081,3.0385522707369192])",0.0
R197,"['film', 'approach', 'happen', 'finally', 'economy.', 'catch', 'break', 'mind', 'really', 'field', 'effect', 'live.', 'everyone', 'whose.', 'experts', 'discuss', 'ongoing', 'developments', 'education.']","(10000,[668,1817,2929,3095,3184,3614,4112,4506,4683,4687,4704,5003,5047,6324,6383,7074,7949,8893,9462],[5.117993812416755,4.607168188650764,5.523458920524919,4.607168188650764,2.8844015909096608,0.6636465161632473,4.019381523748645,0.691153161953081,5.523458920524919,0.6871770135734415,4.019381523748645,3.914021008090819,2.60568818844064,3.8187108282864943,5.523458920524919,3.2721671219184243,4.137164559405029,4.270695952029551,0.691153161953081])",1.0
F142,"['bill', 'threat', 'religious', 'it.', 'expect', 'force', 'though.', '—', 'shocking', 'claims', 'government', 'cover-up', 'surface', 'internet.']","(10000,[391,503,2259,3691,4293,5850,7281,7805,7936,8070,8135,8338,9012,9813],[4.607168188650764,0.691153161953081,2.849310271098391,4.270695952029551,4.830311739964974,0.691153161953081,0.6792718340663283,4.830311739964974,0.691153161953081,4.42484663185681,4.42484663185681,0.691153161953081,4.607168188650764,2.997730276216664])",0.0
R140,"['involve', 'question', 'impact', 'simply', 'front', 'happy', 'pm.', 'include', 'stock', 'detail', 'right', 'prevent', 'federal.', 'challenge', 'civil', 'reality', 'just.', 'experts', 'discuss', 'ongoing', 'developments', 'climate', 'change.']","(10000,[504,593,680,793,821,1143,1457,1642,1790,1972,2059,2782,2947,2953,3252,3614,4506,4687,5347,5935,6271,6486,9462],[4.830311739964974,3.7316994512968646,4.137164559405029,3.8187108282864943,2.849310271098391,4.607168188650764,5.117993812416755,4.019381523748645,3.914021008090819,3.8187108282864943,2.579019941358479,4.607168188650764,4.42484663185681,4.607168188650764,4.42484663185681,0.6636465161632473,0.691153161953081,0.6871770135734415,4.019381523748645,3.8187108282864943,4.270695952029551,5.523458920524919,0.691153161953081])",1.0
R165,"['approach', 'prevent', 'phone', 'five', 'whether', 'kid.', 'none', 'late', 'political', 'allow', 'treatment.', 'experts', 'discuss', 'ongoing', 'developments', 'budget', 'report.']","(10000,[856,1626,3079,3095,3143,3252,3406,3614,3935,4506,4687,4835,4991,5432,5974,9462,9831],[5.117993812416755,4.137164559405029,3.8187108282864943,4.607168188650764,4.830311739964974,4.42484663185681,4.42484663185681,0.6636465161632473,3.8187108282864943,0.691153161953081,0.6871770135734415,4.019381523748645,2.60568818844064,2.661258039595451,3.8187108282864943,0.691153161953081,4.019381523748645])",1.0
R139,"['yard', 'dream', 'hear', 'record', 'less', 'particularly', 'doctor.', 'possible', 'smile', 'rise', 'nothing', 'series.', 'according', 'sing', 'work', 'kitchen', 'physical', 'word.', 'experts', 'discuss', 'ongoing', 'developments', 'education.']","(10000,[424,756,1195,2366,2713,3614,4292,4347,4506,4687,4816,4842,5006,5047,6100,6443,6451,7229,7564,8649,8667,9462,9527],[4.607168188650764,4.270695952029551,4.270695952029551,3.914021008090819,4.607168188650764,0.6636465161632473,3.7316994512968646,4.270695952029551,0.691153161953081,0.6871770135734415,3.7316994512968646,3.8187108282864943,5.523458920524919,2.60568818844064,4.137164559405029,3.577548771469606,3.577548771469606,5.523458920524919,4.607168188650764,3.8187108282864943,5.117993812416755,0.691153161953081,4.137164559405029])",1.0
F232,"['bit', 'fine', 'increase', 'challenge', 'summer', 'various', 'paper', 'your.', '—', 'shocking', 'claims', 'hoax', 'surface', 'internet.']","(10000,[503,1989,4198,4377,5850,5935,6431,6647,7281,7936,7963,8338,8690,9481],[0.691153161953081,4.607168188650764,5.523458920524919,2.60568818844064,0.691153161953081,3.8187108282864943,4.019381523748645,4.270695952029551,0.6792718340663283,0.691153161953081,4.830311739964974,0.691153161953081,4.019381523748645,4.607168188650764])",0.0
F108,"['miss', 'show', 'dream', 'information', 'shoulder', 'answer', 'occur.', '—', 'shocking', 'claims', 'celebrity', 'scandal', 'surface', 'internet.']","(10000,[503,1071,2366,2516,3486,3619,4019,4921,5850,6756,7281,7936,8190,8338],[0.691153161953081,4.137164559405029,3.914021008090819,5.117993812416755,2.849310271098391,4.019381523748645,4.607168188650764,2.849310271098391,0.691153161953081,3.383392757028649,0.6792718340663283,0.691153161953081,3.577548771469606,0.691153161953081])",0.0
F167,"['car', 'fly', 'quality', 'begin', 'happy', 'threat.', '—', 'shocking', 'claims', 'celebrity', 'scandal', 'surface', 'internet.']","(10000,[503,1513,3475,3486,3506,3674,4921,5347,5850,5944,7281,7936,8338],[0.691153161953081,3.8187108282864943,4.607168188650764,2.849310271098391,4.270695952029551,4.830311739964974,2.849310271098391,4.019381523748645,0.691153161953081,4.42484663185681,0.6792718340663283,0.691153161953081,0.691153161953081])",0.0
R242,"['likely', 'several', 'church', 'work', 'season', 'turn.', 'wish', 'court', 'level', 'blue', 'college', 'important.', 'person', 'either', 'likely', 'rock', 'expert.', 'experts', 'discuss', 'ongoing', 'developments', 'research.']","(10000,[309,495,574,1273,1499,1510,2358,3065,3249,3334,3614,4506,4568,4687,5768,7066,8057,9126,9227,9462,9527],[8.541391904059102,3.8187108282864943,4.137164559405029,3.4440173788450834,3.4440173788450834,5.117993812416755,4.42484663185681,5.117993812416755,3.4440173788450834,4.270695952029551,0.6636465161632473,0.691153161953081,4.42484663185681,0.6871770135734415,4.137164559405029,2.920769235080536,4.270695952029551,4.42484663185681,4.270695952029551,0.691153161953081,4.137164559405029])",1.0
F133,"['best', 'well', 'suffer', 'song', 'small.', 'south', 'tax', 'sometimes', 'former', 'first', 'require', 'pattern', 'enough.', '—', 'shocking', 'claims', 'immortal', 'jellyfish', 'surface', 'internet.']","(10000,[157,197,503,617,763,2066,3445,4160,4816,5850,5869,6135,6403,6587,7281,7350,7936,8338,8449,9876],[3.8187108282864943,5.523458920524919,0.691153161953081,3.914021008090819,4.137164559405029,2.7508701982851385,4.830311739964974,3.8187108282864943,3.7316994512968646,0.691153161953081,4.019381523748645,4.42484663185681,3.6516567436233283,4.137164559405029,0.6792718340663283,4.270695952029551,0.691153161953081,0.691153161953081,4.607168188650764,2.7508701982851385])",0.0
F025,"['former', 'political', 'type', 'their.', 'artist', 'thing', 'officer', 'gun', 'decision', 'participant', 'town.', '—', 'shocking', 'claims', 'flat', 'earth', 'surface', 'internet.']","(10000,[503,696,2193,2918,3526,3857,3935,4108,4160,5396,5850,6278,7281,7936,8313,8338,8931,9676],[0.691153161953081,4.019381523748645,4.42484663185681,3.0385522707369192,4.607168188650764,4.019381523748645,3.8187108282864943,5.117993812416755,3.8187108282864943,4.607168188650764,0.691153161953081,5.117993812416755,0.6792718340663283,0.691153161953081,4.42484663185681,0.691153161953081,4.607168188650764,3.0385522707369192])",0.0
F093,"['two', 'everything', 'present', 'wide', 'civil', 'assume', 'number.', 'level', 'place', 'sea.', '—', 'shocking', 'claims', 'immortal', 'jellyfish', 'surface', 'internet.']","(10000,[503,593,1499,2066,2664,2836,4702,4728,5268,5850,6390,7281,7936,8130,8338,9156,9876],[0.691153161953081,3.7316994512968646,3.4440173788450834,2.7508701982851385,3.8187108282864943,3.8187108282864943,4.830311739964974,3.8187108282864943,5.117993812416755,0.691153161953081,4.270695952029551,0.6792718340663283,0.691153161953081,3.914021008090819,0.691153161953081,4.019381523748645,2.7508701982851385])",0.0
F236,"['almost', 'memory', 'whose', 'soldier.', '—', 'shocking', 'claims', 'government', 'cover-up', 'surface', 'internet.']","(10000,[503,939,2259,5850,6941,7281,7936,8338,8566,9539,9813],[0.691153161953081,4.607168188650764,2.849310271098391,0.691153161953081,4.019381523748645,0.6792718340663283,0.691153161953081,0.691153161953081,3.914021008090819,4.019381523748645,2.997730276216664])",0.0
F069,"['say', 'forward', 'board', 'including.', 'north', 'stay', 'yeah', 'hand', 'nearly', 'never', 'ever.', 'blood', 'magazine', 'control', 'hit', 'second.', '—', 'shocking', 'claims', 'flat', 'earth', 'surface', 'internet.']","(10000,[190,281,433,503,1208,1778,2359,2866,2918,3249,3423,5850,5862,7281,7454,7936,8252,8338,8404,8411,8413,8888,9676],[5.117993812416755,4.270695952029551,4.019381523748645,0.691153161953081,2.849310271098391,4.830311739964974,3.914021008090819,3.6516567436233283,3.0385522707369192,3.4440173788450834,4.42484663185681,0.691153161953081,4.270695952029551,0.6792718340663283,4.42484663185681,0.691153161953081,4.42484663185681,0.691153161953081,5.117993812416755,3.577548771469606,3.2721671219184243,5.117993812416755,3.0385522707369192])",0.0
F219,"['way', 'statement', 'mention.', 'suggest', 'story', 'audience', 'threat.', '—', 'shocking', 'claims', 'flat', 'earth', 'surface', 'internet.']","(10000,[503,1073,1312,2918,3475,5850,6855,7281,7816,7936,8338,9391,9676,9817],[0.691153161953081,4.42484663185681,4.270695952029551,3.0385522707369192,4.607168188650764,0.691153161953081,4.019381523748645,0.6792718340663283,5.117993812416755,0.691153161953081,0.691153161953081,3.914021008090819,3.0385522707369192,3.5085558999826545])",0.0
R079,"['care', 'identify', 'east', 'wait', 'another', 'close', 'yeah.', 'nice', 'almost', 'left.', 'top', 'establish', 'green', 'cost', 'cover', 'affect.', 'experts', 'discuss', 'ongoing', 'developments', 'election.']","(10000,[551,2923,3370,3497,3556,3614,3967,4490,4506,4687,5134,5310,5328,5477,5692,6104,6576,8134,8166,8566,9462],[4.42484663185681,3.914021008090819,4.270695952029551,3.7316994512968646,2.8844015909096608,0.6636465161632473,4.42484663185681,3.5085558999826545,0.691153161953081,0.6871770135734415,5.117993812416755,4.42484663185681,3.914021008090819,4.607168188650764,5.523458920524919,4.42484663185681,4.137164559405029,5.523458920524919,3.7316994512968646,3.914021008090819,0.691153161953081])",1.0
F042,"['early', 'growth', 'capital', 'guess', 'recent', 'into.', 'high', 'per', 'century', 'teach', 'behind', 'military', 'family.', '—', 'shocking', 'claims', 'hoax', 'surface', 'internet.']","(10000,[298,320,442,503,2116,4092,4346,4377,5591,5850,5877,6541,7281,7841,7936,8033,8338,8522,8660],[4.137164559405029,4.270695952029551,5.117993812416755,0.691153161953081,3.7316994512968646,4.42484663185681,4.137164559405029,2.60568818844064,3.7316994512968646,0.691153161953081,3.914021008090819,4.830311739964974,0.6792718340663283,3.914021008090819,0.691153161953081,4.607168188650764,0.691153161953081,4.137164559405029,4.137164559405029])",0.0
R154,"['unit', 'financial', 'organization.', 'fine', 'close', 'decade', 'some.', 'fill', 'movie', 'however', 'teach', 'end', 'across', 'spring.', 'experts', 'discuss', 'ongoing', 'developments', 'budget', 'report.']","(10000,[453,911,1439,3497,3614,4506,4687,4991,5432,6030,6335,6431,7074,7183,7407,8270,8522,9183,9462,9727],[4.137164559405029,4.019381523748645,3.914021008090819,3.7316994512968646,0.6636465161632473,0.691153161953081,0.6871770135734415,2.60568818844064,2.661258039595451,3.577548771469606,3.7316994512968646,4.019381523748645,3.2721671219184243,5.117993812416755,3.7316994512968646,4.830311739964974,4.137164559405029,5.523458920524919,0.691153161953081,4.42484663185681])",1.0
R089,"['animal', 'manage', 'idea', 'age', 'particular.', 'audience', 'year', 'american', 'door', 'data', 'stage.', 'experts', 'discuss', 'ongoing', 'developments', 'public', 'health.']","(10000,[1312,1695,1770,3614,4506,4687,4847,5958,6219,6643,7360,7652,7883,8633,8791,8899,9462],[4.270695952029551,4.019381523748645,2.849310271098391,0.6636465161632473,0.691153161953081,0.6871770135734415,4.270695952029551,5.523458920524919,3.0385522707369192,5.117993812416755,3.7316994512968646,3.8187108282864943,4.607168188650764,4.607168188650764,4.137164559405029,4.019381523748645,0.691153161953081])",1.0
R038,"['answer', 'hot', 'mean', 'institution.', 'economy', 'practice', 'impact', 'attention', 'form.', 'experts', 'discuss', 'ongoing', 'developments', 'public', 'health.']","(10000,[217,909,1770,1972,3144,3614,3619,4249,4280,4506,4687,6219,7180,9462,9693],[4.42484663185681,5.523458920524919,2.849310271098391,3.8187108282864943,4.137164559405029,0.6636465161632473,4.019381523748645,5.117993812416755,3.914021008090819,0.691153161953081,0.6871770135734415,3.0385522707369192,5.523458920524919,0.691153161953081,4.42484663185681])",1.0
R053,"['live', 'perform', 'road.', 'indeed', 'commercial', 'back', 'heavy.', 'land', 'professional', 'how.', 'experts', 'discuss', 'ongoing', 'developments', 'economic', 'growth.']","(10000,[493,1098,1411,1831,2155,3614,4506,4687,4934,6021,6443,7148,8430,9034,9144,9462],[4.270695952029551,3.4440173788450834,5.523458920524919,4.607168188650764,4.270695952029551,0.6636465161632473,0.691153161953081,0.6871770135734415,3.4440173788450834,4.42484663185681,3.577548771469606,4.42484663185681,3.914021008090819,2.8844015909096608,2.7200985396183848,0.691153161953081])",1.0
F201,"['bag', 'big', 'discuss', 'source', 'show', 'firm.', 'guess', 'food', 'century', 'war', 'foot.', 'begin', 'today', 'technology', 'beyond.', '—', 'shocking', 'claims', 'hoax', 'surface', 'internet.']","(10000,[142,415,503,1020,1513,2041,2551,3048,3614,4019,4377,5850,7281,7721,7841,7936,8338,8653,8660,8719,9806],[4.607168188650764,4.019381523748645,0.691153161953081,2.503034034380557,3.8187108282864943,4.607168188650764,4.607168188650764,3.914021008090819,0.6636465161632473,4.607168188650764,2.60568818844064,0.691153161953081,0.6792718340663283,4.137164559405029,3.914021008090819,0.691153161953081,0.691153161953081,4.019381523748645,4.137164559405029,4.137164559405029,4.830311739964974])",0.0
F013,"['sound', 'surface', 'once.', 'reality', 'million', 'house', 'someone', 'owner', 'class', 'various.', 'get', 'race', 'main', 'energy', 'start', 'likely.', '—', 'shocking', 'claims', 'secret', 'cure', 'surface', 'internet.']","(10000,[454,503,680,1637,2996,3671,3892,4007,5836,5850,6053,6166,6584,6747,7281,7936,8113,8307,8338,8651,8692,9426],[3.5085558999826545,0.691153161953081,4.137164559405029,4.42484663185681,3.914021008090819,4.137164559405029,2.5530444549552183,4.019381523748645,4.42484663185681,0.691153161953081,3.3262343431887,3.8187108282864943,4.830311739964974,2.5530444549552183,1.3585436681326566,0.691153161953081,5.523458920524919,4.137164559405029,0.691153161953081,3.8187108282864943,5.117993812416755,4.42484663185681])",0.0
R023,"['huge', 'level', 'republican', 'head', 'tend', 'trip.', 'mission', 'leave', 'notice', 'focus', 'relate', 'song', 'beyond.', 'lose', 'indeed', 'provide', 'dream', 'bad', 'military', 'everything.', 'ok', 'beautiful', 'world', 'else', 'project.', 'experts', 'discuss', 'ongoing', 'developments', 'policy.']","(10000,[142,988,1064,1273,1499,1525,1810,2198,2366,2645,2913,3614,3931,4422,4442,4506,4616,4687,4934,5034,5101,5877,5946,6069,6865,6944,7350,7956,9360,9462],[4.607168188650764,4.607168188650764,4.607168188650764,3.4440173788450834,3.4440173788450834,4.42484663185681,4.42484663185681,4.42484663185681,3.914021008090819,4.270695952029551,3.383392757028649,0.6636465161632473,4.137164559405029,4.137164559405029,4.830311739964974,0.691153161953081,4.270695952029551,0.6871770135734415,3.4440173788450834,4.137164559405029,5.117993812416755,3.914021008090819,4.270695952029551,3.914021008090819,4.830311739964974,2.7200985396183848,4.270695952029551,4.42484663185681,4.607168188650764,0.691153161953081])",1.0
R068,"['learn', 'admit', 'blue', 'south.', 'experts', 'discuss', 'ongoing', 'developments', 'technology', 'breakthrough.']","(10000,[1020,2227,3614,4506,4640,4687,5768,5967,8714,9462],[2.503034034380557,2.7200985396183848,0.6636465161632473,0.691153161953081,4.270695952029551,0.6871770135734415,4.137164559405029,3.8187108282864943,4.607168188650764,0.691153161953081])",1.0
F065,"['tv', 'industry', 'compare', 'boy', 'study', 'floor.', 'measure', 'majority', 'eye', 'little', 'four', 'cup.', '—', 'shocking', 'claims', 'hoax', 'surface', 'internet.']","(10000,[157,503,528,1243,1341,1590,2920,3010,4224,4377,4547,5850,7281,7936,8338,9244,9246,9300],[3.8187108282864943,0.691153161953081,4.019381523748645,4.607168188650764,3.914021008090819,4.137164559405029,5.523458920524919,4.019381523748645,4.137164559405029,2.60568818844064,4.270695952029551,0.691153161953081,0.6792718340663283,0.691153161953081,0.691153161953081,5.117993812416755,4.607168188650764,5.523458920524919])",0.0
F239,"['compare', 'rock', 'position', 'arm', 'spend', 'with.', 'art', 'newspaper', 'big', 'deep', 'blood', 'including', 'million.', 'without', 'raise', 'try', 'hear', 'investment', 'common', 'administration.', '—', 'shocking', 'claims', 'celebrity', 'scandal', 'surface', 'internet.']","(10000,[353,503,574,1339,1562,1762,2359,3048,3238,3486,3527,3684,3984,4043,4693,4842,4921,5850,6332,7281,7334,7640,7724,7854,7936,8338,9246],[3.914021008090819,0.691153161953081,4.137164559405029,4.830311739964974,4.42484663185681,3.914021008090819,3.914021008090819,3.914021008090819,4.137164559405029,2.849310271098391,4.019381523748645,3.7316994512968646,3.8187108282864943,4.42484663185681,4.607168188650764,3.8187108282864943,2.849310271098391,0.691153161953081,4.019381523748645,0.6792718340663283,4.137164559405029,4.270695952029551,5.117993812416755,4.137164559405029,0.691153161953081,0.691153161953081,4.607168188650764])",0.0
F084,"['physical', 'buy', 'individual', 'enjoy', 'when.', 'bill', 'plant', 'quite', 'remember', 'general.', '—', 'shocking', 'claims', 'miracle', 'drug', 'surface', 'internet.']","(10000,[80,503,1256,1805,5685,5850,6056,6422,7244,7281,7860,7936,8135,8338,8614,8649,9543],[4.137164559405029,0.691153161953081,3.125563647726549,4.137164559405029,4.42484663185681,0.691153161953081,4.270695952029551,5.117993812416755,3.5085558999826545,0.6792718340663283,2.958509563063383,0.691153161953081,4.42484663185681,0.691153161953081,3.8187108282864943,3.8187108282864943,5.117993812416755])",0.0
R120,"['campaign', 'month.', 'mrs', 'situation', 'ago', 'life', 'save', 'live', 'arrive.', 'experts', 'discuss', 'ongoing', 'developments', 'election.']","(10000,[493,1481,1896,3136,3477,3556,3614,4506,4520,4687,5842,6675,9462,9751],[4.270695952029551,4.607168188650764,4.42484663185681,4.137164559405029,3.914021008090819,2.8844015909096608,0.6636465161632473,0.691153161953081,4.607168188650764,0.6871770135734415,5.523458920524919,3.7316994512968646,0.691153161953081,3.914021008090819])",1.0
F207,"['occur', 'wife', 'third', 'marriage', 'military', 'professional.', 'church', 'agent', 'street', 'smile.', '—', 'shocking', 'claims', 'government', 'cover-up', 'surface', 'internet.']","(10000,[503,1273,1921,2259,3021,3684,4827,5016,5850,5877,6229,7281,7691,7936,8338,8771,9813],[0.691153161953081,3.4440173788450834,4.42484663185681,2.849310271098391,4.270695952029551,3.7316994512968646,5.117993812416755,4.270695952029551,0.691153161953081,3.914021008090819,4.019381523748645,0.6792718340663283,5.117993812416755,0.691153161953081,0.691153161953081,3.8187108282864943,2.997730276216664])",0.0
R158,"['pattern', 'let', 'stay', 'these.', 'moment', 'must', 'like.', 'expect', 'pay', 'hotel', 'leader.', 'experts', 'discuss', 'ongoing', 'developments', 'economic', 'growth.']","(10000,[433,617,1023,2663,3401,3614,3691,4506,4687,4897,5678,8267,9034,9144,9190,9462,9495],[4.019381523748645,3.914021008090819,4.019381523748645,4.137164559405029,4.607168188650764,0.6636465161632473,4.270695952029551,0.691153161953081,0.6871770135734415,4.137164559405029,5.523458920524919,3.7316994512968646,2.8844015909096608,2.7200985396183848,5.117993812416755,0.691153161953081,4.830311739964974])",1.0
R097,"['must', 'white', 'factor', 'pay', 'model', 'example.', 'work', 'bank', 'perform', 'national', 'agree.', 'experts', 'discuss', 'ongoing', 'developments', 'technology', 'breakthrough.']","(10000,[1020,1023,1098,1834,2227,3614,4506,4687,4897,5843,6521,7102,7910,8982,9462,9527,9561],[2.503034034380557,4.019381523748645,3.4440173788450834,5.523458920524919,2.7200985396183848,0.6636465161632473,0.691153161953081,0.6871770135734415,4.137164559405029,3.7316994512968646,5.523458920524919,4.42484663185681,4.270695952029551,4.42484663185681,0.691153161953081,4.137164559405029,3.914021008090819])",1.0
R092,"['piece', 'upon', 'factor', 'occur', 'economic', 'administration', 'each.', 'look', 'build', 'collection', 'worry.', 'feeling', 'win', 'station', 'north', 'half.', 'experts', 'discuss', 'ongoing', 'developments', 'technology', 'breakthrough.']","(10000,[613,1020,1778,1921,2227,2398,3014,3133,3614,4062,4506,4687,5185,6021,6735,8209,8415,9144,9231,9462,9561,9939],[5.523458920524919,2.503034034380557,4.830311739964974,4.42484663185681,2.7200985396183848,4.42484663185681,4.019381523748645,4.830311739964974,0.6636465161632473,4.830311739964974,0.691153161953081,0.6871770135734415,5.117993812416755,4.42484663185681,4.019381523748645,4.42484663185681,4.42484663185681,2.7200985396183848,5.117993812416755,0.691153161953081,3.914021008090819,4.607168188650764])",1.0
F172,"['stay', 'summer', 'avoid', 'reflect.', 'data', 'arm', 'learn', 'make', 'young.', 'school', 'street', 'thus.', '—', 'shocking', 'claims', 'hoax', 'surface', 'internet.']","(10000,[433,503,1388,1695,2679,2849,3525,3684,3984,4377,5252,5850,5967,7281,7936,8338,8634,9481],[4.019381523748645,0.691153161953081,3.7316994512968646,4.019381523748645,3.914021008090819,4.830311739964974,4.830311739964974,3.7316994512968646,3.8187108282864943,2.60568818844064,5.523458920524919,0.691153161953081,3.8187108282864943,0.6792718340663283,0.691153161953081,0.691153161953081,5.523458920524919,4.607168188650764])",0.0
R182,"['loss', 'road', 'thousand.', 'news', 'information', 'age', 'chair.', 'beautiful', 'around', 'improve', 'police.', 'experts', 'discuss', 'ongoing', 'developments', 'economic', 'growth.']","(10000,[1273,1584,2408,2433,3614,4391,4506,4687,5329,5725,6197,6444,8190,8791,9034,9144,9462],[3.4440173788450834,4.830311739964974,4.019381523748645,4.137164559405029,0.6636465161632473,4.137164559405029,0.691153161953081,0.6871770135734415,4.607168188650764,4.270695952029551,4.019381523748645,5.117993812416755,3.577548771469606,4.137164559405029,2.8844015909096608,2.7200985396183848,0.691153161953081])",1.0
F014,"['certain', 'current', 'response', 'simply.', 'medical', 'share', 'great.', '—', 'shocking', 'claims', 'secret', 'cure', 'surface', 'internet.']","(10000,[503,816,2445,3892,3947,5850,6591,6747,7281,7936,8268,8338,9189,9288],[0.691153161953081,5.117993812416755,4.019381523748645,2.5530444549552183,4.607168188650764,0.691153161953081,4.830311739964974,2.5530444549552183,0.6792718340663283,0.691153161953081,3.577548771469606,0.691153161953081,3.6516567436233283,4.607168188650764])",0.0
R230,"['indicate', 'social', 'choose', 'buy', 'still.', 'letter', 'economic', 'range', 'field', 'natural.', 'experts', 'discuss', 'ongoing', 'developments', 'election.']","(10000,[80,165,564,823,1649,3556,3614,4237,4506,4687,6485,7074,9144,9462,9706],[4.137164559405029,4.137164559405029,3.914021008090819,4.270695952029551,5.117993812416755,2.8844015909096608,0.6636465161632473,5.523458920524919,0.691153161953081,0.6871770135734415,3.914021008090819,3.2721671219184243,2.7200985396183848,0.691153161953081,4.137164559405029])",1.0
F223,"['lead', 'far', 'really.', 'indeed', 'interesting', 'success', 'daughter', 'relationship.', 'guess', 'feel', 'month', 'executive', 'six', 'thought.', '—', 'shocking', 'claims', 'government', 'cover-up', 'surface', 'internet.']","(10000,[503,1320,2259,3115,3634,4158,4461,4934,5356,5401,5741,5850,6959,7281,7623,7936,8338,8660,9813,9828,9966],[0.691153161953081,4.607168188650764,2.849310271098391,4.137164559405029,4.270695952029551,3.6516567436233283,5.523458920524919,3.4440173788450834,4.270695952029551,4.137164559405029,4.607168188650764,0.691153161953081,5.523458920524919,0.6792718340663283,3.7316994512968646,0.691153161953081,0.691153161953081,4.137164559405029,2.997730276216664,4.42484663185681,4.270695952029551])",0.0
R221,"['course', 'final', 'scene', 'prepare', 'owner.', 'east', 'financial', 'change', 'how.', 'experts', 'discuss', 'ongoing', 'developments', 'policy.']","(10000,[387,1653,2286,2634,3614,3652,4506,4687,5844,6021,6576,6944,7407,9462],[4.270695952029551,3.914021008090819,4.270695952029551,3.7316994512968646,0.6636465161632473,4.42484663185681,0.691153161953081,0.6871770135734415,4.270695952029551,4.42484663185681,4.137164559405029,2.7200985396183848,3.7316994512968646,0.691153161953081])",1.0
R173,"['friend', 'kind', 'issue', 'recent', 'box', 'know', 'ever.', 'grow', 'third', 'speak', 'participant', 'pass.', 'experts', 'discuss', 'ongoing', 'developments', 'climate', 'change.']","(10000,[488,821,2059,2404,3614,4506,4687,4732,5396,5591,6044,6616,7779,7922,8171,8404,8771,9462],[4.607168188650764,2.849310271098391,2.579019941358479,4.42484663185681,0.6636465161632473,0.691153161953081,0.6871770135734415,4.42484663185681,4.607168188650764,3.7316994512968646,4.137164559405029,4.019381523748645,4.019381523748645,3.7316994512968646,4.137164559405029,5.117993812416755,3.8187108282864943,0.691153161953081])",1.0
F249,"['total', 'major', 'age.', 'day', 'discuss', 'blood', 'product', 'each.', 'bank', 'pick', 'relationship.', '—', 'shocking', 'claims', 'immortal', 'jellyfish', 'surface', 'internet.']","(10000,[447,503,1058,1320,2066,2359,3614,4262,5850,6021,6279,7281,7372,7936,8338,8982,9133,9876],[4.270695952029551,0.691153161953081,4.137164559405029,4.607168188650764,2.7508701982851385,3.914021008090819,0.6636465161632473,4.830311739964974,0.691153161953081,4.42484663185681,3.7316994512968646,0.6792718340663283,4.137164559405029,0.691153161953081,0.691153161953081,4.42484663185681,4.42484663185681,2.7508701982851385])",0.0
F112,"['edge', 'mouth', 'red', 'chair', 'they.', 'probably', 'learn', 'fast', 'ago', 'today.', 'seven', 'environmental', 'quite', 'answer', 'claim.', '—', 'shocking', 'claims', 'government', 'cover-up', 'surface', 'internet.']","(10000,[52,503,681,1777,1876,1896,2259,2297,3619,3882,3921,5850,5967,6027,6056,7281,7497,7850,7936,8338,9263,9813],[4.137164559405029,0.691153161953081,4.42484663185681,5.523458920524919,5.523458920524919,4.42484663185681,2.849310271098391,4.270695952029551,4.019381523748645,4.830311739964974,4.270695952029551,0.691153161953081,3.8187108282864943,5.117993812416755,4.270695952029551,0.6792718340663283,4.830311739964974,3.8187108282864943,0.691153161953081,0.691153161953081,4.137164559405029,2.997730276216664])",0.0
R058,"['strategy', 'crime', 'explain', 'water', 'participant', 'everybody.', 'minute', 'year', 'chance', 'person.', 'million', 'want', 'see', 'thank', 'five', 'evening', 'world.', 'experts', 'discuss', 'ongoing', 'developments', 'budget', 'report.']","(10000,[346,731,1687,1750,2291,2589,2806,3357,3614,4506,4687,4991,5286,5341,5354,5396,5432,5974,6287,7712,8651,8899,9462],[4.019381523748645,4.270695952029551,4.137164559405029,5.117993812416755,3.914021008090819,3.6516567436233283,5.523458920524919,4.137164559405029,0.6636465161632473,0.691153161953081,0.6871770135734415,2.60568818844064,4.42484663185681,4.270695952029551,4.42484663185681,4.607168188650764,2.661258039595451,3.8187108282864943,4.270695952029551,4.137164559405029,3.8187108282864943,4.019381523748645,0.691153161953081])",1.0
R159,"['hard', 'dinner', 'soldier', 'window.', 'across', 'media', 'minute', 'art', 'sell', 'life', 'give.', 'moment', 'gas', 'pattern', 'reach', 'professor.', 'experts', 'discuss', 'ongoing', 'developments', 'economic', 'growth.']","(10000,[617,619,1209,2240,3180,3357,3401,3477,3614,4141,4485,4506,4687,5125,5607,7074,7854,8386,8759,9034,9144,9462],[3.914021008090819,4.830311739964974,4.270695952029551,3.914021008090819,4.42484663185681,4.137164559405029,4.607168188650764,3.914021008090819,0.6636465161632473,4.270695952029551,3.914021008090819,0.691153161953081,0.6871770135734415,4.607168188650764,4.42484663185681,3.2721671219184243,4.137164559405029,4.019381523748645,5.523458920524919,2.8844015909096608,2.7200985396183848,0.691153161953081])",1.0
R029,"['check', 'require', 'score', 'machine', 'deal', 'major.', 'gun', 'help.', 'way', 'imagine', 'choose', 'six', 'production', 'candidate', 'near.', 'education', 'top', 'situation', 'american', 'recent', 'rest', 'check.', 'experts', 'discuss', 'ongoing', 'developments', 'economic', 'growth.']","(10000,[1433,1927,2708,3136,3614,3901,3952,4358,4506,4687,5301,5328,5401,5530,5591,6817,7652,8040,8313,8353,8449,9034,9144,9391,9394,9462,9706,9829],[4.42484663185681,4.42484663185681,3.8187108282864943,4.137164559405029,0.6636465161632473,4.270695952029551,4.42484663185681,4.42484663185681,0.691153161953081,0.6871770135734415,4.42484663185681,3.914021008090819,4.137164559405029,3.914021008090819,3.7316994512968646,5.117993812416755,3.8187108282864943,3.577548771469606,4.42484663185681,4.270695952029551,4.607168188650764,2.8844015909096608,2.7200985396183848,3.914021008090819,4.830311739964974,0.691153161953081,4.137164559405029,4.830311739964974])",1.0
R126,"['move', 'scientist', 'technology', 'create', 'scientist', 'partner', 'federal.', 'travel', 'peace', 'response', 'country', 'race.', 'experts', 'discuss', 'ongoing', 'developments', 'research.']","(10000,[116,320,1020,1404,2445,2782,3614,4506,4687,6226,6282,6697,7066,7870,8681,9462],[3.8187108282864943,4.270695952029551,2.503034034380557,4.607168188650764,4.019381523748645,4.607168188650764,0.6636465161632473,0.691153161953081,0.6871770135734415,8.274329118810059,4.270695952029551,4.137164559405029,2.920769235080536,4.137164559405029,4.019381523748645,0.691153161953081])",1.0
R132,"['fire', 'certainly', 'away', 'expect', 'already', 'theory', 'interview.', 'large', 'protect', 'sing', 'bar', 'century.', 'simple', 'threat', 'economic.', 'experts', 'discuss', 'ongoing', 'developments', 'education.']","(10000,[594,673,1468,2007,2788,2913,3614,3691,3737,4506,4687,5047,5138,5191,6451,7022,7235,7332,8070,9462],[4.830311739964974,4.607168188650764,4.607168188650764,4.42484663185681,4.830311739964974,3.383392757028649,0.6636465161632473,4.270695952029551,4.270695952029551,0.691153161953081,0.6871770135734415,2.60568818844064,4.830311739964974,4.42484663185681,3.577548771469606,5.117993812416755,4.270695952029551,4.270695952029551,4.42484663185681,0.691153161953081])",1.0
R025,"['couple', 'issue', 'foot', 'rock', 'family.', 'standard', 'great', 'news.', 'experts', 'discuss', 'ongoing', 'developments', 'election.']","(10000,[574,750,1195,2967,3556,3614,4506,4687,6616,7702,7890,8033,9462],[4.137164559405029,4.42484663185681,4.270695952029551,4.019381523748645,2.8844015909096608,0.6636465161632473,0.691153161953081,0.6871770135734415,4.019381523748645,5.117993812416755,4.42484663185681,4.607168188650764,0.691153161953081])",1.0
F214,"['child', 'anything', 'better', 'set', 'financial.', 'necessary', 'cost', 'century', 'consumer', 'race.', '—', 'shocking', 'claims', 'secret', 'cure', 'surface', 'internet.']","(10000,[320,503,1109,2114,2543,3892,4490,5342,5850,6747,7244,7281,7841,7936,7979,8338,9475],[4.270695952029551,0.691153161953081,5.523458920524919,4.42484663185681,3.8187108282864943,2.5530444549552183,3.5085558999826545,4.270695952029551,0.691153161953081,2.5530444549552183,3.5085558999826545,0.6792718340663283,3.914021008090819,0.691153161953081,4.270695952029551,0.691153161953081,4.137164559405029])",0.0
R177,"['wind', 'democrat', 'focus', 'agency', 'within', 'food.', 'street', 'we.', 'edge', 'cold', 'despite', 'situation', 'exist', 'order', 'direction.', 'experts', 'discuss', 'ongoing', 'developments', 'policy.']","(10000,[765,1226,1301,2412,2558,3136,3614,3684,3920,3921,3931,4085,4506,4687,5234,6602,6944,9462,9547,9817],[4.019381523748645,4.42484663185681,4.42484663185681,4.830311739964974,4.019381523748645,4.137164559405029,0.6636465161632473,3.7316994512968646,4.42484663185681,4.270695952029551,4.137164559405029,5.523458920524919,0.691153161953081,0.6871770135734415,4.137164559405029,4.42484663185681,2.7200985396183848,0.691153161953081,5.523458920524919,3.5085558999826545])",1.0
R196,"['choose', 'forward', 'simply.', 'experts', 'discuss', 'ongoing', 'developments', 'budget', 'report.']","(10000,[816,3614,4506,4687,4991,5432,8411,9462,9706],[5.117993812416755,0.6636465161632473,0.691153161953081,0.6871770135734415,2.60568818844064,2.661258039595451,3.577548771469606,0.691153161953081,4.137164559405029])",1.0
R135,"['kind', 'lot', 'general', 'ago', 'leader.', 'church', 'human', 'while.', 'consider', 'degree', 'teacher', 'sister', 'brother', 'expect.', 'experts', 'discuss', 'ongoing', 'developments', 'budget', 'report.']","(10000,[291,312,1273,1896,3521,3614,4506,4687,4943,4991,5432,5465,6044,8219,8303,8391,8708,9462,9495,9943],[4.270695952029551,3.8187108282864943,3.4440173788450834,4.42484663185681,4.607168188650764,0.6636465161632473,0.691153161953081,0.6871770135734415,4.42484663185681,2.60568818844064,2.661258039595451,4.137164559405029,4.137164559405029,5.117993812416755,4.270695952029551,4.42484663185681,4.270695952029551,0.691153161953081,4.830311739964974,4.830311739964974])",1.0
F152,"['artist', 'population', 'quickly', 'stock', 'chair', 'between.', 'knowledge', 'put', 'party', 'fly', 'reach.', 'adult', 'thank', 'go', 'movement', 'practice', 'fill', 'particular', 'oil.', '—', 'shocking', 'claims', 'government', 'cover-up', 'surface', 'internet.']","(10000,[72,503,681,793,1379,1687,1990,2259,3011,3391,4280,5294,5850,5944,6451,7281,7864,7936,8338,8871,8931,8984,9258,9472,9727,9813],[4.137164559405029,0.691153161953081,4.42484663185681,3.8187108282864943,4.270695952029551,4.137164559405029,4.830311739964974,2.849310271098391,5.117993812416755,4.137164559405029,3.914021008090819,4.270695952029551,0.691153161953081,4.42484663185681,3.577548771469606,0.6792718340663283,5.523458920524919,0.691153161953081,0.691153161953081,4.607168188650764,4.607168188650764,4.830311739964974,4.137164559405029,5.523458920524919,4.42484663185681,2.997730276216664])",0.0
F180,"['trip', 'high', 'short', 'way', 'officer', 'agency.', 'consider', 'development', 'although', 'right.', 'nothing', 'material', 'free', 'government', 'explain', 'sound.', '—', 'shocking', 'claims', 'secret', 'cure', 'surface', 'internet.']","(10000,[312,503,696,1051,1073,1262,2116,2259,2660,2871,3231,3892,4292,5341,5401,5782,5850,6747,7281,7779,7936,8338,9391],[3.8187108282864943,0.691153161953081,4.019381523748645,4.830311739964974,4.42484663185681,4.42484663185681,3.7316994512968646,2.849310271098391,4.830311739964974,4.42484663185681,4.019381523748645,2.5530444549552183,3.7316994512968646,4.270695952029551,4.137164559405029,4.270695952029551,0.691153161953081,2.5530444549552183,0.6792718340663283,4.019381523748645,0.691153161953081,0.691153161953081,3.914021008090819])",0.0
F003,"['able', 'charge', 'approach', 'long.', 'cause', 'fall', 'finish.', 'teacher', 'well', 'newspaper', 'number.', '—', 'shocking', 'claims', 'secret', 'cure', 'surface', 'internet.']","(10000,[157,273,316,503,3095,3238,3496,3729,3892,4702,5850,6747,6812,7281,7688,7936,8338,8708],[3.8187108282864943,5.523458920524919,3.914021008090819,0.691153161953081,4.607168188650764,4.137164559405029,4.019381523748645,4.607168188650764,2.5530444549552183,4.830311739964974,0.691153161953081,2.5530444549552183,3.7316994512968646,0.6792718340663283,5.523458920524919,0.691153161953081,0.691153161953081,4.270695952029551])",0.0
F244,"['north', 'organization', 'allow.', '—', 'shocking', 'claims', 'celebrity', 'scandal', 'surface', 'internet.']","(10000,[503,1364,1778,3486,4921,5850,7281,7601,7936,8338],[0.691153161953081,3.914021008090819,4.830311739964974,2.849310271098391,2.849310271098391,0.691153161953081,0.6792718340663283,5.117993812416755,0.691153161953081,0.691153161953081])",0.0
F194,"['though', 'box', 'happy', 'hold', 'everything', 'order.', 'study', 'allow', 'issue', 'glass', 'successful.', '—', 'shocking', 'claims', 'immortal', 'jellyfish', 'surface', 'internet.']","(10000,[503,2066,2389,3385,3984,4224,4835,5347,5564,5850,6616,6932,7281,7922,7936,8338,9156,9876],[0.691153161953081,2.7508701982851385,4.019381523748645,5.117993812416755,3.8187108282864943,4.137164559405029,4.019381523748645,4.019381523748645,4.607168188650764,0.691153161953081,4.019381523748645,4.019381523748645,0.6792718340663283,3.7316994512968646,0.691153161953081,0.691153161953081,4.019381523748645,2.7508701982851385])",0.0
R044,"['say', 'name', 'number', 'region', 'size', 'thank', 'interest.', 'quickly', 'stuff', 'type', 'purpose', 'enough', 'international', 'computer.', 'experts', 'discuss', 'ongoing', 'developments', 'policy.']","(10000,[15,188,1511,1687,3192,3391,3526,3614,4506,4687,4748,5862,6944,7393,7722,8089,8159,8519,9462],[4.42484663185681,4.607168188650764,5.117993812416755,4.137164559405029,4.137164559405029,4.137164559405029,4.607168188650764,0.6636465161632473,0.691153161953081,0.6871770135734415,4.42484663185681,4.270695952029551,2.7200985396183848,5.117993812416755,4.019381523748645,4.270695952029551,3.4440173788450834,4.137164559405029,0.691153161953081])",1.0
R141,"['subject', 'marriage', 'local', 'institution', 'data.', 'particularly', 'reveal', 'toward', 'history', 'easy.', 'experts', 'discuss', 'ongoing', 'developments', 'economic', 'growth.']","(10000,[228,1507,3194,3243,3614,4175,4506,4687,6229,6443,6543,6873,8655,9034,9144,9462],[3.7316994512968646,4.830311739964974,4.42484663185681,4.607168188650764,0.6636465161632473,5.523458920524919,0.691153161953081,0.6871770135734415,4.019381523748645,3.577548771469606,3.914021008090819,4.830311739964974,4.137164559405029,2.8844015909096608,2.7200985396183848,0.691153161953081])",1.0
R188,"['financial', 'agent', 'information', 'draw', 'article', 'really', 'everything.', 'meeting', 'hundred', 'avoid', 'really', 'use', 'audience.', 'experts', 'discuss', 'ongoing', 'developments', 'climate', 'change.']","(10000,[20,821,1388,1702,2059,3177,3614,4112,4442,4506,4687,5016,5133,5175,7407,8167,8190,9462],[4.270695952029551,2.849310271098391,3.7316994512968646,4.137164559405029,2.579019941358479,5.117993812416755,0.6636465161632473,8.03876304749729,4.830311739964974,0.691153161953081,0.6871770135734415,4.270695952029551,4.137164559405029,4.137164559405029,3.7316994512968646,4.270695952029551,3.577548771469606,0.691153161953081])",1.0
F010,"['value', 'bed', 'customer', 'forward.', 'experience', 'hit', 'strategy', 'hold', 'save', 'education', 'child.', '—', 'shocking', 'claims', 'aliens', 'surface', 'internet.']","(10000,[503,650,1413,1655,1886,2291,2389,3635,4520,5530,5850,7281,7403,7936,8252,8338,9497],[0.691153161953081,2.958509563063383,4.607168188650764,4.607168188650764,5.523458920524919,3.914021008090819,4.019381523748645,4.270695952029551,4.607168188650764,3.914021008090819,0.691153161953081,0.6792718340663283,4.270695952029551,0.691153161953081,4.42484663185681,0.691153161953081,4.137164559405029])",0.0
R106,"['head', 'program', 'gun.', 'price', 'official.', 'experts', 'discuss', 'ongoing', 'developments', 'economic', 'growth.']","(10000,[573,1064,1738,3614,4506,4687,5382,7586,9034,9144,9462],[4.607168188650764,4.607168188650764,4.607168188650764,0.6636465161632473,0.691153161953081,0.6871770135734415,5.523458920524919,5.523458920524919,2.8844015909096608,2.7200985396183848,0.691153161953081])",1.0
R049,"['benefit', 'attack', 'series', 'city', 'three', 'southern.', 'history', 'morning', 'point', 'author.', 'time', 'pressure', 'room.', 'experts', 'discuss', 'ongoing', 'developments', 'research.']","(10000,[373,1417,2366,3160,3614,4416,4463,4506,4687,5495,5653,5661,5693,5925,6543,7066,8157,9462],[5.523458920524919,4.137164559405029,3.914021008090819,3.914021008090819,0.6636465161632473,4.42484663185681,5.117993812416755,0.691153161953081,0.6871770135734415,4.42484663185681,3.914021008090819,3.914021008090819,3.914021008090819,4.270695952029551,3.914021008090819,2.920769235080536,4.270695952029551,0.691153161953081])",1.0
R144,"['catch', 'civil', 'land', 'strategy', 'campaign', 'either.', 'experts', 'discuss', 'ongoing', 'developments', 'budget', 'report.']","(10000,[593,2291,3614,4506,4687,4991,5432,6675,7148,7632,7949,9462],[3.7316994512968646,3.914021008090819,0.6636465161632473,0.691153161953081,0.6871770135734415,2.60568818844064,2.661258039595451,3.7316994512968646,4.42484663185681,5.117993812416755,4.137164559405029,0.691153161953081])",1.0
F199,"['baby', 'challenge', 'relationship', 'where.', 'indicate', 'trip', 'card', 'international.', 'option', 'else', 'public', 'senior.', '—', 'shocking', 'claims', 'celebrity', 'scandal', 'surface', 'internet.']","(10000,[503,1348,1770,2144,2886,3486,4260,4522,4921,5034,5782,5850,5935,6485,7281,7936,8338,8438,9613],[0.691153161953081,4.270695952029551,2.849310271098391,4.270695952029551,5.523458920524919,2.849310271098391,5.117993812416755,5.117993812416755,2.849310271098391,4.137164559405029,4.270695952029551,0.691153161953081,3.8187108282864943,3.914021008090819,0.6792718340663283,0.691153161953081,0.691153161953081,5.523458920524919,4.607168188650764])",0.0
F215,"['conference', 'collection', 'realize', 'book', 'such.', 'current', 'wish', 'call.', 'forward', 'agree', 'different.', 'check', 'ball', 'nation', 'region', 'light', 'watch', 'probably.', '—', 'shocking', 'claims', 'secret', 'cure', 'surface', 'internet.']","(10000,[393,495,503,1582,1720,2708,3244,3409,3629,3892,3901,4014,5415,5657,5850,6747,6925,7281,7492,7936,8159,8209,8338,8411,9189],[4.270695952029551,3.8187108282864943,0.691153161953081,4.42484663185681,4.137164559405029,3.8187108282864943,4.830311739964974,4.607168188650764,5.523458920524919,2.5530444549552183,4.270695952029551,4.42484663185681,5.117993812416755,4.607168188650764,0.691153161953081,2.5530444549552183,4.42484663185681,0.6792718340663283,4.137164559405029,0.691153161953081,3.4440173788450834,4.42484663185681,0.691153161953081,3.577548771469606,3.6516567436233283])",0.0
R176,"['simple', 'boy', 'child', 'hope', 'guy.', 'school', 'federal', 'forget', 'spend', 'game.', 'check', 'future', 'pretty', 'stage', 'some.', 'experts', 'discuss', 'ongoing', 'developments', 'economic', 'growth.']","(10000,[30,157,353,633,2679,2913,3614,3901,3919,4506,4687,4775,5498,6000,6488,7146,7183,7244,9034,9144,9462],[4.137164559405029,3.8187108282864943,3.914021008090819,4.270695952029551,3.914021008090819,3.383392757028649,0.6636465161632473,4.270695952029551,4.019381523748645,0.691153161953081,0.6871770135734415,5.117993812416755,5.523458920524919,4.607168188650764,4.607168188650764,4.270695952029551,5.117993812416755,3.5085558999826545,2.8844015909096608,2.7200985396183848,0.691153161953081])",1.0
F105,"['debate', 'scientist', 'spring', 'thousand', 'perform', 'describe.', 'cause', 'many', 'pick', 'professor', 'agency', 'significant.', '—', 'shocking', 'claims', 'hoax', 'surface', 'internet.']","(10000,[316,503,765,1098,1644,2126,2543,4377,5188,5850,6226,6798,7281,7309,7372,7936,8276,8338],[3.914021008090819,0.691153161953081,4.019381523748645,3.4440173788450834,4.019381523748645,5.117993812416755,3.8187108282864943,2.60568818844064,4.42484663185681,0.691153161953081,4.137164559405029,3.3262343431887,0.6792718340663283,5.117993812416755,4.137164559405029,0.691153161953081,4.42484663185681,0.691153161953081])",0.0
F031,"['yet', 'water', 'figure', 'expect.', 'tough', 'school', 'day', 'serve', 'figure', 'house', 'soldier.', 'choice', 'figure', 'agency', 'garden', 'firm.', '—', 'shocking', 'claims', 'miracle', 'drug', 'surface', 'internet.']","(10000,[503,765,939,1256,1725,2551,2589,2679,4037,4110,5447,5836,5850,5936,6053,7281,7860,7936,8219,8338,9133],[0.691153161953081,4.019381523748645,4.607168188650764,3.125563647726549,4.270695952029551,4.607168188650764,3.6516567436233283,3.914021008090819,4.270695952029551,13.821504565952292,3.6516567436233283,4.42484663185681,0.691153161953081,4.607168188650764,3.3262343431887,0.6792718340663283,2.958509563063383,0.691153161953081,5.117993812416755,0.691153161953081,4.42484663185681])",0.0
R206,"['notice', 'kid', 'ready', 'small', 'police', 'talk', 'support.', 'certainly', 'task', 'audience', 'child.', 'per', 'experience', 'adult.', 'nearly', 'today', 'door', 'measure.', 'experts', 'discuss', 'ongoing', 'developments', 'research.']","(10000,[222,298,659,673,1312,1525,1655,2866,3614,3635,3723,3876,4506,4687,4847,5587,6557,7066,7904,8451,8925,9462,9806],[4.019381523748645,4.137164559405029,5.117993812416755,4.607168188650764,4.270695952029551,4.42484663185681,4.607168188650764,3.6516567436233283,0.6636465161632473,4.270695952029551,4.137164559405029,4.270695952029551,0.691153161953081,0.6871770135734415,4.270695952029551,4.42484663185681,4.019381523748645,2.920769235080536,5.523458920524919,4.607168188650764,4.019381523748645,0.691153161953081,4.830311739964974])",1.0
F238,"['help', 'stop', 'hard', 'keep', 'phone', 'talk', 'catch.', 'character', 'however', 'miss.', '—', 'shocking', 'claims', 'secret', 'cure', 'surface', 'internet.']","(10000,[503,796,911,1626,3892,4867,5125,5850,6426,6747,6961,7281,7936,8338,8925,9347,9594],[0.691153161953081,3.8187108282864943,4.019381523748645,4.137164559405029,2.5530444549552183,4.019381523748645,4.607168188650764,0.691153161953081,5.117993812416755,2.5530444549552183,5.523458920524919,0.6792718340663283,0.691153161953081,0.691153161953081,4.019381523748645,4.137164559405029,3.7316994512968646])",0.0
R027,"['get', 'central', 'style.', 'hold', 'act', 'contain', 'consumer.', 'pressure', 'poor', 'rather', 'feel', 'since', 'effort.', 'experts', 'discuss', 'ongoing', 'developments', 'climate', 'change.']","(10000,[821,2059,2389,2837,2912,3115,3500,3614,4506,4687,5094,5661,6287,6928,7493,8103,8928,9426,9462],[2.849310271098391,2.579019941358479,4.019381523748645,3.8187108282864943,5.117993812416755,4.137164559405029,4.830311739964974,0.6636465161632473,0.691153161953081,0.6871770135734415,5.117993812416755,3.914021008090819,4.270695952029551,4.137164559405029,4.270695952029551,4.830311739964974,4.270695952029551,4.42484663185681,0.691153161953081])",1.0
F169,"['quickly', 'build', 'hospital', 'place', 'interest', 'air.', 'special', 'region', 'society', 'act', 'compare.', '—', 'shocking', 'claims', 'government', 'cover-up', 'surface', 'internet.']","(10000,[70,327,503,1055,1918,2259,3014,3391,4570,4930,5850,6390,6928,7281,7936,8159,8338,9813],[4.830311739964974,4.137164559405029,0.691153161953081,4.607168188650764,5.523458920524919,2.849310271098391,4.019381523748645,4.137164559405029,5.117993812416755,3.8187108282864943,0.691153161953081,4.270695952029551,4.137164559405029,0.6792718340663283,0.691153161953081,3.4440173788450834,0.691153161953081,2.997730276216664])",0.0
F208,"['score', 'social', 'turn', 'cost', 'especially.', 'market', 'nothing', 'let', 'include', 'others.', 'race', 'forward', 'career', 'increase', 'yeah', 'home', 'media.', 'morning', 'edge', 'thing', 'tough.', '—', 'shocking', 'claims', 'aliens', 'surface', 'internet.']","(10000,[454,503,650,823,1770,1927,2657,2953,3160,3248,3249,3365,3857,3886,3921,4292,4490,4673,4930,5850,7036,7281,7936,7963,8267,8338,8411],[3.5085558999826545,0.691153161953081,2.958509563063383,4.270695952029551,2.849310271098391,4.42484663185681,3.8187108282864943,4.607168188650764,3.914021008090819,5.523458920524919,3.4440173788450834,4.019381523748645,4.019381523748645,4.607168188650764,4.270695952029551,3.7316994512968646,3.5085558999826545,5.523458920524919,3.8187108282864943,0.691153161953081,5.117993812416755,0.6792718340663283,0.691153161953081,4.830311739964974,3.7316994512968646,0.691153161953081,3.577548771469606])",0.0
F212,"['live', 'point', 'surface', 'always', 'writer.', 'business', 'play', 'throw', 'ready', 'close', 'board', 'data.', 'eye', 'lose', 'in.', '—', 'shocking', 'claims', 'miracle', 'drug', 'surface', 'internet.']","(10000,[493,503,1256,1341,1936,2173,3497,4416,4422,5374,5850,6557,6873,7281,7454,7857,7860,7936,8325,8338,9011],[4.270695952029551,0.691153161953081,3.125563647726549,3.914021008090819,4.607168188650764,4.270695952029551,3.7316994512968646,4.42484663185681,4.137164559405029,4.42484663185681,0.691153161953081,4.019381523748645,4.830311739964974,1.3585436681326566,4.42484663185681,4.830311739964974,2.958509563063383,0.691153161953081,4.270695952029551,0.691153161953081,4.270695952029551])",0.0
F032,"['produce', 'amount', 'least', 'last', 'measure', 'reach', 'yard.', 'add', 'military', 'food', 'road.', 'loss', 'high', 'boy', 'girl', 'wife.', '—', 'shocking', 'claims', 'hoax', 'surface', 'internet.']","(10000,[157,503,528,1029,1059,1634,1648,1831,2116,3989,4377,5329,5399,5850,5877,7222,7281,7936,8338,8386,8653,9887],[3.8187108282864943,0.691153161953081,4.019381523748645,4.607168188650764,5.117993812416755,4.42484663185681,4.607168188650764,4.607168188650764,3.7316994512968646,4.137164559405029,2.60568818844064,4.607168188650764,5.117993812416755,0.691153161953081,3.914021008090819,3.8187108282864943,0.6792718340663283,0.691153161953081,0.691153161953081,4.019381523748645,4.019381523748645,4.830311739964974])",0.0
F109,"['red', 'rise', 'attention', 'like', 'on.', 'sometimes', 'enter', 'stay', 'year', 'everything', 'floor', 'oil.', 'account', 'ask', 'positive.', '—', 'shocking', 'claims', 'hoax', 'surface', 'internet.']","(10000,[52,433,503,1990,3144,3330,3507,4319,4377,4816,5611,5850,5869,7281,7435,7801,7936,8338,8899,9156,9187],[4.137164559405029,4.019381523748645,0.691153161953081,4.830311739964974,4.137164559405029,4.270695952029551,4.607168188650764,3.7316994512968646,2.60568818844064,3.7316994512968646,5.523458920524919,0.691153161953081,4.019381523748645,0.6792718340663283,4.270695952029551,4.42484663185681,0.691153161953081,0.691153161953081,4.019381523748645,4.019381523748645,4.137164559405029])",0.0
R111,"['peace', 'wind', 'consumer', 'imagine', 'recognize', 'read.', 'around', 'magazine', 'drug', 'price.', 'deep', 'call', 'memory', 'avoid', 'necessary', 'cause', 'subject', 'central.', 'experts', 'discuss', 'ongoing', 'developments', 'policy.']","(10000,[26,316,1388,1762,2558,3614,4506,4687,5146,5301,6197,6271,6697,6941,6944,7860,7979,8171,8413,8655,9459,9462,9475],[5.117993812416755,3.914021008090819,3.7316994512968646,3.914021008090819,4.019381523748645,0.6636465161632473,0.691153161953081,0.6871770135734415,4.830311739964974,4.42484663185681,4.019381523748645,4.270695952029551,4.137164559405029,4.019381523748645,2.7200985396183848,2.958509563063383,4.270695952029551,4.137164559405029,3.2721671219184243,4.137164559405029,5.523458920524919,0.691153161953081,4.137164559405029])",1.0
F078,"['mission', 'popular', 'prevent.', 'central', 'almost.', 'although', 'finish', 'remain', 'staff.', '—', 'shocking', 'claims', 'aliens', 'surface', 'internet.']","(10000,[503,650,1140,2338,5205,5850,6069,6148,6578,7281,7779,7936,8338,8928,9073],[0.691153161953081,2.958509563063383,5.117993812416755,4.830311739964974,4.137164559405029,0.691153161953081,3.914021008090819,4.607168188650764,4.270695952029551,0.6792718340663283,4.019381523748645,0.691153161953081,0.691153161953081,4.270695952029551,4.830311739964974])",0.0
R105,"['style', 'still', 'tax', 'city', 'operation', 'soldier', 'federal.', 'concern', 'glass', 'board', 'paper.', 'experts', 'discuss', 'ongoing', 'developments', 'budget', 'report.']","(10000,[1968,2782,3614,3712,4141,4506,4687,4991,5432,5495,5922,6587,6932,7454,8000,9462,9766],[3.914021008090819,4.607168188650764,0.6636465161632473,4.607168188650764,4.270695952029551,0.691153161953081,0.6871770135734415,2.60568818844064,2.661258039595451,4.42484663185681,4.42484663185681,4.137164559405029,4.019381523748645,4.42484663185681,4.137164559405029,0.691153161953081,5.117993812416755])",1.0
F196,"['school', 'particular', 'lay', 'goal', 'trip', 'economic.', 'ground', 'leave', 'group', 'final', 'start', 'less.', '—', 'shocking', 'claims', 'government', 'cover-up', 'surface', 'internet.']","(10000,[359,503,1653,2007,2259,2679,2913,2996,4475,5089,5782,5850,6487,7281,7766,7936,8338,8984,9813],[5.117993812416755,0.691153161953081,3.914021008090819,4.42484663185681,2.849310271098391,3.914021008090819,3.383392757028649,3.914021008090819,4.137164559405029,4.270695952029551,4.270695952029551,0.691153161953081,3.383392757028649,0.6792718340663283,4.42484663185681,0.691153161953081,0.691153161953081,4.830311739964974,2.997730276216664])",0.0
F118,"['subject', 'high', 'right.', 'pass', 'fight', 'security', 'film', 'research', 'billion', 'southern.', 'water', 'building.', '—', 'shocking', 'claims', 'immortal', 'jellyfish', 'surface', 'internet.']","(10000,[258,503,1417,2066,2116,2278,2526,2589,2634,2660,5003,5850,7281,7936,8338,8392,8655,9432,9876],[4.830311739964974,0.691153161953081,4.137164559405029,2.7508701982851385,3.7316994512968646,5.523458920524919,4.019381523748645,3.6516567436233283,3.7316994512968646,4.830311739964974,3.914021008090819,0.691153161953081,0.6792718340663283,0.691153161953081,0.691153161953081,4.019381523748645,4.137164559405029,3.8187108282864943,2.7508701982851385])",0.0
F077,"['fund', 'maintain', 'development', 'first', 'total', 'class.', 'probably', 'decade', 'mission', 'hospital.', 'responsibility', 'almost', 'power', 'however', 'might.', '—', 'shocking', 'claims', 'secret', 'cure', 'surface', 'internet.']","(10000,[503,911,934,2297,2871,3056,3502,3892,4638,5241,5247,5850,6030,6069,6279,6403,6729,6747,7281,7936,8338,8566],[0.691153161953081,4.019381523748645,4.607168188650764,4.270695952029551,4.42484663185681,4.607168188650764,4.42484663185681,2.5530444549552183,4.607168188650764,4.830311739964974,4.607168188650764,0.691153161953081,3.577548771469606,3.914021008090819,3.7316994512968646,3.6516567436233283,5.117993812416755,2.5530444549552183,0.6792718340663283,0.691153161953081,0.691153161953081,3.914021008090819])",0.0
F070,"['side', 'glass', 'doctor', 'take.', 'safe', 'worry', 'ask', 'loss.', '—', 'shocking', 'claims', 'government', 'cover-up', 'surface', 'internet.']","(10000,[503,690,777,2259,3507,4357,5850,6932,7281,7642,7936,8338,8343,9781,9813],[0.691153161953081,5.117993812416755,4.019381523748645,2.849310271098391,4.607168188650764,5.523458920524919,0.691153161953081,4.019381523748645,0.6792718340663283,4.137164559405029,0.691153161953081,0.691153161953081,4.42484663185681,4.137164559405029,2.997730276216664])",0.0
F041,"['research', 'figure', 'lead', 'degree', 'decision.', 'institution', 'employee', 'position', 'describe', 'result', 'floor', 'age.', 'instead', 'community', 'success.', '—', 'shocking', 'claims', 'immortal', 'jellyfish', 'surface', 'internet.']","(10000,[399,503,1339,2066,3243,4110,4262,4319,4527,5356,5377,5850,6548,7085,7281,7936,8174,8280,8338,9432,9876,9943],[4.42484663185681,0.691153161953081,4.830311739964974,2.7508701982851385,4.607168188650764,4.607168188650764,4.830311739964974,3.7316994512968646,3.914021008090819,4.270695952029551,5.523458920524919,0.691153161953081,4.607168188650764,4.270695952029551,0.6792718340663283,0.691153161953081,4.42484663185681,5.117993812416755,0.691153161953081,3.8187108282864943,2.7508701982851385,4.830311739964974])",0.0
R026,"['somebody', 'street', 'side', 'dark', 'fight.', 'section', 'deal', 'last', 'perhaps', 'seat.', 'experts', 'discuss', 'ongoing', 'developments', 'policy.']","(10000,[697,1259,1268,1433,3089,3614,3684,3989,4506,4687,6944,6968,9462,9781],[4.607168188650764,4.137164559405029,5.523458920524919,4.42484663185681,3.914021008090819,0.6636465161632473,3.7316994512968646,4.137164559405029,0.691153161953081,1.374354027146883,2.7200985396183848,3.914021008090819,0.691153161953081,4.137164559405029])",1.0
R207,"['single', 'leg', 'born.', 'list', 'result', 'campaign', 'success.', 'exactly', 'everything', 'music', 'tree', 'unit', 'decade', 'foot.', 'experts', 'discuss', 'ongoing', 'developments', 'policy.']","(10000,[399,2041,2096,3286,3614,4506,4687,5871,6030,6290,6335,6370,6675,6944,7889,8280,8728,9156,9462],[4.42484663185681,4.607168188650764,4.830311739964974,5.117993812416755,0.6636465161632473,0.691153161953081,0.6871770135734415,4.270695952029551,3.577548771469606,4.42484663185681,3.7316994512968646,4.137164559405029,3.7316994512968646,2.7200985396183848,3.914021008090819,5.117993812416755,3.0811118851557153,4.019381523748645,0.691153161953081])",1.0
F163,"['behavior', 'decide', 'week.', 'music', 'film', 'challenge', 'partner.', '—', 'shocking', 'claims', 'secret', 'cure', 'surface', 'internet.']","(10000,[503,735,2302,3892,4590,5003,5850,5935,6370,6747,7281,7936,8293,8338],[0.691153161953081,3.8187108282864943,5.117993812416755,2.5530444549552183,5.523458920524919,3.914021008090819,0.691153161953081,3.8187108282864943,4.137164559405029,2.5530444549552183,0.6792718340663283,0.691153161953081,4.607168188650764,0.691153161953081])",0.0
F171,"['message', 'true', 'floor', 'smile', 'budget', 'remain.', 'politics', 'trouble', 'network', 'close.', 'capital', 'use', 'protect', 'yeah', 'site.', '—', 'shocking', 'claims', 'government', 'cover-up', 'surface', 'internet.']","(10000,[503,2259,2604,2713,2715,2909,3249,4319,4648,4991,5133,5850,5887,6541,7188,7235,7281,7936,7937,8338,9152,9813],[0.691153161953081,2.849310271098391,4.607168188650764,4.607168188650764,4.137164559405029,4.42484663185681,3.4440173788450834,3.7316994512968646,5.117993812416755,2.60568818844064,4.137164559405029,0.691153161953081,4.270695952029551,4.830311739964974,4.270695952029551,4.270695952029551,0.6792718340663283,0.691153161953081,5.523458920524919,0.691153161953081,4.270695952029551,2.997730276216664])",0.0
F139,"['night', 'worry', 'safe', 'free.', 'choice', 'interesting', 'individual', 'determine', 'form', 'prove.', '—', 'shocking', 'claims', 'immortal', 'jellyfish', 'surface', 'internet.']","(10000,[503,2066,3634,4391,5105,5621,5850,6053,6869,7281,7642,7734,7936,8338,8343,8614,9876],[0.691153161953081,2.7508701982851385,4.270695952029551,4.137164559405029,5.117993812416755,4.270695952029551,0.691153161953081,3.3262343431887,4.42484663185681,0.6792718340663283,4.137164559405029,4.137164559405029,0.691153161953081,0.691153161953081,4.42484663185681,3.8187108282864943,2.7508701982851385])",0.0
F120,"['feel', 'next', 'argue', 'store', 'available', 'including', 'can.', 'read', 'rule', 'discuss', 'entire.', '—', 'shocking', 'claims', 'miracle', 'drug', 'surface', 'internet.']","(10000,[343,503,656,1247,1256,2475,3115,3614,3730,5850,7184,7281,7334,7650,7860,7936,8273,8338],[4.607168188650764,0.691153161953081,4.830311739964974,5.523458920524919,3.125563647726549,4.42484663185681,4.137164559405029,0.6636465161632473,4.830311739964974,0.691153161953081,4.607168188650764,0.6792718340663283,4.137164559405029,4.019381523748645,2.958509563063383,0.691153161953081,4.830311739964974,0.691153161953081])",0.0
F146,"['test', 'personal', 'physical', 'sign', 'author', 'like.', 'trouble', 'first', 'man', 'us', 'investment', 'effect', 'low.', '—', 'shocking', 'claims', 'mind', 'control', 'surface', 'internet.']","(10000,[503,1208,1562,2569,2909,3184,5850,6324,6403,6586,6660,6756,7281,7936,7939,8338,8546,8649,9190,9350],[0.691153161953081,2.849310271098391,4.42484663185681,3.577548771469606,4.42484663185681,2.8844015909096608,0.691153161953081,3.8187108282864943,3.6516567436233283,4.42484663185681,4.270695952029551,3.383392757028649,0.6792718340663283,0.691153161953081,3.6516567436233283,0.691153161953081,5.117993812416755,3.8187108282864943,5.117993812416755,4.270695952029551])",0.0
R115,"['available', 'professor', 'language', 'central', 'physical', 'training.', 'music', 'wide', 'shoulder', 'daughter', 'south', 'home', 'radio.', 'experts', 'discuss', 'ongoing', 'developments', 'research.']","(10000,[1716,2475,2543,2764,2836,3365,3614,4506,4687,4816,6370,6756,7066,7623,8649,8928,9032,9462],[4.270695952029551,4.42484663185681,3.8187108282864943,5.117993812416755,3.8187108282864943,4.019381523748645,0.6636465161632473,0.691153161953081,0.6871770135734415,3.7316994512968646,4.137164559405029,3.383392757028649,2.920769235080536,3.7316994512968646,3.8187108282864943,4.270695952029551,5.523458920524919,0.691153161953081])",1.0
F039,"['college', 'minute', 'mother', 'sense.', 'effort', 'fast', 'cost', 'air', 'beyond', 'practice', 'perhaps.', 'rest', 'sea', 'sometimes', 'along', 'help', 'bit.', '—', 'shocking', 'claims', 'aliens', 'surface', 'internet.']","(10000,[88,353,354,503,650,1595,2708,2840,3357,4280,4490,5441,5726,5850,5869,7281,7936,8057,8338,8900,9263,9347,9617],[4.137164559405029,3.914021008090819,5.117993812416755,0.691153161953081,2.958509563063383,5.523458920524919,3.8187108282864943,4.42484663185681,4.137164559405029,3.914021008090819,3.5085558999826545,5.117993812416755,4.607168188650764,0.691153161953081,4.019381523748645,0.6792718340663283,0.691153161953081,4.270695952029551,0.691153161953081,5.117993812416755,4.137164559405029,4.137164559405029,4.42484663185681])",0.0
F225,"['pull', 'chance', 'meet', 'success', 'trade', 'room', 'discover.', 'attack', 'current', 'everything', 'usually', 'see.', 'meeting', 'trouble.', '—', 'shocking', 'claims', 'hoax', 'surface', 'internet.']","(10000,[20,317,346,419,494,503,1848,2990,4377,5693,5850,6597,6975,7281,7936,8338,9156,9189,9828,9940],[4.270695952029551,4.830311739964974,4.019381523748645,4.607168188650764,4.42484663185681,0.691153161953081,4.830311739964974,4.137164559405029,2.60568818844064,3.914021008090819,0.691153161953081,4.830311739964974,5.523458920524919,0.6792718340663283,0.691153161953081,0.691153161953081,4.019381523748645,3.6516567436233283,4.42484663185681,3.577548771469606])",0.0
F140,"['another', 'together', 'easy', 'feel', 'threat.', 'become', 'field', 'wear', 'federal', 'congress', 'hear', 'open.', 'short', 'trade', 'long', 'wind', 'policy.', '—', 'shocking', 'claims', 'aliens', 'surface', 'internet.']","(10000,[419,503,633,650,760,1262,2558,3115,3475,4842,5850,6581,6944,7074,7090,7281,7381,7936,8166,8312,8338,8728,8904],[4.607168188650764,0.691153161953081,4.270695952029551,2.958509563063383,3.914021008090819,4.42484663185681,4.019381523748645,4.137164559405029,4.607168188650764,3.8187108282864943,0.691153161953081,4.270695952029551,2.7200985396183848,3.2721671219184243,4.830311739964974,0.6792718340663283,4.42484663185681,0.691153161953081,3.7316994512968646,4.019381523748645,0.691153161953081,3.0811118851557153,3.8187108282864943])",0.0
F122,"['nice', 'strong', 'leave', 'size.', 'oil', 'somebody', 'out.', '—', 'shocking', 'claims', 'mind', 'control', 'surface', 'internet.']","(10000,[503,1208,2913,3089,3184,3370,5778,5850,6035,6355,6532,7281,7936,8338],[0.691153161953081,2.849310271098391,3.383392757028649,3.914021008090819,2.8844015909096608,4.270695952029551,5.523458920524919,0.691153161953081,3.914021008090819,4.607168188650764,5.117993812416755,0.6792718340663283,0.691153161953081,0.691153161953081])",0.0
R070,"['two', 'ago', 'quality', 'among.', 'produce', 'start', 'assume', 'spring', 'american', 'year.', 'experts', 'discuss', 'ongoing', 'developments', 'budget', 'report.']","(10000,[1644,1648,1896,2071,2664,2996,3506,3614,4506,4687,4728,4991,5432,7517,7652,9462],[4.019381523748645,4.607168188650764,4.42484663185681,5.117993812416755,3.8187108282864943,3.914021008090819,4.270695952029551,0.6636465161632473,0.691153161953081,0.6871770135734415,3.8187108282864943,2.60568818844064,2.661258039595451,5.523458920524919,3.8187108282864943,0.691153161953081])",1.0
F248,"['energy', 'research', 'customer', 'fish', 'away.', 'senior', 'three', 'agreement', 'forget', 'season.', '—', 'shocking', 'claims', 'celebrity', 'scandal', 'surface', 'internet.']","(10000,[503,1376,1413,3486,4144,4921,5850,5925,6830,7140,7146,7281,7936,8307,8338,8413,9432],[0.691153161953081,4.019381523748645,4.607168188650764,2.849310271098391,4.607168188650764,2.849310271098391,0.691153161953081,4.270695952029551,5.523458920524919,5.117993812416755,4.270695952029551,0.6792718340663283,0.691153161953081,4.137164559405029,0.691153161953081,3.2721671219184243,3.8187108282864943])",0.0
R016,"['lot', 'candidate', 'research', 'ok', 'political', 'politics.', 'example', 'american', 'professional', 'age.', 'experts', 'discuss', 'ongoing', 'developments', 'technology', 'breakthrough.']","(10000,[211,1020,2155,2227,2645,3614,3935,4262,4358,4506,4687,4943,7652,9432,9462,9606],[5.117993812416755,2.503034034380557,4.270695952029551,2.7200985396183848,4.270695952029551,0.6636465161632473,3.8187108282864943,4.830311739964974,4.42484663185681,0.691153161953081,0.6871770135734415,4.42484663185681,3.8187108282864943,3.8187108282864943,0.691153161953081,4.270695952029551])",1.0
R148,"['number', 'air', 'performance', 'listen', 'cut', 'score.', 'modern', 'couple', 'often', 'fine', 'picture.', 'experts', 'discuss', 'ongoing', 'developments', 'technology', 'breakthrough.']","(10000,[7,88,429,1020,1206,2227,2336,2887,3614,4506,4687,6431,7195,7702,8519,9351,9462],[4.270695952029551,4.137164559405029,4.607168188650764,2.503034034380557,4.270695952029551,2.7200985396183848,4.137164559405029,4.830311739964974,0.6636465161632473,0.691153161953081,0.6871770135734415,4.019381523748645,4.830311739964974,5.117993812416755,4.137164559405029,4.607168188650764,0.691153161953081])",1.0
R142,"['consider', 'center', 'beat', 'area', 'like', 'stuff', 'its.', 'general', 'operation', 'road', 'threat.', 'town', 'imagine', 'another', 'claim', 'pattern', 'morning.', 'experts', 'discuss', 'ongoing', 'developments', 'budget', 'report.']","(10000,[312,617,1480,2569,3330,3475,3614,4115,4506,4687,4715,4991,5301,5432,5465,5649,5725,5922,7015,7722,8166,8937,9462],[3.8187108282864943,3.914021008090819,4.137164559405029,3.577548771469606,4.270695952029551,4.607168188650764,0.6636465161632473,4.830311739964974,0.691153161953081,0.6871770135734415,4.270695952029551,2.60568818844064,4.42484663185681,2.661258039595451,4.137164559405029,4.270695952029551,4.270695952029551,4.42484663185681,5.117993812416755,4.019381523748645,3.7316994512968646,4.137164559405029,0.691153161953081])",1.0
F141,"['challenge', 'various', 'hotel', 'special', 'probably', 'defense', 'usually.', 'worker', 'project', 'charge', 'evidence', 'less.', 'stock', 'arrive', 'computer', 'goal', 'indicate.', '—', 'shocking', 'claims', 'miracle', 'drug', 'surface', 'internet.']","(10000,[359,503,793,1055,1256,2054,2230,2297,2663,2676,3543,4528,5089,5850,5935,6647,6652,6812,7281,7391,7860,7936,8151,8338],[5.117993812416755,0.691153161953081,3.8187108282864943,4.607168188650764,3.125563647726549,4.830311739964974,4.607168188650764,4.270695952029551,4.137164559405029,4.607168188650764,3.914021008090819,5.523458920524919,4.270695952029551,0.691153161953081,3.8187108282864943,4.270695952029551,4.607168188650764,3.7316994512968646,0.6792718340663283,4.019381523748645,2.958509563063383,0.691153161953081,4.137164559405029,0.691153161953081])",0.0
R076,"['wish', 'two', 'hotel', 'place', 'base', 'necessary.', 'experts', 'discuss', 'ongoing', 'developments', 'technology', 'breakthrough.']","(10000,[495,1020,1107,2227,2663,3614,4506,4687,4728,6390,8173,9462],[3.8187108282864943,2.503034034380557,4.830311739964974,2.7200985396183848,4.137164559405029,0.6636465161632473,0.691153161953081,0.6871770135734415,3.8187108282864943,4.270695952029551,3.4440173788450834,0.691153161953081])",1.0
R180,"['factor', 'road', 'budget', 'lose.', 'article', 'seek', 'response', 'defense', 'raise', 'simple.', 'experts', 'discuss', 'ongoing', 'developments', 'budget', 'report.']","(10000,[171,1702,2445,3527,3543,3614,4506,4687,4805,4991,5017,5432,5725,9462,9561],[4.019381523748645,4.137164559405029,4.019381523748645,4.019381523748645,3.914021008090819,0.6636465161632473,0.691153161953081,0.6871770135734415,5.117993812416755,5.21137637688128,5.117993812416755,2.661258039595451,4.270695952029551,0.691153161953081,3.914021008090819])",1.0
F126,"['investment', 'easy', 'another', 'board.', 'reflect', 'phone', 'beat', 'industry', 'possible.', 'information', 'budget', 'argue.', '—', 'shocking', 'claims', 'aliens', 'surface', 'internet.']","(10000,[503,650,760,1562,1626,2272,2569,3010,4991,5305,5321,5850,7281,7509,7936,8166,8190,8338],[0.691153161953081,2.958509563063383,3.914021008090819,4.42484663185681,4.137164559405029,5.523458920524919,3.577548771469606,4.019381523748645,2.60568818844064,4.607168188650764,4.607168188650764,0.691153161953081,0.6792718340663283,5.117993812416755,0.691153161953081,3.7316994512968646,3.577548771469606,0.691153161953081])",0.0
R134,"['concern', 'maybe', 'form', 'stay', 'per', 'east', 'guy', 'law.', 'worker', 'create', 'thousand', 'along.', 'experts', 'discuss', 'ongoing', 'developments', 'economic', 'growth.']","(10000,[94,298,433,1404,1766,1968,2676,3614,4506,4687,4818,5621,6576,6798,8538,9034,9144,9462],[4.019381523748645,4.137164559405029,4.019381523748645,4.607168188650764,4.830311739964974,3.914021008090819,4.607168188650764,0.6636465161632473,0.691153161953081,0.6871770135734415,4.830311739964974,4.270695952029551,4.137164559405029,3.3262343431887,5.523458920524919,2.8844015909096608,2.7200985396183848,0.691153161953081])",1.0
F132,"['identify', 'financial', 'accept', 'social', 'citizen.', 'character', 'treatment', 'phone', 'fight', 'network.', '—', 'shocking', 'claims', 'mind', 'control', 'surface', 'internet.']","(10000,[503,823,1208,1626,2174,2526,2657,3184,3967,4867,5850,7281,7407,7515,7936,8015,8338],[0.691153161953081,4.270695952029551,2.849310271098391,4.137164559405029,5.117993812416755,4.019381523748645,3.8187108282864943,2.8844015909096608,4.42484663185681,4.019381523748645,0.691153161953081,0.6792718340663283,3.7316994512968646,5.117993812416755,0.691153161953081,4.42484663185681,0.691153161953081])",0.0
F230,"['law', 'full', 'least', 'someone.', '—', 'shocking', 'claims', 'immortal', 'jellyfish', 'surface', 'internet.']","(10000,[503,1634,2066,3409,3979,5850,7281,7936,8338,8897,9876],[0.691153161953081,4.42484663185681,2.7508701982851385,4.607168188650764,3.914021008090819,0.691153161953081,0.6792718340663283,0.691153161953081,0.691153161953081,4.830311739964974,2.7508701982851385])",0.0
F243,"['beat', 'small.', 'crime', 'thousand', 'role', 'determine', 'along', 'wish', 'soldier.', '—', 'shocking', 'claims', 'aliens', 'surface', 'internet.']","(10000,[495,503,650,731,939,2569,2840,3350,3445,5850,6798,7281,7734,7936,8338],[3.8187108282864943,0.691153161953081,2.958509563063383,4.270695952029551,4.607168188650764,3.577548771469606,4.42484663185681,4.137164559405029,4.830311739964974,0.691153161953081,3.3262343431887,0.6792718340663283,4.137164559405029,0.691153161953081,0.691153161953081])",0.0
R191,"['recent', 'avoid', 'rest', 'high', 'individual', 'purpose.', 'source', 'computer', 'term.', 'generation', 'service', 'statement', 'son', 'factor', 'left', 'throughout.', 'experts', 'discuss', 'ongoing', 'developments', 'budget', 'report.']","(10000,[209,1388,1662,2116,2252,2622,2708,3614,4506,4687,4991,5432,5591,6533,6963,7721,8151,8614,8734,9462,9561,9817],[4.607168188650764,3.7316994512968646,4.830311739964974,3.7316994512968646,4.42484663185681,5.523458920524919,3.8187108282864943,0.6636465161632473,0.691153161953081,0.6871770135734415,2.60568818844064,2.661258039595451,3.7316994512968646,5.117993812416755,4.137164559405029,4.137164559405029,4.137164559405029,3.8187108282864943,5.523458920524919,0.691153161953081,3.914021008090819,3.5085558999826545])",1.0
R130,"['energy', 'offer', 'notice', 'series', 'order.', 'product', 'child', 'mention', 'choose.', 'former', 'describe', 'organization', 'spend', 'mr', 'free.', 'experts', 'discuss', 'ongoing', 'developments', 'public', 'health.']","(10000,[353,447,1364,1525,1770,2647,2907,2958,3614,4160,4333,4391,4463,4506,4687,5564,6219,7085,7244,8307,9462],[3.914021008090819,4.270695952029551,3.914021008090819,4.42484663185681,2.849310271098391,4.607168188650764,4.42484663185681,4.270695952029551,0.6636465161632473,3.8187108282864943,5.117993812416755,4.137164559405029,5.117993812416755,0.691153161953081,0.6871770135734415,4.607168188650764,3.0385522707369192,4.270695952029551,3.5085558999826545,4.137164559405029,0.691153161953081])",1.0
F081,"['able', 'none', 'cover', 'look', 'quality.', 'story', 'class', 'push', 'medical.', 'fish', 'send', 'among', 'media', 'far', 'fund', 'respond.', '—', 'shocking', 'claims', 'mind', 'control', 'surface', 'internet.']","(10000,[503,1208,1209,1376,2589,3184,3496,3916,4007,4158,4638,5523,5850,5978,6104,6855,7281,7362,7936,8338,9210,9831,9939],[0.691153161953081,2.849310271098391,4.270695952029551,4.019381523748645,3.6516567436233283,2.8844015909096608,4.019381523748645,5.117993812416755,4.019381523748645,3.6516567436233283,4.607168188650764,4.42484663185681,0.691153161953081,4.270695952029551,4.42484663185681,4.019381523748645,0.6792718340663283,4.42484663185681,0.691153161953081,0.691153161953081,5.117993812416755,4.019381523748645,4.607168188650764])",0.0
R209,"['action', 'effort', 'offer', 'public', 'successful', 'southern.', 'wind', 'kid', 'phone', 'soldier', 'several', 'rock.', 'sign', 'paper', 'home', 'none.', 'experts', 'discuss', 'ongoing', 'developments', 'technology', 'breakthrough.']","(10000,[1020,1417,1626,1770,2227,2558,2958,3365,3614,3723,4141,4506,4687,5659,5726,5760,6633,6756,8690,9227,9296,9462],[2.503034034380557,4.137164559405029,4.137164559405029,2.849310271098391,2.7200985396183848,4.019381523748645,4.270695952029551,4.019381523748645,0.6636465161632473,4.137164559405029,4.270695952029551,0.691153161953081,0.6871770135734415,3.914021008090819,4.607168188650764,5.117993812416755,3.914021008090819,3.383392757028649,4.019381523748645,4.270695952029551,5.117993812416755,0.691153161953081])",1.0
F228,"['season', 'court', 'wall', 'keep', 'win.', 'top', 'instead', 'start.', '—', 'shocking', 'claims', 'hoax', 'surface', 'internet.']","(10000,[503,2358,4377,4527,4568,5328,5850,6404,6436,7281,7936,8049,8338,9594],[0.691153161953081,4.42484663185681,2.60568818844064,3.914021008090819,4.42484663185681,3.914021008090819,0.691153161953081,3.8187108282864943,5.117993812416755,0.6792718340663283,0.691153161953081,5.523458920524919,0.691153161953081,3.7316994512968646])",0.0
R030,"['option', 'care', 'pick', 'across', 'thus.', 'husband', 'green', 'leave', 'huge', 'while.', 'successful', 'yes', 'reflect', 'pick', 'exactly', 'drug.', 'experts', 'discuss', 'ongoing', 'developments', 'budget', 'report.']","(10000,[551,2096,2198,2849,2913,3614,3980,4506,4687,4991,5044,5310,5321,5432,5659,7074,7208,7372,8391,9462,9613],[4.42484663185681,4.830311739964974,4.42484663185681,4.830311739964974,3.383392757028649,0.6636465161632473,5.117993812416755,0.691153161953081,0.6871770135734415,2.60568818844064,3.914021008090819,4.42484663185681,4.607168188650764,2.661258039595451,3.914021008090819,3.2721671219184243,4.42484663185681,8.274329118810059,4.42484663185681,0.691153161953081,4.607168188650764])",1.0
R214,"['ground', 'feel', 'music', 'cup', 'house', 'mrs.', 'cell', 'west', 'total', 'company', 'notice', 'step', 'wall.', 'experts', 'discuss', 'ongoing', 'developments', 'education.']","(10000,[641,942,1525,1558,3059,3072,3115,3210,3614,4506,4687,5047,5085,5836,6279,6370,6487,9462],[5.523458920524919,4.270695952029551,4.42484663185681,4.137164559405029,4.607168188650764,5.523458920524919,4.137164559405029,4.830311739964974,0.6636465161632473,0.691153161953081,0.6871770135734415,2.60568818844064,3.914021008090819,4.42484663185681,3.7316994512968646,4.137164559405029,3.383392757028649,0.691153161953081])",1.0
R175,"['person', 'view', 'level', 'seek', 'day', 'itself.', 'big', 'free', 'behind', 'federal', 'charge', 'so.', 'experts', 'discuss', 'ongoing', 'developments', 'economic', 'growth.']","(10000,[171,633,1073,1499,1783,2862,3048,3249,3614,4346,4506,4687,6812,7293,9034,9133,9144,9462],[4.019381523748645,4.270695952029551,4.42484663185681,3.4440173788450834,5.523458920524919,5.117993812416755,3.914021008090819,3.4440173788450834,0.6636465161632473,4.137164559405029,0.691153161953081,0.6871770135734415,3.7316994512968646,5.117993812416755,2.8844015909096608,4.42484663185681,2.7200985396183848,0.691153161953081])",1.0
